customerID,tenure,Contract,InternetService,MonthlyCharges,churn_probability,risk_tier
5150-ITWWB,3,Month-to-month,Fiber optic,94.85,78.9,🔴 High risk
6350-XFYGW,4,Month-to-month,Fiber optic,94.75,78.4,🔴 High risk
2545-EBUPK,2,Month-to-month,Fiber optic,84.05,78.2,🔴 High risk
2880-FPNAE,2,Month-to-month,Fiber optic,74.2,77.8,🔴 High risk
6630-UJZMY,4,Month-to-month,Fiber optic,83.25,77.6,🔴 High risk
0021-IKXGC,1,Month-to-month,Fiber optic,72.1,77.6,🔴 High risk
3878-AVSOQ,1,Month-to-month,Fiber optic,71.25,77.5,🔴 High risk
9605-WGJVW,1,Month-to-month,Fiber optic,70.2,77.4,🔴 High risk
9603-OAIHC,1,Month-to-month,Fiber optic,70.05,77.4,🔴 High risk
9799-CAYJJ,2,Month-to-month,Fiber optic,69.3,77.4,🔴 High risk
4847-TAJYI,6,Month-to-month,Fiber optic,89.35,76.9,🔴 High risk
0187-QSXOE,7,Month-to-month,Fiber optic,89.0,76.8,🔴 High risk
4395-PZMSN,5,Month-to-month,Fiber optic,85.55,76.7,🔴 High risk
8242-SOQUO,5,Month-to-month,Fiber optic,84.7,76.6,🔴 High risk
4927-WWOOZ,2,Month-to-month,Fiber optic,91.45,76.3,🔴 High risk
7044-YAACC,4,Month-to-month,Fiber optic,70.2,76.3,🔴 High risk
9957-YODKZ,6,Month-to-month,Fiber optic,80.8,76.2,🔴 High risk
1197-BVMVG,4,Month-to-month,Fiber optic,74.45,76.1,🔴 High risk
4115-NZRKS,7,Month-to-month,Fiber optic,89.15,76.0,🔴 High risk
7577-SWIFR,1,Month-to-month,Fiber optic,89.25,76.0,🔴 High risk
0644-OQMDK,4,Month-to-month,Fiber optic,70.65,75.8,🔴 High risk
2123-AGEEN,7,Month-to-month,Fiber optic,84.35,75.7,🔴 High risk
6229-LSCKB,6,Month-to-month,Fiber optic,79.7,75.7,🔴 High risk
2799-ARNLO,5,Month-to-month,Fiber optic,69.35,75.6,🔴 High risk
1628-BIZYP,1,Month-to-month,Fiber optic,85.0,75.5,🔴 High risk
4912-PIGUY,1,Month-to-month,Fiber optic,84.6,75.5,🔴 High risk
4884-ZTHVF,8,Month-to-month,Fiber optic,87.1,75.5,🔴 High risk
6969-MVBAI,9,Month-to-month,Fiber optic,90.1,75.4,🔴 High risk
3489-HHPFY,2,Month-to-month,Fiber optic,84.05,75.4,🔴 High risk
2077-MPJQO,7,Month-to-month,Fiber optic,75.4,75.2,🔴 High risk
3318-NMQXL,3,Month-to-month,Fiber optic,92.0,75.2,🔴 High risk
7439-DKZTW,1,Month-to-month,Fiber optic,80.55,75.1,🔴 High risk
9334-GWGOW,7,Month-to-month,Fiber optic,74.85,74.9,🔴 High risk
1452-VOQCH,1,Month-to-month,Fiber optic,75.1,74.6,🔴 High risk
4234-XTNEA,2,Month-to-month,Fiber optic,79.95,74.6,🔴 High risk
3422-GALYP,2,Month-to-month,Fiber optic,79.45,74.4,🔴 High risk
9290-SHCMB,13,Month-to-month,Fiber optic,96.85,74.2,🔴 High risk
7465-ZZRVX,1,Month-to-month,Fiber optic,70.35,74.1,🔴 High risk
5542-TBBWB,1,Month-to-month,Fiber optic,69.9,74.1,🔴 High risk
8622-ZLFKO,6,Month-to-month,Fiber optic,90.75,74.1,🔴 High risk
7321-VGNKU,2,Month-to-month,Fiber optic,70.35,74.1,🔴 High risk
1640-PLFMP,1,Month-to-month,Fiber optic,70.25,74.1,🔴 High risk
2789-HQBOU,3,Month-to-month,Fiber optic,80.35,74.0,🔴 High risk
4770-UEZOX,2,Month-to-month,Fiber optic,74.75,73.9,🔴 High risk
6357-JJPQT,3,Month-to-month,Fiber optic,80.5,73.9,🔴 High risk
2688-BHGOG,9,Month-to-month,Fiber optic,79.55,73.9,🔴 High risk
8161-QYMTT,7,Month-to-month,Fiber optic,94.1,73.6,🔴 High risk
3462-BJQQA,6,Month-to-month,Fiber optic,89.75,73.5,🔴 High risk
9717-QEBGU,2,Month-to-month,Fiber optic,70.3,73.5,🔴 High risk
2897-DOVND,2,Month-to-month,Fiber optic,69.8,73.5,🔴 High risk
7394-LWLYN,2,Month-to-month,Fiber optic,70.15,73.4,🔴 High risk
4482-EWFMI,2,Month-to-month,Fiber optic,69.7,73.4,🔴 High risk
3629-ZNKXA,17,Month-to-month,Fiber optic,101.8,73.3,🔴 High risk
4090-KPJIP,3,Month-to-month,Fiber optic,74.95,73.3,🔴 High risk
8739-XNIKG,5,Month-to-month,Fiber optic,84.0,73.3,🔴 High risk
3320-VEOYC,14,Month-to-month,Fiber optic,95.6,73.3,🔴 High risk
1016-DJTSV,8,Month-to-month,Fiber optic,69.7,73.2,🔴 High risk
6860-YRJZP,9,Month-to-month,Fiber optic,74.05,73.2,🔴 High risk
6583-KQJLK,15,Month-to-month,Fiber optic,94.65,73.0,🔴 High risk
9633-XQABV,3,Month-to-month,Fiber optic,70.25,72.9,🔴 High risk
4749-OJKQU,4,Month-to-month,Fiber optic,75.65,72.8,🔴 High risk
7245-NIIWQ,3,Month-to-month,Fiber optic,69.85,72.7,🔴 High risk
6077-BDPXA,3,Month-to-month,Fiber optic,70.15,72.7,🔴 High risk
5288-AHOUP,11,Month-to-month,Fiber optic,78.5,72.6,🔴 High risk
9402-ORRAH,15,Month-to-month,Fiber optic,91.5,72.5,🔴 High risk
1960-UYCNN,10,Month-to-month,Fiber optic,95.25,72.4,🔴 High risk
7225-CBZPL,17,Month-to-month,Fiber optic,94.8,72.4,🔴 High risk
7668-XCFYV,17,Month-to-month,Fiber optic,92.55,72.4,🔴 High risk
7206-PQBBZ,11,Month-to-month,Fiber optic,70.2,72.3,🔴 High risk
5956-YHHRX,21,Month-to-month,Fiber optic,104.35,72.2,🔴 High risk
8087-LGYHQ,9,Month-to-month,Fiber optic,94.05,72.2,🔴 High risk
1941-HOSAM,1,Month-to-month,Fiber optic,90.1,72.2,🔴 High risk
0018-NYROU,5,Month-to-month,Fiber optic,68.95,72.1,🔴 High risk
5399-ZIMKF,5,Month-to-month,Fiber optic,74.65,72.1,🔴 High risk
5935-FCCNB,17,Month-to-month,Fiber optic,94.2,71.8,🔴 High risk
3452-GWUIN,19,Month-to-month,Fiber optic,94.95,71.4,🔴 High risk
4273-MBHYA,1,Month-to-month,Fiber optic,89.35,71.4,🔴 High risk
2018-QKYGT,1,Month-to-month,Fiber optic,81.05,71.3,🔴 High risk
7363-QTBIW,9,Month-to-month,Fiber optic,79.75,71.3,🔴 High risk
2215-ZAFGX,9,Month-to-month,Fiber optic,85.5,71.2,🔴 High risk
4929-XIHVW,2,Month-to-month,Fiber optic,95.5,71.2,🔴 High risk
0840-DFEZH,7,Month-to-month,Fiber optic,75.35,71.1,🔴 High risk
8325-QRPZR,7,Month-to-month,Fiber optic,75.15,70.9,🔴 High risk
3453-RTHJQ,6,Month-to-month,Fiber optic,69.1,70.8,🔴 High risk
8775-ERLNB,1,Month-to-month,Fiber optic,74.3,70.7,🔴 High risk
1475-VWVDO,7,Month-to-month,Fiber optic,74.9,70.7,🔴 High risk
8107-KNCIM,14,Month-to-month,Fiber optic,75.1,70.6,🔴 High risk
1173-XZPYF,11,Month-to-month,Fiber optic,89.2,70.6,🔴 High risk
0365-BZUWY,17,Month-to-month,Fiber optic,102.55,70.4,🔴 High risk
5995-SNNEW,23,Month-to-month,Fiber optic,104.45,70.4,🔴 High risk
4291-SHSBH,7,Month-to-month,Fiber optic,69.55,70.3,🔴 High risk
8309-IEYJD,1,Month-to-month,Fiber optic,70.6,70.2,🔴 High risk
8541-QVFKM,8,Month-to-month,Fiber optic,73.5,70.2,🔴 High risk
3199-XGZCY,8,Month-to-month,Fiber optic,75.25,70.1,🔴 High risk
3191-CSNMG,3,Month-to-month,Fiber optic,80.7,70.0,🔴 High risk
3030-YDNRM,8,Month-to-month,Fiber optic,74.85,70.0,🔴 High risk
5429-LWCMV,12,Month-to-month,Fiber optic,89.15,69.9,🟡 Medium risk
7354-OIJLX,9,Month-to-month,Fiber optic,75.85,69.9,🟡 Medium risk
6407-UTSLV,2,Month-to-month,Fiber optic,83.8,69.9,🟡 Medium risk
3295-YVUSR,2,Month-to-month,Fiber optic,72.6,69.8,🟡 Medium risk
9094-AZPHK,15,Month-to-month,Fiber optic,100.15,69.8,🟡 Medium risk
7858-GTZSP,12,Month-to-month,Fiber optic,86.55,69.7,🟡 Medium risk
5928-QLDHB,9,Month-to-month,Fiber optic,76.25,69.7,🟡 Medium risk
1219-NNDDO,9,Month-to-month,Fiber optic,76.85,69.7,🟡 Medium risk
6986-IXNDM,14,Month-to-month,Fiber optic,92.9,69.7,🟡 Medium risk
5348-CAGXB,12,Month-to-month,Fiber optic,89.55,69.7,🟡 Medium risk
6339-YPSAH,9,Month-to-month,Fiber optic,73.8,69.6,🟡 Medium risk
0916-QOFDP,14,Month-to-month,Fiber optic,95.8,69.6,🟡 Medium risk
0508-OOLTO,2,Month-to-month,Fiber optic,71.65,69.5,🟡 Medium risk
5119-NZPTV,2,Month-to-month,Fiber optic,70.1,69.5,🟡 Medium risk
3292-PBZEJ,11,Month-to-month,Fiber optic,111.4,69.4,🟡 Medium risk
2876-GZYZC,13,Month-to-month,Fiber optic,85.95,69.3,🟡 Medium risk
7517-LDMPS,12,Month-to-month,Fiber optic,84.6,69.2,🟡 Medium risk
1226-IENZN,16,Month-to-month,Fiber optic,78.75,69.2,🟡 Medium risk
2081-VEYEH,3,Month-to-month,Fiber optic,107.95,69.1,🟡 Medium risk
3411-WLRSQ,3,Month-to-month,Fiber optic,74.6,69.0,🟡 Medium risk
9208-OLGAQ,18,Month-to-month,Fiber optic,84.95,69.0,🟡 Medium risk
5168-MSWXT,8,Month-to-month,Fiber optic,94.75,68.9,🟡 Medium risk
1393-IMKZG,1,Month-to-month,Fiber optic,95.85,68.8,🟡 Medium risk
8270-RKSAP,9,Month-to-month,Fiber optic,70.5,68.7,🟡 Medium risk
6507-ZJSUR,23,Month-to-month,Fiber optic,90.45,68.6,🟡 Medium risk
0455-XFASS,3,Month-to-month,Fiber optic,69.55,68.6,🟡 Medium risk
4559-UWIHT,14,Month-to-month,Fiber optic,82.65,68.5,🟡 Medium risk
6786-OBWQR,5,Month-to-month,Fiber optic,80.85,68.5,🟡 Medium risk
8875-AKBYH,20,Month-to-month,Fiber optic,84.35,68.4,🟡 Medium risk
4854-CIDCF,3,Month-to-month,Fiber optic,73.85,68.4,🟡 Medium risk
1508-DFXCU,12,Month-to-month,Fiber optic,81.45,68.3,🟡 Medium risk
3096-GKWEB,18,Month-to-month,Fiber optic,94.75,68.2,🟡 Medium risk
7398-SKNQZ,3,Month-to-month,Fiber optic,94.9,67.9,🟡 Medium risk
0581-BXBUB,4,Month-to-month,Fiber optic,72.75,67.8,🟡 Medium risk
7145-FEJWU,12,Month-to-month,Fiber optic,105.3,67.8,🟡 Medium risk
7392-YYPYJ,22,Month-to-month,Fiber optic,100.65,67.7,🟡 Medium risk
4612-SSVHJ,20,Month-to-month,Fiber optic,81.45,67.7,🟡 Medium risk
3420-ZDBMA,5,Month-to-month,Fiber optic,71.45,67.7,🟡 Medium risk
3317-VLGQT,14,Month-to-month,Fiber optic,78.1,67.7,🟡 Medium risk
0928-XUTSN,13,Month-to-month,Fiber optic,80.5,67.6,🟡 Medium risk
0480-BIXDE,19,Month-to-month,Fiber optic,96.8,67.6,🟡 Medium risk
6734-GMPVK,5,Month-to-month,Fiber optic,105.3,67.6,🟡 Medium risk
0650-BWOZN,18,Month-to-month,Fiber optic,73.55,67.3,🟡 Medium risk
2254-DLXRI,1,Month-to-month,Fiber optic,79.15,67.3,🟡 Medium risk
2984-AFWNC,3,Month-to-month,Fiber optic,95.4,67.3,🟡 Medium risk
3223-DWFIO,4,Month-to-month,Fiber optic,69.35,67.2,🟡 Medium risk
2107-FBPTK,30,Month-to-month,Fiber optic,104.1,67.1,🟡 Medium risk
6705-LXORM,5,Month-to-month,Fiber optic,70.05,67.1,🟡 Medium risk
2657-VPXTA,10,Month-to-month,Fiber optic,88.85,67.0,🟡 Medium risk
0439-IFYUN,18,Month-to-month,Fiber optic,74.7,67.0,🟡 Medium risk
1200-TUZHR,8,Month-to-month,Fiber optic,85.2,66.9,🟡 Medium risk
1251-STYSZ,4,Month-to-month,Fiber optic,80.25,66.9,🟡 Medium risk
5989-PGKJB,16,Month-to-month,Fiber optic,86.25,66.8,🟡 Medium risk
0258-NOKBL,3,Month-to-month,Fiber optic,90.4,66.6,🟡 Medium risk
7402-EYFXX,26,Month-to-month,Fiber optic,93.6,66.4,🟡 Medium risk
4566-NECEV,5,Month-to-month,Fiber optic,96.55,66.4,🟡 Medium risk
5032-MIYKT,1,Month-to-month,Fiber optic,70.7,66.3,🟡 Medium risk
9919-KNPOO,21,Month-to-month,Fiber optic,94.3,66.3,🟡 Medium risk
9617-INGJY,1,Month-to-month,Fiber optic,70.6,66.3,🟡 Medium risk
8313-NDOIA,24,Month-to-month,Fiber optic,104.15,66.3,🟡 Medium risk
7326-RIGQZ,6,Month-to-month,Fiber optic,69.8,66.3,🟡 Medium risk
8266-VBFQL,4,Month-to-month,Fiber optic,90.4,66.3,🟡 Medium risk
3427-GGZZI,19,Month-to-month,Fiber optic,89.1,66.1,🟡 Medium risk
0722-SVSFK,7,Month-to-month,Fiber optic,100.4,66.1,🟡 Medium risk
5043-TRZWM,1,Month-to-month,Fiber optic,75.55,66.1,🟡 Medium risk
9506-UXUSK,13,Month-to-month,Fiber optic,70.15,66.1,🟡 Medium risk
6856-RAURS,2,Month-to-month,Fiber optic,74.9,66.0,🟡 Medium risk
9840-EFJQB,1,Month-to-month,Fiber optic,74.35,66.0,🟡 Medium risk
3420-YJLQT,2,Month-to-month,Fiber optic,79.55,65.9,🟡 Medium risk
0225-ZORZP,3,Month-to-month,Fiber optic,84.3,65.8,🟡 Medium risk
5382-SOYZL,22,Month-to-month,Fiber optic,95.1,65.7,🟡 Medium risk
5091-HFAZW,2,Month-to-month,Fiber optic,91.15,65.6,🟡 Medium risk
4301-VVZKA,16,Month-to-month,Fiber optic,75.4,65.5,🟡 Medium risk
2800-VEQXM,3,Month-to-month,Fiber optic,74.75,65.5,🟡 Medium risk
0168-XZKBB,19,Month-to-month,Fiber optic,86.85,65.5,🟡 Medium risk
2674-MIAHT,4,Month-to-month,Fiber optic,80.3,65.5,🟡 Medium risk
2262-SLNVK,1,Month-to-month,Fiber optic,70.1,65.5,🟡 Medium risk
2985-FMWYF,23,Month-to-month,Fiber optic,93.5,65.4,🟡 Medium risk
2135-DQWAQ,5,Month-to-month,Fiber optic,85.3,65.4,🟡 Medium risk
7278-CKDNC,24,Month-to-month,Fiber optic,80.5,65.4,🟡 Medium risk
2080-GKCWQ,2,Month-to-month,Fiber optic,74.95,65.4,🟡 Medium risk
5701-YVSVF,11,Month-to-month,Fiber optic,82.9,65.4,🟡 Medium risk
3365-SAIGS,17,Month-to-month,Fiber optic,83.55,65.3,🟡 Medium risk
2038-OEQZH,4,Month-to-month,Fiber optic,86.05,65.2,🟡 Medium risk
1077-HUUJM,7,Month-to-month,Fiber optic,71.05,65.1,🟡 Medium risk
3370-HXOPH,3,Month-to-month,Fiber optic,76.1,65.0,🟡 Medium risk
8132-YPVBX,6,Month-to-month,Fiber optic,85.95,64.9,🟡 Medium risk
4029-HPFVY,3,Month-to-month,Fiber optic,70.3,64.9,🟡 Medium risk
4060-LDNLU,7,Month-to-month,Fiber optic,96.2,64.9,🟡 Medium risk
4813-HQMGZ,8,Month-to-month,Fiber optic,90.25,64.8,🟡 Medium risk
1658-TJVOA,6,Month-to-month,Fiber optic,74.1,64.8,🟡 Medium risk
5442-BHQNG,2,Month-to-month,Fiber optic,70.35,64.8,🟡 Medium risk
8035-PWSEV,6,Month-to-month,Fiber optic,89.25,64.7,🟡 Medium risk
4983-CCWMC,3,Month-to-month,Fiber optic,69.6,64.7,🟡 Medium risk
6435-SRWBJ,5,Month-to-month,Fiber optic,82.75,64.7,🟡 Medium risk
9696-RMYBA,5,Month-to-month,Fiber optic,80.1,64.7,🟡 Medium risk
7823-JSOAG,3,Month-to-month,Fiber optic,74.5,64.6,🟡 Medium risk
4480-QQRHC,8,Month-to-month,Fiber optic,74.05,64.6,🟡 Medium risk
4583-PARNH,16,Month-to-month,Fiber optic,91.55,64.5,🟡 Medium risk
4183-MYFRB,21,Month-to-month,Fiber optic,90.05,64.5,🟡 Medium risk
2905-KFQUV,2,Month-to-month,Fiber optic,70.4,64.4,🟡 Medium risk
2371-JQHZZ,24,Month-to-month,Fiber optic,93.0,64.4,🟡 Medium risk
6923-JHPMP,2,Month-to-month,Fiber optic,80.45,64.2,🟡 Medium risk
9360-OMDZZ,24,Month-to-month,Fiber optic,94.1,64.2,🟡 Medium risk
3496-LFSZU,4,Month-to-month,Fiber optic,70.5,64.2,🟡 Medium risk
4853-OITSN,5,Month-to-month,Fiber optic,89.15,64.1,🟡 Medium risk
6918-UMQCG,5,Month-to-month,Fiber optic,80.2,63.9,🟡 Medium risk
4450-DLLMH,2,Month-to-month,Fiber optic,71.3,63.7,🟡 Medium risk
1379-FRVEB,15,Month-to-month,Fiber optic,91.0,63.7,🟡 Medium risk
6851-WEFYX,35,Month-to-month,Fiber optic,100.8,63.7,🟡 Medium risk
8714-CTZJW,4,Month-to-month,Fiber optic,82.85,63.7,🟡 Medium risk
2439-LYPMQ,38,Month-to-month,Fiber optic,102.6,63.7,🟡 Medium risk
8800-JOOCF,12,Month-to-month,Fiber optic,84.05,63.6,🟡 Medium risk
9314-IJWSQ,14,Month-to-month,Fiber optic,84.8,63.6,🟡 Medium risk
0674-DGMAQ,32,Month-to-month,Fiber optic,93.5,63.6,🟡 Medium risk
9903-LYSAB,18,Month-to-month,Fiber optic,73.15,63.6,🟡 Medium risk
6267-DCFFZ,30,Month-to-month,Fiber optic,90.05,63.5,🟡 Medium risk
6198-ZFIOJ,5,Month-to-month,Fiber optic,75.6,63.4,🟡 Medium risk
4445-ZJNMU,9,Month-to-month,Fiber optic,99.3,63.3,🟡 Medium risk
4633-MKHYU,9,Month-to-month,Fiber optic,88.4,63.3,🟡 Medium risk
8617-ENBDS,3,Month-to-month,Fiber optic,73.6,63.3,🟡 Medium risk
9796-BPKIW,8,Month-to-month,Fiber optic,69.95,63.2,🟡 Medium risk
5937-EORGB,15,Month-to-month,Fiber optic,96.5,63.2,🟡 Medium risk
7801-KICAO,18,Month-to-month,Fiber optic,74.15,63.2,🟡 Medium risk
5628-FCGYG,21,Month-to-month,Fiber optic,84.1,63.1,🟡 Medium risk
9432-VOFYX,17,Month-to-month,Fiber optic,70.8,63.1,🟡 Medium risk
3904-UKFRE,4,Month-to-month,Fiber optic,80.1,63.0,🟡 Medium risk
0793-TWELN,4,Month-to-month,Fiber optic,80.15,62.9,🟡 Medium risk
8873-GLDMH,6,Month-to-month,Fiber optic,73.85,62.9,🟡 Medium risk
2325-NBPZG,3,Month-to-month,Fiber optic,74.55,62.9,🟡 Medium risk
7994-UYIVZ,8,Month-to-month,Fiber optic,85.65,62.9,🟡 Medium risk
1307-ATKGB,24,Month-to-month,Fiber optic,89.55,62.9,🟡 Medium risk
5692-ICXLW,31,Month-to-month,Fiber optic,90.7,62.9,🟡 Medium risk
3001-UNBTL,29,Month-to-month,Fiber optic,103.95,62.8,🟡 Medium risk
4298-OYIFC,15,Month-to-month,Fiber optic,103.45,62.8,🟡 Medium risk
5117-IFGPS,29,Month-to-month,Fiber optic,84.3,62.5,🟡 Medium risk
9355-NPPFS,26,Month-to-month,Fiber optic,78.8,62.5,🟡 Medium risk
9093-FPDLG,11,Month-to-month,Fiber optic,94.2,62.5,🟡 Medium risk
6030-REHUX,28,Month-to-month,Fiber optic,110.85,62.5,🟡 Medium risk
1689-YQBYY,12,Month-to-month,Fiber optic,76.6,62.4,🟡 Medium risk
5271-DBYSJ,11,Month-to-month,Fiber optic,79.15,62.3,🟡 Medium risk
0224-RLWWD,2,Month-to-month,DSL,44.3,62.3,🟡 Medium risk
1769-GRUIK,18,Month-to-month,Fiber optic,71.1,62.2,🟡 Medium risk
7924-GJZFI,25,Month-to-month,Fiber optic,69.3,62.2,🟡 Medium risk
3338-CVVEH,12,Month-to-month,Fiber optic,94.55,62.0,🟡 Medium risk
8630-FJLIB,18,Month-to-month,Fiber optic,69.8,61.9,🟡 Medium risk
5216-WASFJ,31,Month-to-month,Fiber optic,84.85,61.8,🟡 Medium risk
0958-YHXGP,7,Month-to-month,Fiber optic,69.9,61.8,🟡 Medium risk
4059-IIEBK,7,Month-to-month,Fiber optic,78.55,61.7,🟡 Medium risk
2603-HVKCG,31,Month-to-month,Fiber optic,101.4,61.7,🟡 Medium risk
9050-IKDZA,2,Month-to-month,Fiber optic,81.5,61.7,🟡 Medium risk
0420-HLGXF,39,Month-to-month,Fiber optic,99.75,61.6,🟡 Medium risk
2809-ZMYOQ,32,Month-to-month,Fiber optic,101.35,61.6,🟡 Medium risk
4123-DVHPH,9,Month-to-month,Fiber optic,88.05,61.6,🟡 Medium risk
5760-FXFVO,6,Month-to-month,Fiber optic,78.95,61.4,🟡 Medium risk
6137-NICCO,6,Month-to-month,Fiber optic,94.05,61.3,🟡 Medium risk
9121-PHQSR,16,Month-to-month,Fiber optic,85.05,61.3,🟡 Medium risk
6496-JDSSB,8,Month-to-month,Fiber optic,80.0,61.2,🟡 Medium risk
7351-KYHQH,7,Month-to-month,DSL,64.95,61.2,🟡 Medium risk
2424-WVHPL,1,Month-to-month,Fiber optic,74.7,61.1,🟡 Medium risk
5044-LRQAQ,7,Month-to-month,Fiber optic,69.2,61.1,🟡 Medium risk
9643-AVVWI,3,Month-to-month,Fiber optic,80.0,61.0,🟡 Medium risk
5599-HVLTW,14,Month-to-month,Fiber optic,80.35,61.0,🟡 Medium risk
0570-BFQHT,9,Month-to-month,Fiber optic,80.55,60.8,🟡 Medium risk
9365-SRSZE,27,Month-to-month,Fiber optic,70.55,60.8,🟡 Medium risk
0491-KAPQG,21,Month-to-month,Fiber optic,73.7,60.8,🟡 Medium risk
2959-FENLU,9,Month-to-month,Fiber optic,85.3,60.8,🟡 Medium risk
8584-KMVXD,8,Month-to-month,Fiber optic,75.6,60.7,🟡 Medium risk
1104-TNLZA,28,Month-to-month,Fiber optic,105.8,60.7,🟡 Medium risk
5652-MSDEY,10,Month-to-month,Fiber optic,75.75,60.6,🟡 Medium risk
5605-IYGFG,7,Month-to-month,Fiber optic,69.85,60.6,🟡 Medium risk
3855-ONCAR,4,Month-to-month,Fiber optic,78.9,60.5,🟡 Medium risk
8224-DWCKX,12,Month-to-month,Fiber optic,73.3,60.4,🟡 Medium risk
8118-TJAFG,9,Month-to-month,Fiber optic,101.5,60.4,🟡 Medium risk
1641-RQDAY,32,Month-to-month,Fiber optic,100.4,60.4,🟡 Medium risk
6116-RFVHN,34,Month-to-month,Fiber optic,100.45,60.4,🟡 Medium risk
9773-PEQBZ,10,Month-to-month,Fiber optic,79.85,60.4,🟡 Medium risk
5501-TVMGM,1,Month-to-month,DSL,55.25,60.3,🟡 Medium risk
9822-OAOVB,1,Month-to-month,DSL,55.45,60.3,🟡 Medium risk
2080-CAZNM,41,Month-to-month,Fiber optic,104.4,60.3,🟡 Medium risk
1078-TDCRN,3,Month-to-month,DSL,30.75,60.3,🟡 Medium risk
0315-LVCRK,11,Month-to-month,Fiber optic,84.8,60.3,🟡 Medium risk
9279-CJEOJ,21,Month-to-month,Fiber optic,95.4,60.2,🟡 Medium risk
5760-IFJOZ,3,Month-to-month,Fiber optic,107.95,60.2,🟡 Medium risk
8709-KRDVL,33,Month-to-month,Fiber optic,100.0,60.2,🟡 Medium risk
0674-EYYZV,1,Month-to-month,DSL,54.65,60.2,🟡 Medium risk
3966-HRMZA,3,Month-to-month,Fiber optic,75.05,60.0,🟡 Medium risk
5035-BVCXS,11,Month-to-month,Fiber optic,75.9,59.9,🟡 Medium risk
6778-YSNIH,2,Month-to-month,DSL,59.0,59.9,🟡 Medium risk
5899-OUVKV,31,Month-to-month,Fiber optic,94.5,59.9,🟡 Medium risk
4299-SIMNS,9,Month-to-month,Fiber optic,81.15,59.8,🟡 Medium risk
8356-WUAOJ,1,Month-to-month,DSL,45.0,59.8,🟡 Medium risk
5226-NOZFC,26,Month-to-month,Fiber optic,85.75,59.8,🟡 Medium risk
7855-DIWPO,21,Month-to-month,Fiber optic,68.65,59.8,🟡 Medium risk
9494-MRNYX,10,Month-to-month,Fiber optic,75.05,59.7,🟡 Medium risk
2740-TVLFN,1,Month-to-month,DSL,50.15,59.6,🟡 Medium risk
2920-RNCEZ,1,Month-to-month,Fiber optic,69.95,59.6,🟡 Medium risk
0248-IPDFW,1,Month-to-month,DSL,50.1,59.6,🟡 Medium risk
6215-NQCPY,15,Month-to-month,Fiber optic,99.7,59.5,🟡 Medium risk
6103-BOCOU,26,Month-to-month,Fiber optic,80.7,59.5,🟡 Medium risk
2754-SDJRD,8,Month-to-month,Fiber optic,100.15,59.5,🟡 Medium risk
2739-CACDQ,17,Month-to-month,Fiber optic,82.65,59.4,🟡 Medium risk
4536-PLEQY,12,Month-to-month,Fiber optic,85.05,59.4,🟡 Medium risk
9752-ZNQUT,1,Month-to-month,DSL,48.6,59.4,🟡 Medium risk
8990-ZXLSU,9,Month-to-month,Fiber optic,69.05,59.4,🟡 Medium risk
5405-ZMYXQ,8,Month-to-month,Fiber optic,74.6,59.4,🟡 Medium risk
1730-ZMAME,32,Month-to-month,Fiber optic,79.5,59.3,🟡 Medium risk
0848-ZGQIJ,16,Month-to-month,Fiber optic,94.65,59.3,🟡 Medium risk
8120-JDCAM,4,Month-to-month,Fiber optic,69.55,59.3,🟡 Medium risk
5879-SESNB,11,Month-to-month,Fiber optic,75.25,59.2,🟡 Medium risk
0411-EZJZE,3,Month-to-month,DSL,60.25,59.2,🟡 Medium risk
0620-DLSLK,13,Month-to-month,Fiber optic,81.9,59.2,🟡 Medium risk
0928-JMXNP,4,Month-to-month,DSL,29.9,59.2,🟡 Medium risk
4132-KALRO,4,Month-to-month,Fiber optic,100.85,59.1,🟡 Medium risk
6198-RTPMF,17,Month-to-month,Fiber optic,92.6,59.1,🟡 Medium risk
3703-KBKZP,16,Month-to-month,Fiber optic,74.45,59.1,🟡 Medium risk
6242-MBHPK,23,Month-to-month,Fiber optic,95.1,59.1,🟡 Medium risk
2187-PKZAY,12,Month-to-month,Fiber optic,79.95,59.0,🟡 Medium risk
1302-UHBDD,20,Month-to-month,Fiber optic,89.95,59.0,🟡 Medium risk
6833-JMZYP,15,Month-to-month,Fiber optic,94.0,59.0,🟡 Medium risk
7422-WNBTY,33,Month-to-month,Fiber optic,93.35,58.9,🟡 Medium risk
8705-WZCYL,1,Month-to-month,DSL,44.8,58.9,🟡 Medium risk
9588-OZDMQ,2,Month-to-month,DSL,45.0,58.9,🟡 Medium risk
4373-VVHQL,1,Month-to-month,DSL,44.75,58.9,🟡 Medium risk
9885-AIBVB,29,Month-to-month,Fiber optic,85.8,58.8,🟡 Medium risk
5022-KVDQT,27,Month-to-month,Fiber optic,81.3,58.8,🟡 Medium risk
9547-ITEFG,9,Month-to-month,Fiber optic,102.6,58.8,🟡 Medium risk
8818-DOPVL,46,Month-to-month,Fiber optic,104.45,58.7,🟡 Medium risk
1754-GKYPY,22,Month-to-month,Fiber optic,89.75,58.7,🟡 Medium risk
0196-JTUQI,9,Month-to-month,Fiber optic,75.2,58.7,🟡 Medium risk
9054-FOWNV,22,Month-to-month,Fiber optic,88.75,58.6,🟡 Medium risk
8778-LMWTJ,9,Month-to-month,Fiber optic,74.85,58.6,🟡 Medium risk
2235-DWLJU,6,Month-to-month,DSL,44.4,58.5,🟡 Medium risk
1319-YLZJG,12,Month-to-month,Fiber optic,84.6,58.5,🟡 Medium risk
1391-UBDAR,11,Month-to-month,Fiber optic,72.9,58.5,🟡 Medium risk
7978-DKUQH,25,Month-to-month,Fiber optic,74.6,58.4,🟡 Medium risk
2041-JIJCI,5,Month-to-month,DSL,64.0,58.4,🟡 Medium risk
5439-WIKXB,41,Month-to-month,Fiber optic,94.55,58.3,🟡 Medium risk
1666-JXLKU,37,Month-to-month,Fiber optic,100.05,58.3,🟡 Medium risk
1766-GKNMI,29,Month-to-month,Fiber optic,84.9,58.3,🟡 Medium risk
2665-NPTGL,26,Month-to-month,Fiber optic,98.1,58.3,🟡 Medium risk
0988-JRWWP,3,Month-to-month,DSL,54.2,58.2,🟡 Medium risk
2523-EWWZL,27,Month-to-month,Fiber optic,76.1,58.0,🟡 Medium risk
7952-OBOYL,3,Month-to-month,Fiber optic,89.85,58.0,🟡 Medium risk
1580-BMCMR,19,Month-to-month,Fiber optic,87.3,58.0,🟡 Medium risk
6519-CFDBX,2,Month-to-month,DSL,45.4,58.0,🟡 Medium risk
5543-QDCRY,4,Month-to-month,DSL,56.4,57.9,🟡 Medium risk
2504-DSHIH,23,Month-to-month,Fiber optic,86.8,57.9,🟡 Medium risk
4647-MUZON,18,Month-to-month,Fiber optic,95.95,57.9,🟡 Medium risk
7590-VHVEG,1,Month-to-month,DSL,29.85,57.9,🟡 Medium risk
6994-KERXL,4,Month-to-month,DSL,55.9,57.8,🟡 Medium risk
0396-YCHWO,36,Month-to-month,Fiber optic,95.4,57.8,🟡 Medium risk
6557-BZXLQ,16,Month-to-month,Fiber optic,69.65,57.8,🟡 Medium risk
4521-YEEHE,18,Month-to-month,Fiber optic,88.85,57.8,🟡 Medium risk
2501-XWWTZ,11,Month-to-month,Fiber optic,70.2,57.8,🟡 Medium risk
3951-NJCVI,42,Month-to-month,Fiber optic,95.05,57.7,🟡 Medium risk
4690-PKDQG,42,Month-to-month,Fiber optic,95.55,57.7,🟡 Medium risk
0432-CAJZV,3,Month-to-month,Fiber optic,90.7,57.7,🟡 Medium risk
8490-BXHEO,18,Month-to-month,Fiber optic,80.55,57.6,🟡 Medium risk
6719-OXYBR,15,Month-to-month,Fiber optic,85.3,57.6,🟡 Medium risk
7072-MBHEV,11,Month-to-month,Fiber optic,78.1,57.6,🟡 Medium risk
2468-SJFLM,1,Month-to-month,Fiber optic,74.3,57.5,🟡 Medium risk
6818-DJXAA,10,Month-to-month,Fiber optic,91.1,57.5,🟡 Medium risk
3956-MGXOG,28,Month-to-month,Fiber optic,80.6,57.4,🟡 Medium risk
8104-OSKWT,12,Month-to-month,Fiber optic,79.8,57.3,🟡 Medium risk
3644-QXEHN,13,Month-to-month,Fiber optic,97.0,57.3,🟡 Medium risk
0093-EXYQL,40,Month-to-month,Fiber optic,91.55,57.2,🟡 Medium risk
1028-FFNJK,30,Month-to-month,Fiber optic,101.5,57.2,🟡 Medium risk
1751-NCDLI,46,Month-to-month,Fiber optic,98.85,57.1,🟡 Medium risk
7379-FNIUJ,2,Month-to-month,Fiber optic,100.2,57.1,🟡 Medium risk
7901-HXJVA,14,Month-to-month,Fiber optic,76.45,57.1,🟡 Medium risk
7928-VJYAB,11,Month-to-month,Fiber optic,90.6,57.0,🟡 Medium risk
9779-DPNEJ,22,Month-to-month,Fiber optic,80.15,57.0,🟡 Medium risk
5934-RMPOV,22,Month-to-month,Fiber optic,84.75,56.9,🟡 Medium risk
7562-UXTPG,13,Month-to-month,Fiber optic,70.15,56.9,🟡 Medium risk
2692-BUCFV,29,Month-to-month,Fiber optic,101.45,56.9,🟡 Medium risk
8563-OYMQY,17,Month-to-month,Fiber optic,90.95,56.9,🟡 Medium risk
8160-HOWOX,7,Month-to-month,DSL,66.85,56.8,🟡 Medium risk
1384-RCUXW,16,Month-to-month,Fiber optic,80.55,56.8,🟡 Medium risk
8040-MNRTF,1,Month-to-month,Fiber optic,71.1,56.7,🟡 Medium risk
2322-VCZHZ,23,Month-to-month,Fiber optic,90.0,56.7,🟡 Medium risk
8734-DKSTZ,10,Month-to-month,Fiber optic,85.95,56.7,🟡 Medium risk
0139-IVFJG,2,Month-to-month,Fiber optic,90.35,56.7,🟡 Medium risk
5947-SGKCL,15,Month-to-month,Fiber optic,105.35,56.7,🟡 Medium risk
2460-NGXBJ,11,Month-to-month,Fiber optic,75.2,56.7,🟡 Medium risk
8687-BAFGU,1,Month-to-month,Fiber optic,74.0,56.6,🟡 Medium risk
0027-KWYKW,23,Month-to-month,Fiber optic,83.75,56.6,🟡 Medium risk
6458-CYIDZ,5,Month-to-month,Fiber optic,80.7,56.6,🟡 Medium risk
0221-WMXNQ,4,Month-to-month,Fiber optic,75.35,56.5,🟡 Medium risk
5482-VXSXJ,22,Month-to-month,Fiber optic,93.2,56.5,🟡 Medium risk
2831-EBWRN,4,Month-to-month,DSL,45.9,56.4,🟡 Medium risk
7365-BVCJH,1,Month-to-month,DSL,24.4,56.3,🟡 Medium risk
5650-YLIBA,31,Month-to-month,Fiber optic,81.15,56.2,🟡 Medium risk
9274-UARKJ,15,Month-to-month,Fiber optic,83.2,56.2,🟡 Medium risk
5404-GGUKR,5,Month-to-month,DSL,51.35,56.2,🟡 Medium risk
2070-XYMFH,23,Month-to-month,Fiber optic,79.35,56.1,🟡 Medium risk
2373-NTKOD,8,Month-to-month,DSL,66.25,56.1,🟡 Medium risk
1746-TGTWV,1,Month-to-month,Fiber optic,75.35,56.0,🟡 Medium risk
6599-SFQVE,6,Month-to-month,DSL,55.0,55.9,🟡 Medium risk
4741-WWJQZ,2,Month-to-month,Fiber optic,80.15,55.9,🟡 Medium risk
3717-OEAUQ,2,Month-to-month,Fiber optic,70.7,55.8,🟡 Medium risk
8695-ARGXZ,34,Month-to-month,Fiber optic,75.55,55.8,🟡 Medium risk
5233-AOZUF,29,Month-to-month,Fiber optic,74.95,55.7,🟡 Medium risk
5022-JNQEQ,9,Month-to-month,Fiber optic,75.85,55.7,🟡 Medium risk
4716-HHKQH,20,Month-to-month,Fiber optic,107.05,55.6,🟡 Medium risk
5453-AXEPF,17,Month-to-month,Fiber optic,80.5,55.6,🟡 Medium risk
3384-CTMSF,47,Month-to-month,Fiber optic,104.1,55.5,🟡 Medium risk
4686-UXDML,21,Month-to-month,Fiber optic,99.85,55.4,🟡 Medium risk
1212-GLHMD,3,Month-to-month,Fiber optic,86.05,55.3,🟡 Medium risk
0682-USIXD,21,Month-to-month,Fiber optic,86.05,55.2,🟡 Medium risk
7718-RXDGG,15,Month-to-month,Fiber optic,68.6,55.2,🟡 Medium risk
5857-TYBCJ,44,Month-to-month,Fiber optic,89.2,55.1,🟡 Medium risk
2931-FSOHN,13,Month-to-month,DSL,59.9,55.1,🟡 Medium risk
0447-RXSGD,24,Month-to-month,Fiber optic,99.65,55.0,🟡 Medium risk
6088-BXMRG,32,Month-to-month,Fiber optic,98.85,55.0,🟡 Medium risk
3916-NRPAP,3,Month-to-month,Fiber optic,85.7,55.0,🟡 Medium risk
6175-IRFIT,5,Month-to-month,Fiber optic,78.75,54.9,🟡 Medium risk
3003-CMDUU,25,Month-to-month,Fiber optic,95.15,54.9,🟡 Medium risk
8819-IMISP,31,Month-to-month,Fiber optic,80.45,54.8,🟡 Medium risk
6034-YMTOB,5,Month-to-month,Fiber optic,75.65,54.8,🟡 Medium risk
3797-FKOGQ,11,Month-to-month,Fiber optic,86.2,54.8,🟡 Medium risk
1932-UEDCX,33,Month-to-month,Fiber optic,100.6,54.7,🟡 Medium risk
5339-PXDVH,4,Month-to-month,Fiber optic,90.65,54.5,🟡 Medium risk
7318-EIVKO,8,Month-to-month,DSL,59.25,54.5,🟡 Medium risk
9133-AYJZG,23,Month-to-month,Fiber optic,98.7,54.4,🟡 Medium risk
8012-SOUDQ,43,Month-to-month,Fiber optic,90.25,54.4,🟡 Medium risk
9741-YLNTD,6,Month-to-month,Fiber optic,87.95,54.4,🟡 Medium risk
8981-FJGLA,11,Month-to-month,Fiber optic,78.0,54.4,🟡 Medium risk
6127-IYJOZ,1,Month-to-month,DSL,45.85,54.3,🟡 Medium risk
3771-PZOBW,20,Month-to-month,Fiber optic,90.7,54.2,🟡 Medium risk
0141-YEAYS,27,Month-to-month,Fiber optic,86.45,54.1,🟡 Medium risk
4522-AKYLR,13,Month-to-month,DSL,54.8,54.1,🟡 Medium risk
4815-GBTCD,4,Month-to-month,DSL,25.15,54.1,🟡 Medium risk
6559-PDZLR,26,Month-to-month,Fiber optic,98.65,54.1,🟡 Medium risk
1406-PUQVY,1,Month-to-month,DSL,49.9,53.9,🟡 Medium risk
8445-DNBAE,1,Month-to-month,DSL,50.05,53.9,🟡 Medium risk
7714-YXSMB,26,Month-to-month,Fiber optic,100.5,53.9,🟡 Medium risk
4465-VDKIQ,18,Month-to-month,Fiber optic,77.8,53.8,🟡 Medium risk
1399-UBQIU,11,Month-to-month,DSL,69.35,53.8,🟡 Medium risk
3002-WQZWT,29,Month-to-month,Fiber optic,74.2,53.8,🟡 Medium risk
8064-RAVOH,1,Month-to-month,DSL,49.85,53.8,🟡 Medium risk
5666-CYCYZ,24,Month-to-month,Fiber optic,89.55,53.8,🟡 Medium risk
7426-RHZGU,9,Month-to-month,Fiber optic,95.9,53.6,🟡 Medium risk
8903-XEBGX,2,Month-to-month,DSL,55.3,53.6,🟡 Medium risk
6185-TASNN,1,Month-to-month,DSL,46.3,53.5,🟡 Medium risk
0428-IKYCP,22,Month-to-month,Fiber optic,87.0,53.4,🟡 Medium risk
1216-JWVUX,25,Month-to-month,Fiber optic,75.5,53.4,🟡 Medium risk
9398-MMQTO,3,Month-to-month,Fiber optic,74.45,53.4,🟡 Medium risk
4706-DGAHW,1,Month-to-month,DSL,45.2,53.4,🟡 Medium risk
0869-PAPRP,26,Month-to-month,Fiber optic,85.7,53.3,🟡 Medium risk
2916-BQZLN,19,Month-to-month,Fiber optic,84.75,53.3,🟡 Medium risk
6652-YFFJO,11,Month-to-month,DSL,64.9,53.3,🟡 Medium risk
7020-OZKXZ,9,Month-to-month,Fiber optic,75.5,53.2,🟡 Medium risk
5630-IXDXV,47,Month-to-month,Fiber optic,106.35,53.2,🟡 Medium risk
0817-HSUSE,1,Month-to-month,DSL,75.5,53.2,🟡 Medium risk
8720-RQSBJ,1,Month-to-month,DSL,44.0,53.2,🟡 Medium risk
3955-JBZZM,20,Month-to-month,Fiber optic,78.8,53.2,🟡 Medium risk
4360-PNRQB,18,Month-to-month,Fiber optic,75.6,53.2,🟡 Medium risk
0114-PEGZZ,33,Month-to-month,Fiber optic,107.55,53.1,🟡 Medium risk
9129-UXERG,18,Month-to-month,Fiber optic,103.6,53.1,🟡 Medium risk
4546-FOKWR,16,Month-to-month,Fiber optic,74.75,53.1,🟡 Medium risk
7729-JTEEC,2,Month-to-month,DSL,44.5,53.1,🟡 Medium risk
6692-YQHXC,16,Month-to-month,Fiber optic,69.95,53.0,🟡 Medium risk
8486-AYEQH,31,Month-to-month,Fiber optic,76.05,53.0,🟡 Medium risk
5016-IBERQ,23,Month-to-month,Fiber optic,84.25,53.0,🟡 Medium risk
8456-QDAVC,19,Month-to-month,Fiber optic,78.7,53.0,🟡 Medium risk
0112-QAWRZ,16,Month-to-month,Fiber optic,90.8,52.9,🟡 Medium risk
7315-WYOAW,13,Month-to-month,Fiber optic,100.75,52.8,🟡 Medium risk
9518-XXBXE,10,Month-to-month,Fiber optic,75.3,52.7,🟡 Medium risk
2811-POVEX,23,Month-to-month,Fiber optic,88.45,52.7,🟡 Medium risk
3312-ZWLGF,29,Month-to-month,Fiber optic,79.3,52.6,🟡 Medium risk
6048-QBXKL,2,Month-to-month,DSL,56.55,52.6,🟡 Medium risk
3914-FDRHP,9,Month-to-month,Fiber optic,86.25,52.6,🟡 Medium risk
9508-ILZDG,34,Month-to-month,Fiber optic,96.35,52.5,🟡 Medium risk
4998-IKFSE,30,Month-to-month,Fiber optic,100.45,52.5,🟡 Medium risk
5019-GQVCR,43,Month-to-month,Fiber optic,84.85,52.5,🟡 Medium risk
0434-CSFON,47,Month-to-month,Fiber optic,100.5,52.4,🟡 Medium risk
0147-ESWWR,39,Month-to-month,Fiber optic,101.25,52.4,🟡 Medium risk
2960-NKRSO,24,Month-to-month,Fiber optic,85.95,52.4,🟡 Medium risk
7460-ITWWP,45,Month-to-month,Fiber optic,86.1,52.4,🟡 Medium risk
6551-GNYDG,14,Month-to-month,Fiber optic,80.9,52.4,🟡 Medium risk
0921-OHLVP,22,Month-to-month,Fiber optic,83.05,52.2,🟡 Medium risk
3798-EPWRR,2,Month-to-month,DSL,43.95,52.2,🟡 Medium risk
9058-MJLZC,24,Month-to-month,Fiber optic,94.6,52.2,🟡 Medium risk
8189-XRIKE,32,Month-to-month,Fiber optic,90.95,52.1,🟡 Medium risk
9167-APMXZ,22,Month-to-month,Fiber optic,84.15,52.0,🟡 Medium risk
6260-ONULR,1,Month-to-month,DSL,62.8,52.0,🟡 Medium risk
3597-MVHJT,27,Month-to-month,Fiber optic,95.6,52.0,🟡 Medium risk
5647-FXOTP,60,Month-to-month,Fiber optic,105.9,52.0,🟡 Medium risk
3518-PZXZQ,1,Month-to-month,DSL,55.3,51.9,🟡 Medium risk
2203-GHNWN,24,Month-to-month,Fiber optic,79.65,51.8,🟡 Medium risk
0599-XNYDO,20,Month-to-month,Fiber optic,69.8,51.8,🟡 Medium risk
2874-YXVVA,34,Month-to-month,Fiber optic,105.1,51.8,🟡 Medium risk
9971-ZWPBF,34,Month-to-month,Fiber optic,108.9,51.8,🟡 Medium risk
2122-YWVYA,18,Month-to-month,Fiber optic,75.4,51.7,🟡 Medium risk
5122-CYFXA,3,Month-to-month,DSL,75.3,51.7,🟡 Medium risk
6645-MXQJT,2,Month-to-month,Fiber optic,97.1,51.7,🟡 Medium risk
5183-SNMJQ,10,Month-to-month,Fiber optic,95.1,51.7,🟡 Medium risk
2027-CWDNU,18,Month-to-month,Fiber optic,85.6,51.7,🟡 Medium risk
3588-WSTTJ,35,Month-to-month,Fiber optic,99.05,51.5,🟡 Medium risk
7682-AZNDK,34,Month-to-month,Fiber optic,89.85,51.4,🟡 Medium risk
7508-SMHXL,15,Month-to-month,Fiber optic,89.0,51.4,🟡 Medium risk
8648-PFRMP,14,Month-to-month,DSL,46.35,51.4,🟡 Medium risk
2697-NQBPF,34,Month-to-month,Fiber optic,105.35,51.3,🟡 Medium risk
1472-TNCWL,36,Month-to-month,Fiber optic,94.7,51.3,🟡 Medium risk
5175-WLYXL,22,Month-to-month,Fiber optic,78.85,51.3,🟡 Medium risk
3196-NVXLZ,25,Month-to-month,Fiber optic,84.6,51.3,🟡 Medium risk
8903-WMRNW,15,Month-to-month,Fiber optic,101.75,51.2,🟡 Medium risk
4570-QHXHL,9,Month-to-month,DSL,43.75,51.2,🟡 Medium risk
0899-LIIBW,34,Month-to-month,Fiber optic,100.85,51.1,🟡 Medium risk
5651-YLPRD,32,Month-to-month,Fiber optic,86.1,51.1,🟡 Medium risk
5982-FPVQN,37,Month-to-month,Fiber optic,95.15,51.1,🟡 Medium risk
9552-TGUZV,8,Month-to-month,Fiber optic,75.0,51.1,🟡 Medium risk
3737-XBQDD,24,Month-to-month,Fiber optic,84.85,51.0,🟡 Medium risk
9053-EJUNL,41,Month-to-month,Fiber optic,89.2,51.0,🟡 Medium risk
5600-KTXFM,2,Month-to-month,Fiber optic,69.95,50.9,🟡 Medium risk
2018-PZKMU,9,Month-to-month,Fiber optic,103.1,50.9,🟡 Medium risk
7748-UMTRK,30,Month-to-month,Fiber optic,101.3,50.9,🟡 Medium risk
7296-PIXQY,14,Month-to-month,Fiber optic,70.2,50.9,🟡 Medium risk
7018-WBJNK,13,Month-to-month,Fiber optic,78.3,50.9,🟡 Medium risk
0581-MDMPW,24,Month-to-month,Fiber optic,88.95,50.8,🟡 Medium risk
8212-CRQXP,22,Month-to-month,Fiber optic,80.0,50.8,🟡 Medium risk
1818-ESQMW,27,Month-to-month,Fiber optic,89.2,50.8,🟡 Medium risk
5712-AHQNN,43,Month-to-month,Fiber optic,91.65,50.7,🟡 Medium risk
6522-YRBXD,35,Month-to-month,Fiber optic,94.55,50.7,🟡 Medium risk
2252-ISRNH,9,One year,Fiber optic,90.35,50.7,🟡 Medium risk
6078-VESFR,13,Month-to-month,Fiber optic,70.45,50.6,🟡 Medium risk
2862-PFNIK,1,Month-to-month,DSL,24.7,50.6,🟡 Medium risk
2507-QZPQS,15,Month-to-month,Fiber optic,95.7,50.5,🟡 Medium risk
6625-UTXEW,12,Month-to-month,DSL,51.25,50.5,🟡 Medium risk
9620-ENEJV,6,Month-to-month,Fiber optic,70.55,50.5,🟡 Medium risk
7901-TBKJX,56,Month-to-month,Fiber optic,101.05,50.4,🟡 Medium risk
1845-ZLLIG,1,Month-to-month,DSL,50.15,50.4,🟡 Medium risk
5895-QSXOD,9,Month-to-month,Fiber optic,70.05,50.3,🟡 Medium risk
8993-IZEUX,7,Month-to-month,Fiber optic,69.15,50.3,🟡 Medium risk
0082-OQIQY,29,Month-to-month,Fiber optic,94.2,50.3,🟡 Medium risk
4468-KAZHE,20,Month-to-month,DSL,60.0,50.2,🟡 Medium risk
7483-IQWIB,37,Month-to-month,Fiber optic,92.95,50.1,🟡 Medium risk
6907-FLBER,1,Month-to-month,DSL,54.3,50.1,🟡 Medium risk
1866-OBPNR,1,Month-to-month,Fiber optic,74.6,50.1,🟡 Medium risk
3071-VBYPO,3,Month-to-month,Fiber optic,89.85,50.0,🟡 Medium risk
1636-NTNCO,4,Month-to-month,DSL,50.95,50.0,🟡 Medium risk
7586-ZATGZ,40,Month-to-month,Fiber optic,84.9,50.0,🟡 Medium risk
3995-WFCSM,2,Month-to-month,DSL,60.85,50.0,🟡 Medium risk
1536-HBSWP,1,Month-to-month,DSL,49.9,49.9,🟡 Medium risk
7410-OIEDU,10,Month-to-month,Fiber optic,79.85,49.8,🟡 Medium risk
8404-GFGCZ,4,Month-to-month,DSL,65.6,49.8,🟡 Medium risk
5133-POWUA,1,Month-to-month,DSL,45.8,49.8,🟡 Medium risk
5144-TVGLP,38,Month-to-month,Fiber optic,94.75,49.8,🟡 Medium risk
3566-HJGPK,1,Month-to-month,DSL,45.55,49.8,🟡 Medium risk
3716-UVSPD,1,Month-to-month,DSL,49.3,49.8,🟡 Medium risk
8059-UDZFY,33,Month-to-month,Fiber optic,105.35,49.8,🟡 Medium risk
5816-SCGFC,7,Month-to-month,DSL,51.3,49.8,🟡 Medium risk
2824-MYYBN,37,Month-to-month,Fiber optic,95.25,49.7,🟡 Medium risk
2675-DHUTR,58,Month-to-month,Fiber optic,98.9,49.7,🟡 Medium risk
4062-HBMOS,52,Month-to-month,Fiber optic,103.05,49.7,🟡 Medium risk
4828-FAZPK,16,Month-to-month,Fiber optic,79.95,49.7,🟡 Medium risk
8800-ZKRFW,30,Month-to-month,Fiber optic,107.5,49.7,🟡 Medium risk
8950-MTZNV,1,Month-to-month,DSL,44.95,49.7,🟡 Medium risk
8710-YGLWG,1,Month-to-month,DSL,44.9,49.7,🟡 Medium risk
2275-RBYQS,1,Month-to-month,DSL,45.4,49.7,🟡 Medium risk
7967-HYCDE,8,Month-to-month,Fiber optic,70.7,49.6,🟡 Medium risk
9214-EKVXR,1,Month-to-month,DSL,44.0,49.6,🟡 Medium risk
9272-LSVYH,10,Month-to-month,Fiber optic,70.15,49.6,🟡 Medium risk
3312-UUMZW,32,Month-to-month,Fiber optic,98.85,49.6,🟡 Medium risk
8212-DJRCH,5,Month-to-month,Fiber optic,90.35,49.6,🟡 Medium risk
0082-LDZUE,1,Month-to-month,DSL,44.3,49.6,🟡 Medium risk
8543-MSDMF,3,Month-to-month,DSL,77.4,49.5,🟡 Medium risk
3481-JHUZH,41,Month-to-month,Fiber optic,80.25,49.5,🟡 Medium risk
2178-PMGCJ,22,Month-to-month,Fiber optic,69.7,49.5,🟡 Medium risk
1471-GIQKQ,1,Month-to-month,DSL,49.95,49.5,🟡 Medium risk
9992-UJOEL,2,Month-to-month,DSL,50.3,49.4,🟡 Medium risk
6789-HJBWG,12,Month-to-month,DSL,49.4,49.4,🟡 Medium risk
4065-JJAVA,1,Month-to-month,DSL,49.5,49.4,🟡 Medium risk
6646-JPPHA,14,Month-to-month,Fiber optic,78.85,49.3,🟡 Medium risk
2974-GGUXS,36,Month-to-month,Fiber optic,91.95,49.3,🟡 Medium risk
0277-BKSQP,8,Month-to-month,DSL,54.4,49.2,🟡 Medium risk
7567-ECMCM,24,Month-to-month,Fiber optic,79.85,49.2,🟡 Medium risk
2672-TGEFF,37,Month-to-month,Fiber optic,88.8,49.1,🟡 Medium risk
3211-AAPKX,20,Month-to-month,Fiber optic,98.55,49.1,🟡 Medium risk
0585-EGDDA,40,Month-to-month,Fiber optic,80.0,49.0,🟡 Medium risk
5365-LLFYV,2,Month-to-month,DSL,45.85,48.9,🟡 Medium risk
7658-UYUQS,21,Month-to-month,Fiber optic,86.55,48.9,🟡 Medium risk
2832-KJCRD,38,Month-to-month,Fiber optic,103.65,48.8,🟡 Medium risk
8313-KTIHG,4,Month-to-month,DSL,61.3,48.8,🟡 Medium risk
3278-FSIXX,2,Month-to-month,DSL,45.25,48.7,🟡 Medium risk
1942-OQFRW,1,Month-to-month,DSL,44.0,48.7,🟡 Medium risk
1478-VPOAD,1,Month-to-month,DSL,43.8,48.7,🟡 Medium risk
2637-FKFSY,3,Month-to-month,DSL,46.1,48.7,🟡 Medium risk
2969-QWUBZ,2,Month-to-month,DSL,51.4,48.7,🟡 Medium risk
3853-LYGAM,17,Month-to-month,Fiber optic,95.65,48.6,🟡 Medium risk
7404-JLKQG,3,Month-to-month,DSL,57.55,48.6,🟡 Medium risk
3841-CONLJ,1,Month-to-month,DSL,35.0,48.4,🟡 Medium risk
6402-EJMWF,4,Month-to-month,DSL,55.3,48.4,🟡 Medium risk
9979-RGMZT,7,One year,Fiber optic,94.05,48.4,🟡 Medium risk
5649-RXQTV,51,Month-to-month,Fiber optic,99.0,48.4,🟡 Medium risk
1035-IPQPU,63,Month-to-month,Fiber optic,103.5,48.4,🟡 Medium risk
5392-AKEMH,12,Month-to-month,DSL,45.05,48.3,🟡 Medium risk
1320-REHCS,52,Month-to-month,Fiber optic,110.75,48.3,🟡 Medium risk
0666-UXTJO,34,Month-to-month,Fiber optic,85.2,48.3,🟡 Medium risk
2761-XECQW,8,Month-to-month,DSL,43.35,48.2,🟡 Medium risk
6650-VJONK,1,Month-to-month,DSL,43.85,48.2,🟡 Medium risk
3961-SXAXY,1,Month-to-month,DSL,44.05,48.2,🟡 Medium risk
3987-KQDDU,9,Month-to-month,Fiber optic,75.6,48.2,🟡 Medium risk
6637-KYRCV,5,Month-to-month,DSL,30.5,48.1,🟡 Medium risk
0111-KLBQG,32,Month-to-month,Fiber optic,93.95,48.1,🟡 Medium risk
7442-YGZFK,1,Month-to-month,DSL,49.8,48.1,🟡 Medium risk
9904-EHEVJ,32,Month-to-month,Fiber optic,91.35,48.0,🟡 Medium risk
4537-DKTAL,2,Month-to-month,DSL,45.55,47.9,🟡 Medium risk
6693-FRIRW,18,Month-to-month,Fiber optic,101.3,47.9,🟡 Medium risk
2694-CIUMO,12,Month-to-month,Fiber optic,79.55,47.8,🟡 Medium risk
6259-WJQLC,32,Month-to-month,Fiber optic,81.1,47.8,🟡 Medium risk
1728-BQDMA,2,Month-to-month,DSL,44.45,47.8,🟡 Medium risk
8849-AYPTR,33,Month-to-month,Fiber optic,91.25,47.7,🟡 Medium risk
1767-TGTKO,8,Month-to-month,DSL,45.45,47.7,🟡 Medium risk
6377-WHAOX,60,Month-to-month,Fiber optic,106.15,47.6,🟡 Medium risk
2823-LKABH,18,Month-to-month,Fiber optic,95.05,47.6,🟡 Medium risk
1335-NTIUC,9,Month-to-month,DSL,24.95,47.5,🟡 Medium risk
5606-AMZBO,10,Month-to-month,Fiber optic,78.15,47.5,🟡 Medium risk
5968-VXZLG,2,Month-to-month,DSL,46.6,47.5,🟡 Medium risk
5533-NHFRF,7,Month-to-month,DSL,44.4,47.5,🟡 Medium risk
3352-ALMCK,40,Month-to-month,Fiber optic,102.65,47.5,🟡 Medium risk
8058-DMYRU,54,Month-to-month,Fiber optic,90.05,47.4,🟡 Medium risk
1101-SSWAG,15,Month-to-month,DSL,51.1,47.4,🟡 Medium risk
8180-AKMJV,1,Month-to-month,DSL,44.55,47.4,🟡 Medium risk
5222-IMUKT,32,Month-to-month,Fiber optic,91.05,47.4,🟡 Medium risk
6212-ATMLK,50,Month-to-month,Fiber optic,95.7,47.4,🟡 Medium risk
0537-QYZZN,24,Month-to-month,Fiber optic,79.85,47.3,🟡 Medium risk
3088-LHEFH,11,Month-to-month,Fiber optic,79.0,47.3,🟡 Medium risk
0771-WLCLA,16,Month-to-month,Fiber optic,112.95,47.2,🟡 Medium risk
2911-WDXMV,18,Month-to-month,Fiber optic,80.55,47.2,🟡 Medium risk
4367-NHWMM,1,Month-to-month,DSL,24.9,47.1,🟡 Medium risk
3174-RKMOW,35,Month-to-month,Fiber optic,109.95,47.1,🟡 Medium risk
7537-RBWEA,1,Month-to-month,DSL,25.15,47.1,🟡 Medium risk
3969-GYXEL,11,Month-to-month,Fiber optic,76.4,47.0,🟡 Medium risk
1304-BCCFO,9,Month-to-month,DSL,70.05,47.0,🟡 Medium risk
6729-GDNGC,20,Month-to-month,Fiber optic,80.7,47.0,🟡 Medium risk
4128-ETESU,47,Month-to-month,Fiber optic,99.7,46.9,🟡 Medium risk
7339-POGZN,4,Month-to-month,DSL,50.7,46.9,🟡 Medium risk
0410-IPFTY,31,Month-to-month,Fiber optic,83.85,46.9,🟡 Medium risk
5119-KEPFY,36,Month-to-month,Fiber optic,95.0,46.8,🟡 Medium risk
0374-IOEGQ,3,Month-to-month,DSL,44.6,46.8,🟡 Medium risk
2378-VTKDH,65,Month-to-month,Fiber optic,104.35,46.7,🟡 Medium risk
1452-KIOVK,22,Month-to-month,Fiber optic,89.1,46.7,🟡 Medium risk
7892-QVYKW,23,Month-to-month,Fiber optic,85.6,46.7,🟡 Medium risk
0577-WHMEV,16,Month-to-month,Fiber optic,90.7,46.7,🟡 Medium risk
8344-WFMFH,9,Month-to-month,DSL,50.1,46.6,🟡 Medium risk
5461-QKNTN,43,Month-to-month,Fiber optic,94.3,46.6,🟡 Medium risk
4879-GZLFH,42,Month-to-month,Fiber optic,92.15,46.6,🟡 Medium risk
6416-YJTTB,11,Month-to-month,Fiber optic,79.5,46.6,🟡 Medium risk
2792-LSHWX,1,Month-to-month,Fiber optic,83.4,46.6,🟡 Medium risk
6486-LHTMA,31,One year,Fiber optic,90.7,46.6,🟡 Medium risk
4137-BTIKL,2,Month-to-month,Fiber optic,90.75,46.5,🟡 Medium risk
9281-OFDMF,39,Month-to-month,Fiber optic,90.7,46.5,🟡 Medium risk
0430-IHCDJ,15,Month-to-month,DSL,49.0,46.5,🟡 Medium risk
9927-DSWDF,22,Month-to-month,Fiber optic,104.6,46.4,🟡 Medium risk
6218-KNUBD,6,Month-to-month,DSL,59.45,46.4,🟡 Medium risk
7504-UWHNB,25,Month-to-month,Fiber optic,69.75,46.4,🟡 Medium risk
4195-NZGTA,1,Month-to-month,DSL,25.25,46.3,🟡 Medium risk
0380-NEAVX,34,One year,Fiber optic,99.85,46.3,🟡 Medium risk
8544-GOQSH,14,Month-to-month,Fiber optic,80.05,46.3,🟡 Medium risk
2786-GCDPI,50,Month-to-month,Fiber optic,104.95,46.3,🟡 Medium risk
3167-SNQPL,38,Month-to-month,Fiber optic,101.15,46.2,🟡 Medium risk
1833-TCXKK,45,Month-to-month,Fiber optic,107.75,46.2,🟡 Medium risk
4226-KKDON,8,Month-to-month,DSL,66.65,46.2,🟡 Medium risk
5568-DMXZS,8,Month-to-month,DSL,65.45,46.2,🟡 Medium risk
0015-UOCOJ,7,Month-to-month,DSL,48.2,46.2,🟡 Medium risk
4526-ZJJTM,25,Month-to-month,Fiber optic,88.4,46.2,🟡 Medium risk
2227-JRSJX,21,Month-to-month,Fiber optic,99.15,46.1,🟡 Medium risk
2604-IJPDU,20,Month-to-month,Fiber optic,96.55,46.1,🟡 Medium risk
9714-EDSUC,4,Month-to-month,Fiber optic,94.9,46.0,🟡 Medium risk
9389-ACWBI,5,Month-to-month,Fiber optic,69.95,46.0,🟡 Medium risk
9572-WUKSB,3,Month-to-month,DSL,29.9,46.0,🟡 Medium risk
7048-GXDAY,39,Month-to-month,Fiber optic,106.4,46.0,🟡 Medium risk
7982-VCELR,36,Month-to-month,Fiber optic,94.8,45.9,🟡 Medium risk
9469-WEJBT,37,Month-to-month,Fiber optic,90.35,45.8,🟡 Medium risk
3733-LSYCE,15,Month-to-month,Fiber optic,75.35,45.8,🟡 Medium risk
2587-EKXTS,44,Month-to-month,Fiber optic,111.5,45.8,🟡 Medium risk
0096-BXERS,6,Month-to-month,DSL,50.35,45.8,🟡 Medium risk
1013-QCWAM,66,Month-to-month,Fiber optic,100.8,45.7,🟡 Medium risk
4280-DLSHD,8,Month-to-month,DSL,54.75,45.6,🟡 Medium risk
7929-DMBCV,20,Month-to-month,Fiber optic,81.0,45.6,🟡 Medium risk
9699-UBQFS,43,Month-to-month,Fiber optic,94.5,45.6,🟡 Medium risk
0365-GXEZS,18,Month-to-month,Fiber optic,78.2,45.6,🟡 Medium risk
9793-WECQC,23,Month-to-month,Fiber optic,95.3,45.6,🟡 Medium risk
3748-FVMZZ,4,Month-to-month,DSL,40.05,45.6,🟡 Medium risk
9278-VZKCD,52,Month-to-month,Fiber optic,109.1,45.5,🟡 Medium risk
4391-LNRXK,22,Month-to-month,Fiber optic,94.95,45.5,🟡 Medium risk
9529-OFXHY,15,Month-to-month,Fiber optic,87.75,45.4,🟡 Medium risk
6862-CQUMB,37,Month-to-month,Fiber optic,96.1,45.3,🟡 Medium risk
3587-PMCOY,10,One year,Fiber optic,98.9,45.2,🟡 Medium risk
9643-YBLUR,9,Month-to-month,DSL,69.05,45.2,🟡 Medium risk
8725-JEDFD,27,Month-to-month,Fiber optic,69.05,45.1,🟡 Medium risk
7159-FVYPK,3,Month-to-month,DSL,69.15,45.1,🟡 Medium risk
5960-MVTUK,3,Month-to-month,DSL,29.75,45.1,🟡 Medium risk
4236-UJPWO,2,Month-to-month,DSL,24.5,45.1,🟡 Medium risk
5129-JLPIS,25,Month-to-month,Fiber optic,105.5,45.0,🟡 Medium risk
5950-AAAGJ,18,Month-to-month,Fiber optic,84.3,45.0,🟡 Medium risk
8272-ONJLV,12,One year,Fiber optic,95.7,45.0,🟡 Medium risk
3545-CNWRG,49,Month-to-month,Fiber optic,98.35,45.0,🟡 Medium risk
8631-WUXGY,46,Month-to-month,Fiber optic,99.8,44.9,🟡 Medium risk
2800-QQUSO,42,Month-to-month,Fiber optic,100.3,44.9,🟡 Medium risk
3014-WJKSM,29,Month-to-month,Fiber optic,75.3,44.9,🟡 Medium risk
9944-AEXBM,32,Month-to-month,Fiber optic,85.65,44.9,🟡 Medium risk
9921-QFQUL,23,Month-to-month,Fiber optic,90.15,44.9,🟡 Medium risk
2495-KZNFB,33,Month-to-month,Fiber optic,90.65,44.9,🟡 Medium risk
0641-EVBOJ,3,Month-to-month,Fiber optic,82.3,44.8,🟡 Medium risk
0376-OIWME,36,Month-to-month,Fiber optic,93.6,44.8,🟡 Medium risk
1346-UFHAX,13,Month-to-month,Fiber optic,80.0,44.8,🟡 Medium risk
5215-LNLDJ,7,Month-to-month,DSL,24.7,44.7,🟡 Medium risk
9800-ONTFE,22,Month-to-month,Fiber optic,75.8,44.7,🟡 Medium risk
8887-IPQNC,7,Month-to-month,DSL,44.25,44.7,🟡 Medium risk
8096-LOIST,19,Month-to-month,DSL,56.2,44.6,🟡 Medium risk
9348-YVOMK,4,Month-to-month,DSL,44.8,44.6,🟡 Medium risk
4824-GUCBY,22,Month-to-month,Fiber optic,81.7,44.6,🟡 Medium risk
6339-DKLMK,13,Month-to-month,DSL,31.65,44.6,🟡 Medium risk
7529-ZDFXI,57,Month-to-month,Fiber optic,89.85,44.5,🟡 Medium risk
7129-ACFOG,5,Month-to-month,DSL,53.8,44.5,🟡 Medium risk
5609-IMCGG,15,Month-to-month,Fiber optic,84.35,44.5,🟡 Medium risk
7129-CAKJW,17,Month-to-month,Fiber optic,80.05,44.5,🟡 Medium risk
5153-RTHKF,34,Month-to-month,Fiber optic,85.35,44.4,🟡 Medium risk
7077-XJMET,12,Month-to-month,DSL,74.15,44.4,🟡 Medium risk
7284-BUYEC,5,Month-to-month,DSL,50.95,44.4,🟡 Medium risk
5146-CBVOE,16,Month-to-month,Fiber optic,75.1,44.3,🟡 Medium risk
3094-JOJAI,18,Month-to-month,Fiber optic,74.15,44.2,🟡 Medium risk
2921-XWDJH,38,Month-to-month,Fiber optic,83.45,44.2,🟡 Medium risk
1025-FALIX,26,Month-to-month,Fiber optic,69.05,44.2,🟡 Medium risk
3050-GBUSH,3,Month-to-month,DSL,34.8,44.2,🟡 Medium risk
6075-SLNIL,38,Month-to-month,Fiber optic,95.1,44.2,🟡 Medium risk
1907-YLNYW,8,Month-to-month,DSL,66.7,44.2,🟡 Medium risk
8785-CJSHH,60,Month-to-month,Fiber optic,99.8,44.1,🟡 Medium risk
6080-TCMYC,40,Month-to-month,Fiber optic,81.2,44.1,🟡 Medium risk
9743-DQKQW,3,Month-to-month,DSL,25.1,44.1,🟡 Medium risk
5424-RLQLC,10,Month-to-month,DSL,59.65,44.0,🟡 Medium risk
1310-QRITU,18,Month-to-month,DSL,50.3,44.0,🟡 Medium risk
7126-RBHSD,17,Month-to-month,Fiber optic,78.9,43.9,🟡 Medium risk
1608-GMEWB,45,Month-to-month,Fiber optic,93.9,43.9,🟡 Medium risk
2476-YGEFM,29,Month-to-month,Fiber optic,76.0,43.9,🟡 Medium risk
1436-ZMJAN,10,Month-to-month,DSL,67.8,43.8,🟡 Medium risk
4223-WOZCM,2,Month-to-month,DSL,49.95,43.8,🟡 Medium risk
9638-JIQYA,2,Month-to-month,DSL,24.9,43.8,🟡 Medium risk
2903-YYTBW,1,Month-to-month,DSL,44.55,43.8,🟡 Medium risk
4947-DSMXK,34,Month-to-month,Fiber optic,97.7,43.7,🟡 Medium risk
4680-KUTAJ,11,Month-to-month,DSL,55.6,43.6,🟡 Medium risk
1728-CXQBE,64,Month-to-month,Fiber optic,94.25,43.6,🟡 Medium risk
7813-ZGGAW,31,Month-to-month,Fiber optic,96.6,43.6,🟡 Medium risk
7233-DRTRF,63,Month-to-month,Fiber optic,102.4,43.6,🟡 Medium risk
4860-IJUDE,13,Month-to-month,Fiber optic,73.75,43.5,🟡 Medium risk
4619-EVPHY,20,One year,Fiber optic,91.0,43.5,🟡 Medium risk
5839-SUYVZ,16,Month-to-month,Fiber optic,74.55,43.5,🟡 Medium risk
4238-JSSWH,35,Month-to-month,Fiber optic,102.05,43.4,🟡 Medium risk
2988-PLAHS,3,One year,DSL,69.95,43.4,🟡 Medium risk
3197-ARFOY,19,Month-to-month,Fiber optic,105.0,43.4,🟡 Medium risk
1635-FJFCC,5,Month-to-month,DSL,44.05,43.4,🟡 Medium risk
1469-LBJQJ,66,Month-to-month,Fiber optic,105.2,43.3,🟡 Medium risk
3323-CPBWR,23,Month-to-month,Fiber optic,96.9,43.3,🟡 Medium risk
3583-KRKMD,18,Month-to-month,Fiber optic,75.9,43.3,🟡 Medium risk
0829-XXPLX,20,Month-to-month,Fiber optic,89.4,43.3,🟡 Medium risk
5626-MGTUK,20,Month-to-month,Fiber optic,89.1,43.3,🟡 Medium risk
1785-BPHTP,28,Month-to-month,Fiber optic,85.45,43.2,🟡 Medium risk
3345-PBBFH,8,Month-to-month,DSL,49.55,43.2,🟡 Medium risk
7852-LECYP,13,Month-to-month,Fiber optic,93.8,43.1,🟡 Medium risk
1855-AGAWH,31,One year,Fiber optic,93.8,43.1,🟡 Medium risk
4948-WBBKL,36,Month-to-month,Fiber optic,74.9,43.1,🟡 Medium risk
5934-TSSAU,23,Month-to-month,Fiber optic,75.3,43.1,🟡 Medium risk
7011-CVEUC,25,Month-to-month,Fiber optic,95.7,43.1,🟡 Medium risk
0311-QYWSS,6,Month-to-month,DSL,49.45,43.0,🟡 Medium risk
4553-DVPZG,62,Month-to-month,Fiber optic,101.35,43.0,🟡 Medium risk
5294-DMSFH,29,Month-to-month,Fiber optic,87.8,42.9,🟡 Medium risk
1849-RJYIG,8,Month-to-month,DSL,60.0,42.9,🟡 Medium risk
5522-JBWMO,1,Month-to-month,DSL,44.0,42.9,🟡 Medium risk
0999-QXNSA,7,Month-to-month,DSL,45.75,42.9,🟡 Medium risk
6135-OZQVA,7,Month-to-month,DSL,53.65,42.8,🟡 Medium risk
1353-LJWEM,11,Month-to-month,DSL,60.9,42.8,🟡 Medium risk
9112-WSNPU,35,Month-to-month,Fiber optic,70.55,42.8,🟡 Medium risk
1685-BQULA,40,Month-to-month,Fiber optic,93.4,42.8,🟡 Medium risk
3413-BMNZE,1,Month-to-month,DSL,45.25,42.7,🟡 Medium risk
7401-RUBNK,18,Month-to-month,Fiber optic,74.8,42.7,🟡 Medium risk
7853-OETYL,4,Month-to-month,DSL,29.05,42.6,🟡 Medium risk
9450-TRJUU,35,Month-to-month,Fiber optic,83.15,42.6,🟡 Medium risk
8242-JSVBO,7,Month-to-month,DSL,44.65,42.6,🟡 Medium risk
0319-QZTCO,3,Month-to-month,DSL,58.7,42.6,🟡 Medium risk
5515-RUGKN,8,Month-to-month,DSL,54.75,42.5,🟡 Medium risk
5173-WXOQV,2,Month-to-month,DSL,64.2,42.5,🟡 Medium risk
2782-LFZVW,11,Month-to-month,DSL,58.95,42.5,🟡 Medium risk
2038-LLMLM,48,Month-to-month,Fiber optic,103.85,42.4,🟡 Medium risk
9576-SYUHJ,37,Month-to-month,Fiber optic,91.15,42.4,🟡 Medium risk
1910-FMXJM,36,Month-to-month,Fiber optic,80.4,42.4,🟡 Medium risk
0749-IRGQE,13,Month-to-month,DSL,45.3,42.4,🟡 Medium risk
1845-CSBRZ,22,Month-to-month,Fiber optic,85.35,42.4,🟡 Medium risk
4840-ORQXB,56,Month-to-month,Fiber optic,104.75,42.3,🟡 Medium risk
7030-NJVDP,24,Month-to-month,Fiber optic,89.25,42.2,🟡 Medium risk
9584-EXCDZ,17,Month-to-month,Fiber optic,70.5,42.2,🟡 Medium risk
7268-IGMFD,18,Month-to-month,Fiber optic,93.9,42.2,🟡 Medium risk
3714-NTNFO,49,Month-to-month,Fiber optic,84.5,42.1,🟡 Medium risk
2971-SGAFL,13,Month-to-month,DSL,78.75,42.1,🟡 Medium risk
3370-GQEAL,30,Month-to-month,Fiber optic,85.45,42.1,🟡 Medium risk
6710-HSJRD,61,Month-to-month,Fiber optic,114.1,42.0,🟡 Medium risk
9819-FBNSV,37,Month-to-month,Fiber optic,72.25,41.9,🟡 Medium risk
3780-YVMFA,8,Month-to-month,DSL,68.55,41.8,🟡 Medium risk
7389-KBFIT,2,Month-to-month,DSL,30.25,41.8,🟡 Medium risk
1228-ZLNBX,21,Month-to-month,Fiber optic,75.3,41.8,🟡 Medium risk
7277-OZCGZ,22,Month-to-month,Fiber optic,89.05,41.8,🟡 Medium risk
2085-BOJKI,17,One year,Fiber optic,96.65,41.8,🟡 Medium risk
0564-MUUQK,20,Month-to-month,Fiber optic,95.5,41.7,🟡 Medium risk
6481-ESCNL,29,Month-to-month,Fiber optic,100.55,41.7,🟡 Medium risk
8378-LKJAF,38,Month-to-month,Fiber optic,101.15,41.7,🟡 Medium risk
3589-PPVKW,9,Month-to-month,DSL,44.4,41.6,🟡 Medium risk
2277-VWCNI,4,Month-to-month,DSL,48.75,41.6,🟡 Medium risk
6859-RKMZJ,11,Month-to-month,DSL,55.05,41.6,🟡 Medium risk
7798-JVXYM,14,Month-to-month,DSL,69.65,41.6,🟡 Medium risk
9732-EQMWY,49,Month-to-month,Fiber optic,99.4,41.6,🟡 Medium risk
0463-ZSDNT,10,Month-to-month,DSL,56.75,41.5,🟡 Medium risk
6538-POCHL,33,Month-to-month,Fiber optic,79.0,41.5,🟡 Medium risk
3234-VKACU,2,Month-to-month,DSL,70.3,41.5,🟡 Medium risk
6288-LBEAR,23,Month-to-month,Fiber optic,79.1,41.5,🟡 Medium risk
4993-JCRGJ,26,Month-to-month,Fiber optic,84.3,41.5,🟡 Medium risk
2347-WKKAE,42,Month-to-month,Fiber optic,94.4,41.5,🟡 Medium risk
2675-OTVVJ,31,Month-to-month,Fiber optic,89.45,41.4,🟡 Medium risk
6635-CPNUN,28,Month-to-month,Fiber optic,96.6,41.3,🟡 Medium risk
8229-MYEJZ,10,Month-to-month,DSL,51.2,41.3,🟡 Medium risk
2074-GUHPQ,17,Month-to-month,Fiber optic,92.7,41.2,🟡 Medium risk
5213-TWWJU,28,Month-to-month,Fiber optic,91.0,41.1,🟡 Medium risk
6217-TOWGS,17,Month-to-month,DSL,75.4,41.1,🟡 Medium risk
0118-JPNOY,26,Month-to-month,Fiber optic,85.8,41.1,🟡 Medium risk
5419-JKZNQ,30,Month-to-month,Fiber optic,77.9,41.1,🟡 Medium risk
1173-NOEYG,27,Month-to-month,Fiber optic,90.15,41.0,🟡 Medium risk
2480-SQIOB,4,Month-to-month,DSL,44.8,41.0,🟡 Medium risk
1230-QAJDW,3,Month-to-month,DSL,65.25,41.0,🟡 Medium risk
1194-HVAIF,27,Month-to-month,Fiber optic,95.0,41.0,🟡 Medium risk
3956-CJUST,23,Month-to-month,Fiber optic,75.4,41.0,🟡 Medium risk
3808-HFKDE,20,Month-to-month,DSL,44.35,40.9,🟡 Medium risk
4727-MCYZG,1,Month-to-month,DSL,55.55,40.9,🟡 Medium risk
9332-GYWLO,6,Month-to-month,DSL,54.85,40.9,🟡 Medium risk
4931-TRZWN,13,Month-to-month,DSL,71.95,40.9,🟡 Medium risk
2573-GYRUU,48,Month-to-month,Fiber optic,91.05,40.9,🟡 Medium risk
0708-LGSMF,13,Month-to-month,DSL,65.85,40.9,🟡 Medium risk
4760-THGOT,43,Month-to-month,Fiber optic,94.1,40.8,🟡 Medium risk
8782-LKFPK,44,Month-to-month,Fiber optic,90.4,40.8,🟡 Medium risk
3509-GWQGF,24,Month-to-month,Fiber optic,70.0,40.7,🟡 Medium risk
6599-GZWCM,13,One year,Fiber optic,74.65,40.7,🟡 Medium risk
4989-LIXVT,68,Month-to-month,Fiber optic,95.9,40.6,🟡 Medium risk
1803-BGNBD,12,Month-to-month,DSL,54.3,40.6,🟡 Medium risk
5916-QEWPT,2,Month-to-month,DSL,69.0,40.6,🟡 Medium risk
0468-YRPXN,29,Month-to-month,Fiber optic,98.8,40.6,🟡 Medium risk
1307-TVUFB,42,Month-to-month,Fiber optic,79.35,40.5,🟡 Medium risk
4343-EJVQB,7,Month-to-month,Fiber optic,74.35,40.5,🟡 Medium risk
0064-YIJGF,27,Month-to-month,Fiber optic,75.75,40.5,🟡 Medium risk
7055-HNEOJ,3,Month-to-month,DSL,55.8,40.4,🟡 Medium risk
9026-LHEVG,9,Month-to-month,DSL,40.75,40.4,🟡 Medium risk
1550-EENBN,31,Month-to-month,Fiber optic,104.35,40.4,🟡 Medium risk
3192-LNKRK,34,Month-to-month,Fiber optic,84.05,40.3,🟡 Medium risk
1596-OQSPS,11,Month-to-month,DSL,51.1,40.3,🟡 Medium risk
5331-RGMTT,54,Month-to-month,Fiber optic,99.05,40.3,🟡 Medium risk
0106-GHRQR,16,Month-to-month,DSL,71.4,40.3,🟡 Medium risk
9667-TKTVZ,2,Month-to-month,DSL,54.35,40.3,🟡 Medium risk
4067-HLYQI,33,Month-to-month,Fiber optic,70.4,40.3,🟡 Medium risk
2103-ZRXFN,1,Month-to-month,DSL,50.75,40.3,🟡 Medium risk
9029-FEGVJ,32,Month-to-month,Fiber optic,79.3,40.2,🟡 Medium risk
1089-HDMKP,11,Month-to-month,DSL,54.55,40.2,🟡 Medium risk
1465-LNTLJ,8,Month-to-month,DSL,64.4,40.2,🟡 Medium risk
3665-JATSN,19,Month-to-month,DSL,39.7,40.2,🟡 Medium risk
7421-ZLUPA,8,Month-to-month,DSL,29.25,40.2,🟡 Medium risk
0212-ISBBF,22,Month-to-month,DSL,50.35,40.2,🟡 Medium risk
2582-FFFZR,22,Month-to-month,DSL,50.6,40.1,🟡 Medium risk
6988-CJEYV,49,Month-to-month,Fiber optic,98.7,40.1,🟡 Medium risk
3161-GETRM,34,Month-to-month,Fiber optic,90.05,40.0,🟡 Medium risk
3137-LUPIX,4,Month-to-month,DSL,64.4,40.0,🟡 Medium risk
9873-MNDKV,11,Month-to-month,DSL,44.65,40.0,🟡 Medium risk
9470-XCCEM,35,Month-to-month,Fiber optic,89.65,40.0,🟡 Medium risk
9168-INPSZ,44,Month-to-month,Fiber optic,104.15,39.9,🟢 Low risk
0356-ERHVT,11,Month-to-month,DSL,45.9,39.9,🟢 Low risk
0541-FITGH,2,Month-to-month,DSL,62.15,39.9,🟢 Low risk
3692-JHONH,52,One year,Fiber optic,106.5,39.9,🟢 Low risk
5356-CSVSQ,3,Month-to-month,DSL,64.6,39.9,🟢 Low risk
8384-FZBJK,57,Month-to-month,Fiber optic,100.6,39.9,🟢 Low risk
8654-DHAOW,2,Month-to-month,DSL,54.15,39.9,🟢 Low risk
1047-NNCBF,20,Month-to-month,Fiber optic,70.55,39.8,🟢 Low risk
2207-QPJED,37,Month-to-month,Fiber optic,90.0,39.8,🟢 Low risk
7176-WIONM,12,Month-to-month,DSL,49.85,39.8,🟢 Low risk
4660-IRIBM,18,Month-to-month,Fiber optic,87.9,39.8,🟢 Low risk
6582-OIVSP,1,Month-to-month,DSL,45.3,39.7,🟢 Low risk
9244-ZVAPM,1,Month-to-month,DSL,45.6,39.7,🟢 Low risk
0531-ZZJWQ,55,Month-to-month,Fiber optic,74.0,39.7,🟢 Low risk
9108-EJFJP,1,Month-to-month,DSL,53.55,39.7,🟢 Low risk
3761-FLYZI,65,Month-to-month,Fiber optic,108.8,39.7,🟢 Low risk
7754-IXRMC,1,Month-to-month,DSL,45.35,39.7,🟢 Low risk
4146-SVFUD,1,Month-to-month,DSL,44.6,39.6,🟢 Low risk
7252-NTGSS,1,Month-to-month,DSL,45.15,39.6,🟢 Low risk
2672-OJQZP,1,Month-to-month,DSL,44.75,39.6,🟢 Low risk
6168-YBYNP,59,Month-to-month,Fiber optic,111.35,39.5,🟢 Low risk
5858-EAFCZ,1,Month-to-month,DSL,44.45,39.5,🟢 Low risk
9700-ISPUP,10,Month-to-month,DSL,65.5,39.3,🟢 Low risk
6741-EGCBI,30,Month-to-month,Fiber optic,90.5,39.3,🟢 Low risk
8805-JNRAZ,2,Month-to-month,DSL,49.2,39.3,🟢 Low risk
3351-NGXYI,16,Month-to-month,DSL,54.1,39.3,🟢 Low risk
9261-WDCAF,3,Month-to-month,DSL,54.65,39.2,🟢 Low risk
7916-VCCPB,16,Month-to-month,Fiber optic,73.25,39.2,🟢 Low risk
4109-CYRBD,29,Month-to-month,DSL,51.6,39.2,🟢 Low risk
5948-UJZLF,2,Month-to-month,DSL,49.25,39.2,🟢 Low risk
9415-TPKRV,8,Month-to-month,DSL,55.75,39.2,🟢 Low risk
3569-EDBPQ,24,Month-to-month,Fiber optic,84.35,39.1,🟢 Low risk
3173-NVMPX,9,Month-to-month,DSL,55.3,39.1,🟢 Low risk
8751-EDEKA,28,Month-to-month,Fiber optic,89.9,39.0,🟢 Low risk
1482-OXZSY,30,Month-to-month,Fiber optic,100.4,39.0,🟢 Low risk
6143-JQKEA,10,Month-to-month,DSL,45.8,39.0,🟢 Low risk
1928-BXYIV,1,Month-to-month,DSL,61.15,39.0,🟢 Low risk
2277-DJJDL,60,Month-to-month,Fiber optic,99.0,39.0,🟢 Low risk
8645-KWHJO,14,Month-to-month,DSL,55.0,38.9,🟢 Low risk
4026-SKKHW,3,Month-to-month,DSL,50.25,38.9,🟢 Low risk
1355-KUSBG,7,Month-to-month,DSL,48.8,38.9,🟢 Low risk
1763-WQFUK,3,Month-to-month,DSL,50.5,38.9,🟢 Low risk
4220-TINQT,61,Month-to-month,Fiber optic,106.35,38.8,🟢 Low risk
8791-GFXLZ,12,Month-to-month,DSL,49.05,38.7,🟢 Low risk
4238-HFHSN,61,Month-to-month,Fiber optic,82.15,38.6,🟢 Low risk
7636-OWBPG,12,Month-to-month,DSL,29.35,38.6,🟢 Low risk
5924-IFQTT,13,Month-to-month,DSL,72.8,38.5,🟢 Low risk
5716-LIBJC,13,One year,Fiber optic,104.15,38.5,🟢 Low risk
7794-JASDG,1,Month-to-month,DSL,50.75,38.5,🟢 Low risk
4657-FWVFY,40,Month-to-month,Fiber optic,96.35,38.5,🟢 Low risk
3466-RITXD,26,Month-to-month,Fiber optic,92.4,38.5,🟢 Low risk
6888-SBYAI,1,Month-to-month,DSL,50.7,38.5,🟢 Low risk
2720-FVBQP,6,Month-to-month,DSL,48.95,38.4,🟢 Low risk
4581-LNWUM,13,Month-to-month,DSL,49.15,38.4,🟢 Low risk
1919-RTPQD,7,Month-to-month,DSL,44.75,38.4,🟢 Low risk
2432-TFSMK,18,One year,Fiber optic,89.6,38.4,🟢 Low risk
6985-HAYWX,26,Month-to-month,Fiber optic,79.3,38.4,🟢 Low risk
1564-HJUVY,4,Month-to-month,DSL,63.75,38.4,🟢 Low risk
3688-FTHLT,16,Month-to-month,DSL,63.05,38.4,🟢 Low risk
6591-QGOYB,17,Month-to-month,Fiber optic,106.65,38.3,🟢 Low risk
4718-DHSMV,11,Month-to-month,DSL,35.8,38.3,🟢 Low risk
3055-MJDSB,9,Month-to-month,DSL,24.6,38.3,🟢 Low risk
6968-GMKPR,55,Month-to-month,Fiber optic,81.55,38.2,🟢 Low risk
8158-WPEZG,11,Month-to-month,DSL,35.65,38.2,🟢 Low risk
6145-NNPNO,1,Month-to-month,DSL,44.15,38.2,🟢 Low risk
4324-BZCKL,10,Month-to-month,DSL,55.55,38.2,🟢 Low risk
9761-XUJWD,5,Month-to-month,DSL,65.6,38.1,🟢 Low risk
4329-YPDDQ,20,Month-to-month,Fiber optic,108.2,38.1,🟢 Low risk
6233-HXJMX,45,Month-to-month,Fiber optic,89.3,38.1,🟢 Low risk
6257-RJOHI,4,Month-to-month,DSL,50.8,38.0,🟢 Low risk
5302-BDJNT,35,Month-to-month,Fiber optic,95.5,38.0,🟢 Low risk
8967-SZQAS,14,Month-to-month,DSL,50.45,38.0,🟢 Low risk
9644-UMGQA,6,Month-to-month,DSL,49.15,38.0,🟢 Low risk
4061-UKJWL,3,Month-to-month,DSL,45.45,37.9,🟢 Low risk
9408-HRXRK,45,Month-to-month,Fiber optic,105.15,37.9,🟢 Low risk
4811-JBUVU,30,Month-to-month,Fiber optic,89.9,37.9,🟢 Low risk
0856-NAOES,6,Month-to-month,DSL,60.9,37.8,🟢 Low risk
8660-BUETV,3,Month-to-month,DSL,44.75,37.8,🟢 Low risk
6243-OZGFH,23,Month-to-month,DSL,44.95,37.8,🟢 Low risk
9688-YGXVR,44,Month-to-month,Fiber optic,88.15,37.8,🟢 Low risk
1600-DILPE,12,Month-to-month,DSL,45.0,37.8,🟢 Low risk
3524-WQDSG,43,Month-to-month,Fiber optic,99.3,37.8,🟢 Low risk
7064-FRRSW,48,One year,Fiber optic,99.0,37.7,🟢 Low risk
6844-DZKRF,2,Month-to-month,DSL,50.2,37.7,🟢 Low risk
7147-AYBAA,37,Month-to-month,Fiber optic,70.35,37.7,🟢 Low risk
3452-ABWRL,47,Month-to-month,Fiber optic,86.05,37.7,🟢 Low risk
0374-AACSZ,1,Month-to-month,DSL,50.15,37.6,🟢 Low risk
7312-XSBAT,1,Month-to-month,DSL,49.75,37.6,🟢 Low risk
9681-KYGYB,49,Month-to-month,Fiber optic,88.2,37.6,🟢 Low risk
3005-TYFRD,55,Month-to-month,Fiber optic,103.65,37.6,🟢 Low risk
4881-JVQOD,10,Month-to-month,DSL,34.55,37.6,🟢 Low risk
7895-VONWT,25,Month-to-month,DSL,48.25,37.6,🟢 Low risk
6817-WTYHE,2,Month-to-month,DSL,44.9,37.5,🟢 Low risk
3130-ICDUP,2,Month-to-month,Fiber optic,80.55,37.5,🟢 Low risk
2105-PHWON,33,Month-to-month,Fiber optic,95.0,37.5,🟢 Low risk
2359-KLTEK,41,Month-to-month,Fiber optic,94.9,37.5,🟢 Low risk
1456-TWCGB,4,Month-to-month,DSL,49.25,37.5,🟢 Low risk
7850-VWJUU,23,Month-to-month,Fiber optic,75.0,37.4,🟢 Low risk
3873-NFTGI,14,Month-to-month,DSL,55.5,37.4,🟢 Low risk
1895-QTKDO,1,Month-to-month,DSL,43.95,37.4,🟢 Low risk
2027-WKXMW,63,Month-to-month,Fiber optic,108.75,37.4,🟢 Low risk
1427-VERSM,56,Month-to-month,Fiber optic,98.7,37.4,🟢 Low risk
6464-KEXXH,8,Month-to-month,DSL,25.25,37.4,🟢 Low risk
7181-OQCUT,21,Month-to-month,Fiber optic,103.85,37.4,🟢 Low risk
2272-UOINI,7,Month-to-month,DSL,78.5,37.3,🟢 Low risk
8286-AFUYI,1,Month-to-month,DSL,47.95,37.3,🟢 Low risk
3258-SANFR,6,Month-to-month,DSL,44.7,37.2,🟢 Low risk
6158-HDPXZ,1,Month-to-month,DSL,25.35,37.2,🟢 Low risk
7876-BEUTG,15,Month-to-month,DSL,48.8,37.2,🟢 Low risk
4482-FTFFX,5,Month-to-month,DSL,56.15,37.2,🟢 Low risk
4636-JGAAI,34,Month-to-month,Fiber optic,88.85,37.2,🟢 Low risk
2181-UAESM,2,Month-to-month,DSL,53.45,37.2,🟢 Low risk
2139-FQHLM,19,Month-to-month,Fiber optic,89.95,37.2,🟢 Low risk
9631-XEYKE,3,Month-to-month,DSL,50.4,37.1,🟢 Low risk
9895-VFOXH,1,Month-to-month,DSL,24.4,37.1,🟢 Low risk
4001-TSBTV,58,Month-to-month,Fiber optic,91.55,37.1,🟢 Low risk
7878-JGDKK,4,Month-to-month,DSL,44.55,37.1,🟢 Low risk
3439-GVUSX,1,Month-to-month,DSL,24.4,37.1,🟢 Low risk
1357-MVDOZ,11,Month-to-month,DSL,59.65,37.0,🟢 Low risk
5438-QMDDL,19,Month-to-month,DSL,59.8,37.0,🟢 Low risk
8404-FYDIB,26,Month-to-month,Fiber optic,86.65,37.0,🟢 Low risk
0295-QVKPB,5,Month-to-month,DSL,63.95,37.0,🟢 Low risk
2067-QYTCF,64,Month-to-month,Fiber optic,111.15,37.0,🟢 Low risk
9659-QEQSY,45,Month-to-month,Fiber optic,115.65,36.9,🟢 Low risk
1421-HCERK,30,Month-to-month,Fiber optic,105.7,36.9,🟢 Low risk
5402-HTOTQ,16,Month-to-month,DSL,55.3,36.9,🟢 Low risk
1208-NBVFH,20,Month-to-month,DSL,49.6,36.9,🟢 Low risk
0623-GDISB,1,Month-to-month,DSL,48.45,36.9,🟢 Low risk
5522-NYKPB,25,Month-to-month,Fiber optic,85.9,36.8,🟢 Low risk
3503-TYDAY,43,Month-to-month,Fiber optic,80.45,36.8,🟢 Low risk
0177-PXBAT,33,Month-to-month,Fiber optic,109.9,36.8,🟢 Low risk
5651-WYIPH,18,Month-to-month,DSL,49.85,36.8,🟢 Low risk
8016-NCFVO,55,Month-to-month,Fiber optic,116.5,36.8,🟢 Low risk
9777-WJJPR,31,Month-to-month,Fiber optic,88.65,36.8,🟢 Low risk
0929-HYQEW,3,Month-to-month,DSL,50.15,36.7,🟢 Low risk
6896-SRVYQ,44,Month-to-month,Fiber optic,73.85,36.7,🟢 Low risk
7905-TVXTA,5,Month-to-month,DSL,64.35,36.7,🟢 Low risk
6908-VVYHM,65,Month-to-month,Fiber optic,90.65,36.7,🟢 Low risk
9003-CPATH,42,Month-to-month,Fiber optic,79.9,36.6,🟢 Low risk
5981-ZVXOT,35,One year,Fiber optic,108.35,36.6,🟢 Low risk
9163-GHAYE,15,Month-to-month,DSL,48.85,36.5,🟢 Low risk
9495-SKLKD,45,Month-to-month,Fiber optic,95.95,36.5,🟢 Low risk
1100-DDVRV,17,Month-to-month,DSL,49.8,36.5,🟢 Low risk
7669-LCRSD,12,Month-to-month,DSL,56.3,36.4,🟢 Low risk
7554-AKDQF,6,Month-to-month,DSL,45.65,36.3,🟢 Low risk
8757-TFHHJ,1,Month-to-month,DSL,49.8,36.3,🟢 Low risk
2853-CWQFQ,1,Month-to-month,DSL,59.55,36.3,🟢 Low risk
3446-QDSZF,4,Month-to-month,DSL,55.5,36.3,🟢 Low risk
7346-MEDWM,59,Month-to-month,Fiber optic,83.25,36.3,🟢 Low risk
5886-VLQVU,35,Month-to-month,Fiber optic,89.85,36.2,🟢 Low risk
8728-SKJLR,41,Month-to-month,Fiber optic,74.25,36.2,🟢 Low risk
6745-JEFZB,35,Month-to-month,Fiber optic,91.5,36.1,🟢 Low risk
1930-WNXSB,58,Month-to-month,Fiber optic,92.85,36.0,🟢 Low risk
0730-KOAVE,30,Month-to-month,Fiber optic,94.3,36.0,🟢 Low risk
8388-FYNPZ,4,Month-to-month,DSL,56.75,36.0,🟢 Low risk
7975-TZMLR,47,One year,Fiber optic,103.1,36.0,🟢 Low risk
1777-JYQPJ,2,Month-to-month,DSL,24.3,36.0,🟢 Low risk
5977-CKHON,43,Month-to-month,Fiber optic,92.55,36.0,🟢 Low risk
8982-NHAVY,27,One year,Fiber optic,100.5,36.0,🟢 Low risk
6542-LWGXJ,3,Month-to-month,DSL,25.0,35.9,🟢 Low risk
2209-XADXF,1,Month-to-month,DSL,25.25,35.9,🟢 Low risk
2240-HSJQD,38,Month-to-month,Fiber optic,81.85,35.9,🟢 Low risk
4007-NHVHI,56,Month-to-month,Fiber optic,96.85,35.8,🟢 Low risk
9314-QDMDW,11,One year,DSL,61.25,35.8,🟢 Low risk
1575-KRZZE,4,Month-to-month,DSL,55.2,35.7,🟢 Low risk
3113-IWHLC,5,Month-to-month,DSL,55.8,35.7,🟢 Low risk
2208-UGTGR,56,Month-to-month,Fiber optic,98.6,35.7,🟢 Low risk
0975-VOOVL,3,Month-to-month,DSL,29.2,35.7,🟢 Low risk
9919-YLNNG,42,Month-to-month,Fiber optic,103.8,35.6,🟢 Low risk
8623-ULFNQ,26,Month-to-month,DSL,66.05,35.6,🟢 Low risk
2014-MKGMH,46,One year,Fiber optic,101.1,35.6,🟢 Low risk
4320-QMLLA,7,Month-to-month,DSL,54.85,35.6,🟢 Low risk
9822-WMWVG,41,Month-to-month,Fiber optic,106.5,35.6,🟢 Low risk
4130-MZLCC,5,Month-to-month,DSL,50.55,35.5,🟢 Low risk
0943-ZQPXH,44,Month-to-month,Fiber optic,92.95,35.4,🟢 Low risk
6726-WEXXK,27,One year,Fiber optic,85.9,35.4,🟢 Low risk
7272-QDCKA,28,One year,Fiber optic,100.2,35.4,🟢 Low risk
6578-KRMAW,32,Month-to-month,Fiber optic,93.4,35.3,🟢 Low risk
8167-GJLRN,3,Month-to-month,DSL,30.4,35.3,🟢 Low risk
5939-XAIXZ,19,Month-to-month,DSL,56.1,35.2,🟢 Low risk
9089-UOWJG,12,Month-to-month,DSL,58.35,35.2,🟢 Low risk
7964-VEXDG,21,Month-to-month,Fiber optic,80.35,35.2,🟢 Low risk
2101-RANCD,55,Month-to-month,Fiber optic,73.1,35.1,🟢 Low risk
4012-ZTHBR,21,Month-to-month,DSL,44.95,35.1,🟢 Low risk
1956-YIFGE,22,One year,Fiber optic,100.05,35.1,🟢 Low risk
2615-YVMYX,71,Month-to-month,Fiber optic,107.5,35.0,🟢 Low risk
9522-BNTHX,34,Month-to-month,DSL,56.25,35.0,🟢 Low risk
9137-UIYPG,35,Month-to-month,Fiber optic,106.9,34.9,🟢 Low risk
3842-QTGDL,16,Month-to-month,Fiber optic,80.75,34.9,🟢 Low risk
5843-TTHGI,18,Month-to-month,DSL,50.0,34.9,🟢 Low risk
0003-MKNFE,9,Month-to-month,DSL,59.9,34.9,🟢 Low risk
9767-FFLEM,38,Month-to-month,Fiber optic,69.5,34.8,🟢 Low risk
5371-VYLSX,50,Month-to-month,Fiber optic,83.4,34.8,🟢 Low risk
9626-VFRGG,41,Month-to-month,Fiber optic,88.5,34.8,🟢 Low risk
2386-OWURY,58,Month-to-month,Fiber optic,95.3,34.8,🟢 Low risk
5949-HGVJL,26,Month-to-month,DSL,73.05,34.8,🟢 Low risk
7009-LGECI,4,Month-to-month,DSL,50.55,34.8,🟢 Low risk
2712-SYWAY,1,Month-to-month,No,25.7,34.7,🟢 Low risk
8149-AIQCG,39,Month-to-month,Fiber optic,73.15,34.7,🟢 Low risk
7766-CLTIC,10,Month-to-month,DSL,60.95,34.7,🟢 Low risk
3898-GUYTS,45,Month-to-month,Fiber optic,97.05,34.6,🟢 Low risk
3082-VQXNH,3,Month-to-month,DSL,29.8,34.6,🟢 Low risk
8069-YQQAJ,14,Month-to-month,DSL,31.1,34.6,🟢 Low risk
3932-IJWDZ,45,Month-to-month,Fiber optic,103.65,34.6,🟢 Low risk
1996-DBMUS,48,Month-to-month,Fiber optic,70.65,34.5,🟢 Low risk
2519-LBNQL,60,One year,Fiber optic,104.35,34.5,🟢 Low risk
1548-ARAGG,4,Month-to-month,DSL,58.5,34.5,🟢 Low risk
1548-FEHVL,61,Month-to-month,Fiber optic,106.2,34.5,🟢 Low risk
0419-YAAPX,49,Month-to-month,Fiber optic,85.3,34.4,🟢 Low risk
8676-OOQEJ,4,Month-to-month,DSL,30.5,34.4,🟢 Low risk
1442-BQPVU,13,Month-to-month,DSL,29.15,34.4,🟢 Low risk
8065-BVEPF,65,Month-to-month,Fiber optic,99.1,34.4,🟢 Low risk
7054-ENNGU,9,Month-to-month,DSL,50.85,34.3,🟢 Low risk
2325-WINES,32,One year,Fiber optic,104.05,34.2,🟢 Low risk
0567-GGCAC,7,Month-to-month,DSL,61.4,34.2,🟢 Low risk
5600-PDUJF,6,Month-to-month,DSL,49.5,34.2,🟢 Low risk
5973-EJGDP,51,Month-to-month,Fiber optic,87.35,34.2,🟢 Low risk
6874-SGLHU,30,One year,Fiber optic,97.0,34.2,🟢 Low risk
8910-LEDAG,34,Month-to-month,Fiber optic,71.55,34.1,🟢 Low risk
7501-VTYLJ,2,Month-to-month,DSL,51.55,34.1,🟢 Low risk
9780-FKVVF,6,Month-to-month,DSL,59.15,34.1,🟢 Low risk
1169-WCVAK,19,Month-to-month,Fiber optic,88.8,34.0,🟢 Low risk
7130-YXBRO,48,Month-to-month,Fiber optic,111.45,34.0,🟢 Low risk
6614-VBEGU,24,Month-to-month,DSL,69.45,33.9,🟢 Low risk
7634-WSWDB,8,Month-to-month,DSL,38.5,33.9,🟢 Low risk
6854-EXGSF,8,Month-to-month,DSL,65.5,33.9,🟢 Low risk
5312-UXESG,41,Month-to-month,Fiber optic,98.05,33.9,🟢 Low risk
2133-TSRRM,34,Month-to-month,Fiber optic,105.35,33.9,🟢 Low risk
5778-BVOFB,9,Month-to-month,DSL,59.5,33.9,🟢 Low risk
4452-QIIEB,7,Month-to-month,DSL,43.9,33.9,🟢 Low risk
0129-KPTWJ,72,Month-to-month,Fiber optic,94.65,33.8,🟢 Low risk
7576-JMYWV,46,Month-to-month,Fiber optic,110.2,33.8,🟢 Low risk
6821-JPCDC,48,One year,Fiber optic,97.05,33.8,🟢 Low risk
2676-OXPPQ,6,Month-to-month,DSL,55.7,33.7,🟢 Low risk
2927-QRRQV,46,One year,Fiber optic,94.65,33.7,🟢 Low risk
6704-UTUKK,29,Month-to-month,DSL,45.9,33.7,🟢 Low risk
5207-PLSTK,1,Month-to-month,DSL,48.75,33.7,🟢 Low risk
5780-INQIK,8,Month-to-month,DSL,49.4,33.7,🟢 Low risk
3162-KKZXO,55,One year,Fiber optic,100.15,33.6,🟢 Low risk
9169-BSVIN,12,Month-to-month,DSL,74.75,33.6,🟢 Low risk
4827-USJHP,20,Month-to-month,DSL,51.8,33.6,🟢 Low risk
2452-KDRRH,67,Month-to-month,Fiber optic,101.4,33.6,🟢 Low risk
0215-BQKGS,30,Month-to-month,Fiber optic,84.3,33.5,🟢 Low risk
3709-OIJEA,26,One year,Fiber optic,85.2,33.5,🟢 Low risk
2455-USLMV,31,Month-to-month,Fiber optic,84.75,33.4,🟢 Low risk
1370-GGAWX,46,One year,Fiber optic,94.15,33.4,🟢 Low risk
0924-BJCRC,60,Month-to-month,Fiber optic,89.45,33.4,🟢 Low risk
4080-IIARD,13,Month-to-month,DSL,76.2,33.4,🟢 Low risk
8455-HIRAQ,8,Month-to-month,DSL,44.45,33.3,🟢 Low risk
8535-SFUTN,61,Month-to-month,Fiber optic,106.45,33.3,🟢 Low risk
8468-EHYJA,57,Month-to-month,Fiber optic,99.65,33.3,🟢 Low risk
2087-QAREY,22,Month-to-month,DSL,54.7,33.3,🟢 Low risk
8329-UTMVM,27,One year,Fiber optic,104.65,33.3,🟢 Low risk
3058-WQDRE,13,Month-to-month,DSL,25.15,33.3,🟢 Low risk
5118-MUEYH,48,Month-to-month,Fiber optic,105.1,33.3,🟢 Low risk
6360-SVNWV,31,Month-to-month,Fiber optic,73.55,33.3,🟢 Low risk
4257-GAESD,6,Month-to-month,DSL,45.0,33.3,🟢 Low risk
4480-MBMLB,36,One year,Fiber optic,104.8,33.2,🟢 Low risk
6921-OZMFH,5,Month-to-month,DSL,55.7,33.2,🟢 Low risk
6917-YACBP,59,Month-to-month,Fiber optic,89.75,33.2,🟢 Low risk
7271-AJDTL,55,Month-to-month,Fiber optic,94.45,33.1,🟢 Low risk
4976-LNFVV,19,Month-to-month,DSL,34.3,33.1,🟢 Low risk
6954-OOYZZ,18,Month-to-month,DSL,44.35,33.1,🟢 Low risk
9909-IDLEK,20,Month-to-month,Fiber optic,96.8,33.1,🟢 Low risk
9327-QSDED,8,Month-to-month,DSL,43.55,33.1,🟢 Low risk
6202-DYYFX,22,One year,Fiber optic,76.0,33.1,🟢 Low risk
5149-TGWDZ,21,One year,Fiber optic,104.55,33.1,🟢 Low risk
9445-ZUEQE,27,Month-to-month,Fiber optic,85.2,33.0,🟢 Low risk
0265-PSUAE,16,Month-to-month,Fiber optic,100.7,33.0,🟢 Low risk
3604-WLABM,10,Month-to-month,DSL,54.25,33.0,🟢 Low risk
6180-YBIQI,5,Month-to-month,DSL,24.3,32.9,🟢 Low risk
1848-LBZHY,7,Month-to-month,DSL,50.3,32.9,🟢 Low risk
5055-MGMGF,65,Month-to-month,Fiber optic,105.05,32.9,🟢 Low risk
3845-FXCYS,2,Month-to-month,No,19.65,32.9,🟢 Low risk
2842-BCQGE,43,Month-to-month,Fiber optic,75.35,32.9,🟢 Low risk
9626-WEQRM,4,Month-to-month,DSL,29.15,32.9,🟢 Low risk
0701-RFGFI,49,Month-to-month,Fiber optic,95.4,32.8,🟢 Low risk
9481-SFCQY,14,Month-to-month,DSL,59.8,32.8,🟢 Low risk
5423-BHIXO,32,Month-to-month,DSL,54.2,32.8,🟢 Low risk
8205-MQUGY,12,Month-to-month,DSL,49.2,32.8,🟢 Low risk
1357-BIJKI,50,One year,Fiber optic,98.25,32.7,🟢 Low risk
8992-VONJD,13,Month-to-month,DSL,56.0,32.7,🟢 Low risk
0191-ZHSKZ,30,Month-to-month,DSL,74.75,32.6,🟢 Low risk
4462-CYWMH,62,Month-to-month,Fiber optic,89.8,32.6,🟢 Low risk
6633-SYEUS,23,Month-to-month,Fiber optic,83.2,32.6,🟢 Low risk
3466-WAESX,16,Month-to-month,DSL,69.1,32.6,🟢 Low risk
9776-OJUZI,65,Month-to-month,Fiber optic,95.45,32.5,🟢 Low risk
9505-SQFSW,3,Month-to-month,DSL,40.3,32.5,🟢 Low risk
0080-OROZO,35,One year,Fiber optic,99.25,32.5,🟢 Low risk
5060-TQUQN,30,Month-to-month,Fiber optic,83.55,32.5,🟢 Low risk
6362-QHAFM,42,One year,Fiber optic,108.3,32.4,🟢 Low risk
2208-NQBCT,26,Month-to-month,Fiber optic,81.95,32.4,🟢 Low risk
5433-KYGHE,14,Month-to-month,Fiber optic,86.0,32.4,🟢 Low risk
4431-EDMIQ,7,Month-to-month,DSL,75.7,32.4,🟢 Low risk
8980-WQFWL,35,Month-to-month,DSL,62.1,32.3,🟢 Low risk
7396-VJUZB,4,Month-to-month,DSL,45.25,32.3,🟢 Low risk
2360-RDGRO,65,Month-to-month,Fiber optic,104.25,32.2,🟢 Low risk
7594-LZNWR,34,Month-to-month,Fiber optic,69.15,32.2,🟢 Low risk
0422-UXFAP,51,One year,Fiber optic,98.85,32.1,🟢 Low risk
6537-QLGEX,16,Month-to-month,DSL,38.9,32.1,🟢 Low risk
4256-ZWTZI,5,Month-to-month,DSL,51.0,32.1,🟢 Low risk
4176-FXYBO,54,Month-to-month,Fiber optic,109.55,32.1,🟢 Low risk
1217-VASWC,43,One year,Fiber optic,100.55,32.1,🟢 Low risk
2792-VPPET,3,Month-to-month,No,20.5,32.1,🟢 Low risk
5651-CPDND,10,Month-to-month,DSL,46.0,32.0,🟢 Low risk
3195-TQDZX,3,Month-to-month,No,20.25,32.0,🟢 Low risk
5035-PGZXH,56,One year,Fiber optic,106.8,32.0,🟢 Low risk
4767-HZZHQ,30,Month-to-month,Fiber optic,82.05,32.0,🟢 Low risk
4672-FOTSD,12,Month-to-month,DSL,67.25,31.9,🟢 Low risk
2883-ILGWO,57,Month-to-month,Fiber optic,104.9,31.9,🟢 Low risk
6898-MDLZW,12,Month-to-month,DSL,53.75,31.8,🟢 Low risk
5351-QESIO,1,Month-to-month,DSL,24.2,31.8,🟢 Low risk
2538-OIMXF,1,Month-to-month,DSL,24.7,31.8,🟢 Low risk
2828-SLQPF,19,Month-to-month,DSL,45.0,31.8,🟢 Low risk
3577-AMVUX,1,Month-to-month,DSL,55.05,31.8,🟢 Low risk
0822-QGCXA,27,Month-to-month,DSL,83.85,31.8,🟢 Low risk
3349-ANQNH,59,One year,Fiber optic,99.5,31.8,🟢 Low risk
1049-FYSYG,17,Month-to-month,DSL,35.65,31.8,🟢 Low risk
6572-ADKRS,46,Month-to-month,Fiber optic,74.8,31.7,🟢 Low risk
1791-PQHBB,2,Month-to-month,DSL,61.2,31.7,🟢 Low risk
2257-BOVXD,14,Month-to-month,DSL,66.6,31.7,🟢 Low risk
0481-SUMCB,45,One year,Fiber optic,102.15,31.6,🟢 Low risk
9921-EZKBY,33,Month-to-month,Fiber optic,95.3,31.6,🟢 Low risk
8123-QBNAZ,36,Month-to-month,Fiber optic,104.5,31.6,🟢 Low risk
7742-MYPGI,6,Month-to-month,DSL,48.8,31.6,🟢 Low risk
8095-WANWK,10,Month-to-month,DSL,45.25,31.6,🟢 Low risk
9842-EFSYY,4,Month-to-month,DSL,57.2,31.5,🟢 Low risk
7521-AFHAB,5,Month-to-month,DSL,44.8,31.5,🟢 Low risk
8552-OBVRU,48,Month-to-month,Fiber optic,104.5,31.5,🟢 Low risk
9774-NRNAU,27,Month-to-month,DSL,84.8,31.4,🟢 Low risk
2669-OIDSD,48,Month-to-month,Fiber optic,100.05,31.4,🟢 Low risk
1258-YMZNM,27,One year,Fiber optic,110.5,31.3,🟢 Low risk
8564-LDKFL,40,One year,Fiber optic,106.0,31.3,🟢 Low risk
4821-SJHJV,32,Month-to-month,Fiber optic,89.6,31.3,🟢 Low risk
1394-SUIUH,44,Month-to-month,Fiber optic,85.15,31.3,🟢 Low risk
5828-DWPIL,62,Month-to-month,Fiber optic,89.1,31.3,🟢 Low risk
0178-SZBHO,47,Month-to-month,Fiber optic,87.2,31.3,🟢 Low risk
6897-UUBNU,29,Month-to-month,Fiber optic,89.65,31.2,🟢 Low risk
3522-CDKHF,32,Month-to-month,Fiber optic,75.5,31.2,🟢 Low risk
0799-DDIHE,15,Month-to-month,DSL,46.3,31.2,🟢 Low risk
0575-CUQOV,60,One year,Fiber optic,97.95,31.2,🟢 Low risk
6133-OZILE,18,Month-to-month,DSL,35.2,31.2,🟢 Low risk
2273-QCKXA,1,Month-to-month,DSL,49.05,31.1,🟢 Low risk
2709-UQGNP,10,Month-to-month,DSL,51.65,31.1,🟢 Low risk
7826-VVKWT,24,Two year,Fiber optic,96.55,31.1,🟢 Low risk
7693-QPEFS,52,Month-to-month,Fiber optic,72.95,31.1,🟢 Low risk
0060-FUALY,59,Month-to-month,Fiber optic,94.75,31.1,🟢 Low risk
3043-TYBNO,3,Month-to-month,DSL,60.65,31.0,🟢 Low risk
3787-TRIAL,21,Month-to-month,DSL,26.05,31.0,🟢 Low risk
4396-KLSEH,4,Month-to-month,No,19.85,30.9,🟢 Low risk
9812-GHVRI,40,Month-to-month,Fiber optic,83.85,30.9,🟢 Low risk
3345-JHUEO,4,Month-to-month,No,20.2,30.9,🟢 Low risk
5131-PONJI,49,Month-to-month,Fiber optic,90.4,30.9,🟢 Low risk
4647-XXZAM,6,Month-to-month,DSL,45.5,30.8,🟢 Low risk
0804-XBFBV,11,Month-to-month,DSL,25.2,30.8,🟢 Low risk
8152-UOBNY,50,One year,Fiber optic,106.8,30.8,🟢 Low risk
6029-CSMJE,17,Month-to-month,DSL,25.65,30.8,🟢 Low risk
7905-NJMXS,7,Month-to-month,DSL,64.2,30.8,🟢 Low risk
5018-GWURO,56,Month-to-month,Fiber optic,85.6,30.8,🟢 Low risk
2043-WVTQJ,1,Month-to-month,DSL,55.7,30.7,🟢 Low risk
5071-FBJFS,4,Month-to-month,DSL,50.3,30.7,🟢 Low risk
5172-MIGPM,4,Month-to-month,DSL,65.55,30.7,🟢 Low risk
5156-UMKOW,3,Month-to-month,DSL,29.65,30.6,🟢 Low risk
5697-GOMBF,28,Month-to-month,DSL,35.9,30.6,🟢 Low risk
1480-IVEVR,35,One year,Fiber optic,81.6,30.6,🟢 Low risk
5201-USSQZ,26,Month-to-month,Fiber optic,85.9,30.6,🟢 Low risk
1703-MGIAB,17,Month-to-month,DSL,69.0,30.6,🟢 Low risk
7993-NQLJE,15,Month-to-month,Fiber optic,75.1,30.5,🟢 Low risk
4801-JZAZL,11,Month-to-month,DSL,29.6,30.5,🟢 Low risk
3055-OYMSE,53,Month-to-month,Fiber optic,73.8,30.4,🟢 Low risk
7621-VPNET,42,Month-to-month,Fiber optic,85.9,30.4,🟢 Low risk
8705-DWKTI,52,Month-to-month,Fiber optic,83.8,30.4,🟢 Low risk
2075-RMJIK,5,Month-to-month,DSL,49.4,30.4,🟢 Low risk
2040-VZIKE,49,Month-to-month,Fiber optic,100.85,30.4,🟢 Low risk
4468-YDOVK,5,Month-to-month,DSL,48.65,30.4,🟢 Low risk
6253-WRFHY,13,One year,DSL,64.75,30.4,🟢 Low risk
8450-UYIBU,35,Month-to-month,DSL,39.85,30.3,🟢 Low risk
6128-AQBMT,41,Month-to-month,DSL,53.95,30.3,🟢 Low risk
5686-CMAWK,17,One year,Fiber optic,86.75,30.3,🟢 Low risk
9881-VCZEP,25,Month-to-month,DSL,54.1,30.3,🟢 Low risk
0089-IIQKO,39,Month-to-month,Fiber optic,99.95,30.3,🟢 Low risk
0929-PECLO,63,Month-to-month,Fiber optic,89.6,30.3,🟢 Low risk
0867-LDTTC,5,Month-to-month,DSL,75.15,30.3,🟢 Low risk
6847-KJLTS,58,Month-to-month,Fiber optic,100.4,30.2,🟢 Low risk
4098-NAUKP,68,Month-to-month,Fiber optic,84.65,30.2,🟢 Low risk
8148-BPLZQ,34,Month-to-month,DSL,49.8,30.2,🟢 Low risk
1329-VHWNP,7,Month-to-month,DSL,25.05,30.2,🟢 Low risk
5701-ZIKJE,13,Month-to-month,DSL,50.55,30.2,🟢 Low risk
2843-CQMEG,24,Month-to-month,DSL,49.7,30.1,🟢 Low risk
3452-SRFEG,49,Month-to-month,Fiber optic,74.6,30.1,🟢 Low risk
5671-UUNXD,50,One year,Fiber optic,100.65,30.1,🟢 Low risk
7130-CTCUS,16,Month-to-month,DSL,54.55,30.1,🟢 Low risk
7537-CBQUZ,63,Month-to-month,Fiber optic,109.4,30.0,🟢 Low risk
7596-LDUXP,12,One year,Fiber optic,85.15,30.0,🟢 Low risk
5198-EFNBM,57,One year,Fiber optic,90.65,30.0,🟢 Low risk
9233-PSYHO,45,One year,Fiber optic,100.15,30.0,🟢 Low risk
4307-KWMXE,10,Month-to-month,DSL,35.75,29.9,🟢 Low risk
3162-ZJZFU,53,Month-to-month,Fiber optic,92.55,29.9,🟢 Low risk
7356-IWLFW,46,Month-to-month,Fiber optic,80.0,29.9,🟢 Low risk
4439-YRNVD,10,Month-to-month,DSL,36.25,29.9,🟢 Low risk
8755-IWJHN,69,Month-to-month,Fiber optic,95.35,29.8,🟢 Low risk
1261-FWTTE,23,Month-to-month,DSL,34.65,29.8,🟢 Low risk
3521-MNKLV,24,Month-to-month,DSL,49.7,29.8,🟢 Low risk
7966-YOTQW,10,Month-to-month,DSL,54.5,29.8,🟢 Low risk
6807-SIWJI,38,One year,Fiber optic,104.85,29.8,🟢 Low risk
2674-MLXMN,71,Month-to-month,Fiber optic,99.65,29.7,🟢 Low risk
6429-SHBCB,19,Month-to-month,DSL,69.6,29.7,🟢 Low risk
5882-CMAZQ,5,Month-to-month,DSL,34.25,29.7,🟢 Low risk
4250-WAROZ,60,Month-to-month,Fiber optic,93.25,29.7,🟢 Low risk
9544-PYPSJ,62,Month-to-month,Fiber optic,96.1,29.7,🟢 Low risk
2049-BAFNW,1,Month-to-month,DSL,35.9,29.7,🟢 Low risk
8049-WJCLQ,10,Month-to-month,DSL,60.2,29.6,🟢 Low risk
3639-XJHKQ,19,Month-to-month,DSL,60.6,29.6,🟢 Low risk
6173-GOLSU,67,Month-to-month,Fiber optic,94.65,29.5,🟢 Low risk
1422-DGUBX,32,One year,Fiber optic,79.25,29.5,🟢 Low risk
0811-GSDTP,13,Month-to-month,DSL,30.15,29.5,🟢 Low risk
3566-VVORZ,12,Month-to-month,DSL,45.9,29.5,🟢 Low risk
5136-RGMZO,31,Month-to-month,DSL,71.05,29.5,🟢 Low risk
0013-MHZWF,9,Month-to-month,DSL,69.4,29.4,🟢 Low risk
8695-WDYEA,1,Month-to-month,DSL,51.25,29.4,🟢 Low risk
1174-FGIFN,28,One year,Fiber optic,90.45,29.3,🟢 Low risk
9708-HPXWZ,5,Month-to-month,DSL,45.4,29.3,🟢 Low risk
3620-MWJNE,2,Month-to-month,DSL,54.45,29.2,🟢 Low risk
2607-FBDFF,1,Month-to-month,DSL,49.0,29.2,🟢 Low risk
1215-FIGMP,60,Month-to-month,Fiber optic,89.9,29.2,🟢 Low risk
8677-HDZEE,56,Month-to-month,Fiber optic,105.45,29.2,🟢 Low risk
7950-XWOVN,11,Month-to-month,DSL,34.7,29.2,🟢 Low risk
4918-FYJNT,55,Month-to-month,Fiber optic,90.45,29.1,🟢 Low risk
4983-CLMLV,52,Month-to-month,Fiber optic,102.7,29.1,🟢 Low risk
3865-QBWSJ,38,Month-to-month,Fiber optic,80.45,29.1,🟢 Low risk
4488-KQFDT,61,One year,Fiber optic,103.95,29.1,🟢 Low risk
9489-UTFKA,8,Month-to-month,DSL,60.9,29.1,🟢 Low risk
0880-FVFWF,56,Month-to-month,Fiber optic,86.4,29.1,🟢 Low risk
6656-JWRQX,1,Month-to-month,DSL,30.55,29.1,🟢 Low risk
9052-VKDUW,65,Month-to-month,Fiber optic,109.4,29.0,🟢 Low risk
1685-VAYJF,11,Month-to-month,DSL,45.2,29.0,🟢 Low risk
0100-DUVFC,70,One year,Fiber optic,104.8,29.0,🟢 Low risk
2985-JUUBZ,40,Month-to-month,DSL,74.55,29.0,🟢 Low risk
3567-PQTSO,53,One year,Fiber optic,105.25,29.0,🟢 Low risk
5339-TJFEK,62,Month-to-month,Fiber optic,105.5,28.9,🟢 Low risk
5445-GLVOT,22,Month-to-month,DSL,49.8,28.9,🟢 Low risk
3062-ICYZQ,51,Month-to-month,Fiber optic,93.8,28.9,🟢 Low risk
4851-BQDNX,40,One year,Fiber optic,85.05,28.9,🟢 Low risk
5349-AZPEW,5,Month-to-month,DSL,25.05,28.9,🟢 Low risk
1816-FLZDK,1,Month-to-month,DSL,29.15,28.9,🟢 Low risk
7587-AOVVU,27,Month-to-month,Fiber optic,100.75,28.8,🟢 Low risk
7661-CPURM,19,One year,Fiber optic,87.7,28.8,🟢 Low risk
6629-LADHQ,2,Month-to-month,DSL,50.95,28.7,🟢 Low risk
2604-XVDAM,12,Month-to-month,DSL,43.8,28.7,🟢 Low risk
2806-MLNTI,52,One year,Fiber optic,105.1,28.7,🟢 Low risk
2195-VVRJF,18,Month-to-month,DSL,59.1,28.7,🟢 Low risk
0423-UDIJQ,9,Month-to-month,DSL,49.2,28.6,🟢 Low risk
2190-BCXEC,40,Month-to-month,Fiber optic,78.85,28.6,🟢 Low risk
1658-XUHBX,59,Month-to-month,Fiber optic,88.75,28.6,🟢 Low risk
3179-GBRWV,21,Month-to-month,DSL,64.95,28.6,🟢 Low risk
1134-YWTYF,27,Month-to-month,DSL,53.8,28.6,🟢 Low risk
1074-AMIOH,53,Month-to-month,Fiber optic,108.25,28.6,🟢 Low risk
4456-RHSNB,19,Month-to-month,DSL,49.6,28.6,🟢 Low risk
3780-DDGSE,35,Month-to-month,DSL,76.05,28.5,🟢 Low risk
5243-SAOTC,54,Month-to-month,Fiber optic,79.85,28.5,🟢 Low risk
2172-EJXVF,71,One year,Fiber optic,105.9,28.4,🟢 Low risk
2475-MROZF,30,Month-to-month,Fiber optic,95.0,28.4,🟢 Low risk
3466-BYAVD,15,Month-to-month,DSL,69.5,28.4,🟢 Low risk
5542-DHSXL,4,Month-to-month,DSL,54.7,28.4,🟢 Low risk
7245-JMTTQ,51,One year,Fiber optic,111.5,28.4,🟢 Low risk
2229-VWQJH,24,Month-to-month,DSL,49.3,28.3,🟢 Low risk
9828-QHFBK,24,Month-to-month,DSL,51.15,28.2,🟢 Low risk
5336-UFNZP,65,One year,Fiber optic,107.45,28.2,🟢 Low risk
8885-QSQBX,1,Month-to-month,DSL,49.55,28.1,🟢 Low risk
8547-NSBBO,35,Month-to-month,Fiber optic,96.75,28.1,🟢 Low risk
2279-AXJJK,52,Month-to-month,Fiber optic,95.65,28.1,🟢 Low risk
8647-SDTWQ,57,Month-to-month,Fiber optic,74.3,28.1,🟢 Low risk
7799-DSEWS,18,Month-to-month,DSL,68.35,28.1,🟢 Low risk
5325-UWTWJ,31,Month-to-month,Fiber optic,90.55,28.1,🟢 Low risk
4070-OKWVH,52,Month-to-month,Fiber optic,94.6,28.1,🟢 Low risk
2378-HTWFW,35,Month-to-month,Fiber optic,91.0,28.0,🟢 Low risk
9137-NOQKA,2,Month-to-month,No,19.2,28.0,🟢 Low risk
4957-TREIR,3,Month-to-month,DSL,64.4,28.0,🟢 Low risk
3890-RTCMS,16,Month-to-month,DSL,49.45,28.0,🟢 Low risk
4608-LCIMN,8,Month-to-month,DSL,44.65,28.0,🟢 Low risk
5002-GCQFH,49,Month-to-month,Fiber optic,93.85,28.0,🟢 Low risk
4945-RVMTE,28,Month-to-month,DSL,59.55,28.0,🟢 Low risk
2267-WTPYD,57,Month-to-month,Fiber optic,94.0,28.0,🟢 Low risk
8735-IJJEG,14,Month-to-month,DSL,50.2,28.0,🟢 Low risk
3301-LSLWQ,29,Month-to-month,DSL,66.1,27.9,🟢 Low risk
7449-HVPIV,55,Month-to-month,Fiber optic,90.4,27.9,🟢 Low risk
3733-ZEECP,22,Month-to-month,DSL,51.1,27.8,🟢 Low risk
3629-WEAAM,8,Month-to-month,DSL,64.1,27.8,🟢 Low risk
9396-ZSFLL,15,Month-to-month,DSL,48.85,27.8,🟢 Low risk
5443-SCMKX,58,One year,Fiber optic,94.3,27.8,🟢 Low risk
4692-NNQRU,21,One year,Fiber optic,79.2,27.8,🟢 Low risk
1986-PHGZF,18,Month-to-month,DSL,58.4,27.7,🟢 Low risk
1024-KPRBB,38,One year,Fiber optic,89.1,27.7,🟢 Low risk
1559-DTODC,19,Month-to-month,DSL,25.15,27.7,🟢 Low risk
4724-WXVWF,48,Month-to-month,Fiber optic,95.4,27.7,🟢 Low risk
6261-LHRTG,26,Month-to-month,DSL,54.75,27.7,🟢 Low risk
0603-OLQDC,12,Month-to-month,DSL,69.85,27.7,🟢 Low risk
7047-FWEYA,46,One year,Fiber optic,103.15,27.7,🟢 Low risk
4188-FRABG,57,Month-to-month,Fiber optic,103.05,27.6,🟢 Low risk
9373-WSLOY,33,Month-to-month,DSL,50.0,27.6,🟢 Low risk
2519-ERQOJ,33,Month-to-month,DSL,54.6,27.6,🟢 Low risk
2305-MRGLV,28,Month-to-month,Fiber optic,76.55,27.6,🟢 Low risk
2988-GBIVW,70,Month-to-month,Fiber optic,90.85,27.6,🟢 Low risk
3845-JHAMY,16,Month-to-month,DSL,35.5,27.5,🟢 Low risk
7629-WIXZF,7,One year,DSL,59.1,27.5,🟢 Low risk
2826-UWHIS,45,Month-to-month,Fiber optic,81.4,27.5,🟢 Low risk
0282-NVSJS,12,Month-to-month,DSL,29.3,27.4,🟢 Low risk
1656-DRSMG,63,Month-to-month,Fiber optic,109.85,27.4,🟢 Low risk
3404-JNXAX,51,Month-to-month,Fiber optic,80.75,27.4,🟢 Low risk
8627-ZYGSZ,47,One year,Fiber optic,78.9,27.4,🟢 Low risk
2144-BFDSO,50,Month-to-month,Fiber optic,108.75,27.4,🟢 Low risk
0734-OXWBT,3,Month-to-month,DSL,70.7,27.4,🟢 Low risk
7319-VENRZ,7,Month-to-month,DSL,64.3,27.4,🟢 Low risk
2267-FPIMA,50,Month-to-month,Fiber optic,94.4,27.3,🟢 Low risk
5366-OBVMR,18,Month-to-month,DSL,50.3,27.3,🟢 Low risk
9375-MHRRS,6,Month-to-month,DSL,50.05,27.3,🟢 Low risk
5999-LCXAO,1,Month-to-month,DSL,29.9,27.2,🟢 Low risk
8217-QYOHV,5,Month-to-month,DSL,55.75,27.2,🟢 Low risk
0774-IFUVM,11,Month-to-month,DSL,65.15,27.2,🟢 Low risk
5201-FRKKS,25,Month-to-month,Fiber optic,74.3,27.2,🟢 Low risk
0959-WHOKV,42,One year,Fiber optic,99.0,27.2,🟢 Low risk
8868-GAGIO,45,Month-to-month,Fiber optic,84.55,27.1,🟢 Low risk
5141-ZUVBH,9,Month-to-month,Fiber optic,93.0,27.1,🟢 Low risk
3537-HPKQT,55,Month-to-month,Fiber optic,77.75,27.1,🟢 Low risk
5309-TAIKL,7,Month-to-month,DSL,62.8,27.1,🟢 Low risk
1360-JYXKQ,54,One year,Fiber optic,99.1,27.1,🟢 Low risk
5527-ACHSO,11,Month-to-month,DSL,70.5,27.1,🟢 Low risk
4673-KKSLS,31,Month-to-month,Fiber optic,87.6,27.1,🟢 Low risk
5274-XHAKY,41,Month-to-month,Fiber optic,94.3,27.1,🟢 Low risk
3097-PYWXL,4,Month-to-month,No,19.95,27.0,🟢 Low risk
6620-JDYNW,18,Month-to-month,DSL,60.6,27.0,🟢 Low risk
7109-MFBYV,26,Month-to-month,DSL,45.45,27.0,🟢 Low risk
0228-MAUWC,19,Month-to-month,DSL,59.55,27.0,🟢 Low risk
3511-APPBJ,23,One year,Fiber optic,99.95,27.0,🟢 Low risk
4393-RYCRE,44,One year,Fiber optic,106.05,27.0,🟢 Low risk
8263-OKETD,20,Month-to-month,DSL,68.9,27.0,🟢 Low risk
4097-YODCF,34,One year,Fiber optic,103.8,26.9,🟢 Low risk
1784-EZDKJ,51,One year,Fiber optic,106.8,26.9,🟢 Low risk
2480-JZOSN,1,Month-to-month,No,20.65,26.9,🟢 Low risk
6439-LAJXL,9,Month-to-month,DSL,68.95,26.9,🟢 Low risk
5816-QVHRX,37,Month-to-month,Fiber optic,100.3,26.9,🟢 Low risk
8992-OBVDG,21,Month-to-month,DSL,61.65,26.9,🟢 Low risk
4459-BBGHE,30,Month-to-month,DSL,44.5,26.8,🟢 Low risk
8812-ZRHFP,30,One year,Fiber optic,86.45,26.8,🟢 Low risk
3255-GRXMG,18,Month-to-month,DSL,45.65,26.8,🟢 Low risk
6483-OATDN,8,Month-to-month,DSL,51.3,26.7,🟢 Low risk
5575-TPIZQ,46,Month-to-month,Fiber optic,89.15,26.7,🟢 Low risk
2446-ZKVAF,18,Month-to-month,DSL,56.8,26.7,🟢 Low risk
2692-PFYTJ,1,Month-to-month,No,25.75,26.7,🟢 Low risk
4010-YLMVT,56,Month-to-month,Fiber optic,106.6,26.7,🟢 Low risk
5046-NUHWD,29,Month-to-month,DSL,45.0,26.7,🟢 Low risk
1470-PSXNM,49,One year,Fiber optic,93.65,26.6,🟢 Low risk
1853-ARAAQ,26,Month-to-month,DSL,50.35,26.6,🟢 Low risk
6366-XIVKZ,13,Month-to-month,DSL,63.15,26.6,🟢 Low risk
8896-BQTTI,1,Month-to-month,No,25.0,26.6,🟢 Low risk
4191-XOVOM,63,Month-to-month,Fiber optic,105.4,26.6,🟢 Low risk
2716-GFZOR,43,Month-to-month,Fiber optic,86.1,26.6,🟢 Low risk
2474-LCNUE,23,Month-to-month,DSL,73.65,26.6,🟢 Low risk
9912-OMZDS,59,One year,Fiber optic,106.15,26.5,🟢 Low risk
5186-EJEGL,9,Month-to-month,DSL,69.5,26.5,🟢 Low risk
4826-TZEVA,40,Month-to-month,Fiber optic,74.8,26.5,🟢 Low risk
1707-HABPF,46,One year,Fiber optic,91.3,26.4,🟢 Low risk
8201-AAXCB,25,Month-to-month,DSL,60.35,26.4,🟢 Low risk
5624-RYAMH,9,Month-to-month,No,19.5,26.4,🟢 Low risk
7025-IWFHT,41,One year,Fiber optic,89.55,26.3,🟢 Low risk
5804-HYIEZ,70,Month-to-month,Fiber optic,106.05,26.3,🟢 Low risk
7869-ZYDST,31,Month-to-month,DSL,59.05,26.2,🟢 Low risk
0670-KDOMA,1,Month-to-month,No,20.25,26.2,🟢 Low risk
2081-KJSQF,1,Month-to-month,No,20.25,26.2,🟢 Low risk
4634-JLRJT,1,Month-to-month,No,20.35,26.2,🟢 Low risk
0314-TKOSI,6,Month-to-month,DSL,55.15,26.2,🟢 Low risk
5553-AOINX,66,One year,Fiber optic,104.9,26.2,🟢 Low risk
5996-DAOQL,1,Month-to-month,No,20.45,26.2,🟢 Low risk
0820-FNRNX,17,Month-to-month,DSL,66.7,26.2,🟢 Low risk
8262-COGGB,1,Month-to-month,No,20.45,26.2,🟢 Low risk
8566-YPRGL,1,Month-to-month,No,19.5,26.1,🟢 Low risk
4661-NJEUX,1,Month-to-month,No,20.05,26.1,🟢 Low risk
7298-IZWLY,1,Month-to-month,No,19.4,26.1,🟢 Low risk
4377-VDHYI,32,One year,Fiber optic,90.8,26.1,🟢 Low risk
2465-BLLEU,1,Month-to-month,No,19.75,26.1,🟢 Low risk
2740-JFBOK,10,Month-to-month,No,24.0,26.1,🟢 Low risk
6891-JPYFF,48,Month-to-month,Fiber optic,105.25,26.1,🟢 Low risk
5951-AOFIH,33,Month-to-month,DSL,66.4,26.1,🟢 Low risk
6507-DTJZV,13,Month-to-month,DSL,66.4,26.1,🟢 Low risk
2369-FEVNO,1,Month-to-month,No,19.9,26.1,🟢 Low risk
1622-HSHSF,1,Month-to-month,No,19.55,26.1,🟢 Low risk
5906-BFOZT,1,Month-to-month,No,19.5,26.1,🟢 Low risk
3657-COGMW,52,Month-to-month,Fiber optic,108.1,26.0,🟢 Low risk
8166-ORCHU,33,One year,Fiber optic,93.55,26.0,🟢 Low risk
7426-GSWPO,64,Month-to-month,Fiber optic,103.5,26.0,🟢 Low risk
6234-PFPXL,22,Month-to-month,Fiber optic,95.9,26.0,🟢 Low risk
3794-NFNCH,30,Month-to-month,DSL,50.0,26.0,🟢 Low risk
7398-LXGYX,44,Month-to-month,Fiber optic,84.8,25.9,🟢 Low risk
0550-DCXLH,13,Month-to-month,DSL,73.35,25.9,🟢 Low risk
4003-FUSHP,19,Month-to-month,DSL,61.55,25.9,🟢 Low risk
7446-YPODE,11,Month-to-month,DSL,60.25,25.9,🟢 Low risk
9356-AXGMP,38,One year,Fiber optic,110.7,25.9,🟢 Low risk
2585-KTFRE,1,Month-to-month,DSL,70.45,25.9,🟢 Low risk
7776-QGYJC,39,Month-to-month,Fiber optic,81.5,25.8,🟢 Low risk
7814-LEEVE,1,Month-to-month,No,20.3,25.8,🟢 Low risk
1104-FEJAM,28,Month-to-month,DSL,64.4,25.8,🟢 Low risk
8003-EWNDZ,10,Month-to-month,No,21.2,25.8,🟢 Low risk
2669-QVCRG,41,Month-to-month,Fiber optic,81.3,25.7,🟢 Low risk
0327-WFZSY,39,One year,Fiber optic,100.0,25.7,🟢 Low risk
7343-EOBEU,3,Month-to-month,No,23.6,25.6,🟢 Low risk
7921-LMDFQ,51,One year,Fiber optic,94.0,25.6,🟢 Low risk
2402-TAIRZ,37,One year,Fiber optic,80.05,25.6,🟢 Low risk
5198-HQAEN,35,One year,Fiber optic,89.7,25.6,🟢 Low risk
8620-RJPZN,1,Month-to-month,No,20.7,25.6,🟢 Low risk
1156-ZFYDO,1,Month-to-month,No,19.75,25.5,🟢 Low risk
5088-QZLRL,1,Month-to-month,No,20.65,25.5,🟢 Low risk
6668-CNMFP,19,One year,Fiber optic,89.35,25.5,🟢 Low risk
6728-VOIFY,63,One year,Fiber optic,96.0,25.5,🟢 Low risk
8108-UXRQN,11,Month-to-month,DSL,50.55,25.5,🟢 Low risk
0853-NWIFK,45,One year,Fiber optic,100.3,25.4,🟢 Low risk
2826-DXLQO,7,Month-to-month,DSL,29.8,25.4,🟢 Low risk
6815-ABQFQ,56,One year,Fiber optic,107.25,25.4,🟢 Low risk
2770-NSVDG,24,Month-to-month,DSL,29.1,25.4,🟢 Low risk
7251-LJBQN,40,One year,Fiber optic,103.75,25.4,🟢 Low risk
4232-JGKIY,1,Month-to-month,No,19.2,25.4,🟢 Low risk
3144-KMTWZ,71,Month-to-month,Fiber optic,93.25,25.4,🟢 Low risk
1216-BGTSP,45,Month-to-month,Fiber optic,108.45,25.4,🟢 Low risk
4324-AHJKS,5,Month-to-month,DSL,55.8,25.4,🟢 Low risk
8992-CEUEN,1,Month-to-month,No,18.85,25.4,🟢 Low risk
7617-EYGLW,1,Month-to-month,No,19.45,25.4,🟢 Low risk
0871-OPBXW,2,Month-to-month,No,20.05,25.3,🟢 Low risk
7075-BNDVQ,4,Month-to-month,DSL,35.0,25.3,🟢 Low risk
4986-MXSFP,2,Month-to-month,No,20.0,25.3,🟢 Low risk
6942-LBFDP,2,Month-to-month,No,20.55,25.3,🟢 Low risk
1794-SWWKL,15,Month-to-month,DSL,59.65,25.3,🟢 Low risk
3594-IVHJZ,2,Month-to-month,No,20.45,25.3,🟢 Low risk
7883-ROJOC,19,Month-to-month,DSL,44.9,25.2,🟢 Low risk
1958-RNRKS,30,Month-to-month,DSL,49.9,25.2,🟢 Low risk
8033-VCZGH,50,One year,Fiber optic,103.95,25.2,🟢 Low risk
2640-LYMOV,2,Month-to-month,No,19.65,25.2,🟢 Low risk
7789-HKSBS,42,One year,Fiber optic,105.2,25.2,🟢 Low risk
6184-DYUOB,3,Month-to-month,No,19.6,25.0,🟢 Low risk
1098-TDVUQ,1,Month-to-month,No,19.25,25.0,🟢 Low risk
5066-GFJMM,3,Month-to-month,No,19.9,25.0,🟢 Low risk
7291-CDTMJ,1,Month-to-month,No,19.65,25.0,🟢 Low risk
7919-ZODZZ,10,One year,DSL,65.9,25.0,🟢 Low risk
0701-TJSEF,9,Month-to-month,DSL,68.25,25.0,🟢 Low risk
1020-JPQOW,56,Month-to-month,Fiber optic,90.55,24.9,🟢 Low risk
9972-VAFJJ,53,One year,Fiber optic,94.0,24.9,🟢 Low risk
8082-GHXOP,13,Month-to-month,DSL,44.0,24.9,🟢 Low risk
7246-ZGQDF,1,Month-to-month,DSL,54.5,24.8,🟢 Low risk
6917-IAYHD,1,Month-to-month,DSL,33.6,24.8,🟢 Low risk
9537-VHDTA,1,Month-to-month,DSL,51.2,24.8,🟢 Low risk
5206-HPJKM,17,Month-to-month,DSL,55.5,24.8,🟢 Low risk
7909-FIOIY,19,Month-to-month,DSL,24.85,24.7,🟢 Low risk
1453-RZFON,1,Month-to-month,DSL,49.9,24.7,🟢 Low risk
8679-LZBMD,44,One year,Fiber optic,90.65,24.7,🟢 Low risk
6952-OMNWB,68,Month-to-month,Fiber optic,80.35,24.7,🟢 Low risk
3736-BLEPA,28,One year,Fiber optic,91.25,24.7,🟢 Low risk
2832-SCUCO,2,Month-to-month,No,19.9,24.7,🟢 Low risk
2436-QBZFP,22,Month-to-month,DSL,39.2,24.6,🟢 Low risk
3723-BFBGR,24,Month-to-month,DSL,54.8,24.6,🟢 Low risk
5628-RKIFK,49,Month-to-month,Fiber optic,101.55,24.6,🟢 Low risk
4338-EYCER,21,Month-to-month,DSL,54.6,24.5,🟢 Low risk
7611-YKYTC,22,Month-to-month,Fiber optic,75.0,24.5,🟢 Low risk
8421-WZOOW,57,Month-to-month,Fiber optic,95.3,24.5,🟢 Low risk
3946-JEWRQ,47,One year,Fiber optic,95.2,24.5,🟢 Low risk
8189-HBVRW,53,Month-to-month,Fiber optic,90.8,24.5,🟢 Low risk
9419-IPPBE,51,One year,Fiber optic,90.15,24.5,🟢 Low risk
3541-ZNUHK,55,Month-to-month,Fiber optic,85.1,24.5,🟢 Low risk
1935-IMVBB,56,Month-to-month,Fiber optic,89.7,24.4,🟢 Low risk
3717-LNXKW,38,Month-to-month,Fiber optic,91.7,24.4,🟢 Low risk
7526-IVLYU,3,Month-to-month,No,19.65,24.4,🟢 Low risk
6994-ORCWG,14,One year,DSL,54.25,24.4,🟢 Low risk
7853-WNZSY,1,Month-to-month,No,19.75,24.4,🟢 Low risk
2858-EIMXH,53,One year,Fiber optic,95.85,24.4,🟢 Low risk
2393-DIVAI,3,Month-to-month,No,20.0,24.4,🟢 Low risk
6067-NGCEU,65,Month-to-month,Fiber optic,111.05,24.3,🟢 Low risk
3007-FDPEA,2,Month-to-month,No,20.7,24.3,🟢 Low risk
9039-ZVJDC,3,Month-to-month,No,19.1,24.3,🟢 Low risk
6549-NNDYT,13,Month-to-month,DSL,30.85,24.3,🟢 Low risk
9763-GRSKD,13,Month-to-month,DSL,49.95,24.3,🟢 Low risk
2931-SVLTV,40,Month-to-month,Fiber optic,110.1,24.2,🟢 Low risk
0237-YFUTL,50,Month-to-month,Fiber optic,109.65,24.2,🟢 Low risk
0365-TRTPY,37,Month-to-month,Fiber optic,91.2,24.2,🟢 Low risk
8652-YHIYU,16,One year,Fiber optic,79.5,24.2,🟢 Low risk
4908-XAXAY,49,One year,Fiber optic,89.85,24.2,🟢 Low risk
7821-DPRQE,68,Month-to-month,Fiber optic,107.7,24.2,🟢 Low risk
0369-ZGOVK,28,One year,Fiber optic,70.4,24.2,🟢 Low risk
4282-ACRXS,38,Month-to-month,DSL,24.85,24.2,🟢 Low risk
4685-ERGHK,57,One year,Fiber optic,86.9,24.1,🟢 Low risk
9825-YCXWZ,41,One year,Fiber optic,101.1,24.1,🟢 Low risk
4923-ADWXJ,25,Month-to-month,DSL,65.8,24.1,🟢 Low risk
0621-HJWXJ,63,Month-to-month,Fiber optic,81.55,24.1,🟢 Low risk
3090-LETTY,2,Month-to-month,DSL,60.95,24.1,🟢 Low risk
3640-JQGJG,13,Month-to-month,DSL,44.8,24.1,🟢 Low risk
2379-GYFLQ,46,One year,Fiber optic,94.9,24.1,🟢 Low risk
2896-TBNBE,40,One year,Fiber optic,80.8,24.0,🟢 Low risk
7426-WEIJX,60,Month-to-month,Fiber optic,80.95,24.0,🟢 Low risk
8961-QDZZJ,57,One year,Fiber optic,95.0,24.0,🟢 Low risk
1552-AAGRX,30,Month-to-month,Fiber optic,106.4,24.0,🟢 Low risk
6353-BRMMA,54,Month-to-month,Fiber optic,104.1,24.0,🟢 Low risk
4937-QPZPO,61,One year,Fiber optic,99.9,24.0,🟢 Low risk
5898-IGSLP,31,Month-to-month,Fiber optic,89.3,24.0,🟢 Low risk
5630-AHZIL,3,Month-to-month,DSL,64.5,24.0,🟢 Low risk
3570-YUEKJ,42,Month-to-month,DSL,49.55,24.0,🟢 Low risk
2623-DRYAM,70,One year,Fiber optic,101.75,24.0,🟢 Low risk
4415-WNGVR,12,One year,DSL,79.2,24.0,🟢 Low risk
8930-XOTDP,18,Month-to-month,DSL,55.95,24.0,🟢 Low risk
7203-OYKCT,72,One year,Fiber optic,104.95,24.0,🟢 Low risk
8294-UIMBA,30,One year,Fiber optic,94.4,23.9,🟢 Low risk
8963-JLGJT,3,Month-to-month,DSL,55.9,23.9,🟢 Low risk
8329-GWVPJ,50,Month-to-month,Fiber optic,69.75,23.9,🟢 Low risk
3744-ZBHON,3,Month-to-month,No,20.2,23.9,🟢 Low risk
6475-VHUIZ,23,Month-to-month,DSL,54.25,23.8,🟢 Low risk
4693-VWVBO,3,Month-to-month,No,19.55,23.8,🟢 Low risk
6199-IWKGC,46,One year,Fiber optic,100.25,23.8,🟢 Low risk
3920-HIHMQ,26,Month-to-month,DSL,49.5,23.7,🟢 Low risk
9943-VSZUV,67,Month-to-month,Fiber optic,75.7,23.7,🟢 Low risk
6549-YMFAW,9,Month-to-month,No,21.25,23.7,🟢 Low risk
6689-VRRTK,44,One year,Fiber optic,109.8,23.7,🟢 Low risk
6300-BWMJX,59,Month-to-month,Fiber optic,93.35,23.7,🟢 Low risk
6469-QJKZW,4,Month-to-month,No,20.15,23.7,🟢 Low risk
3982-DQLUS,65,Month-to-month,Fiber optic,85.75,23.7,🟢 Low risk
7636-XUHWW,2,Month-to-month,No,19.9,23.6,🟢 Low risk
5136-GFPMB,54,Month-to-month,Fiber optic,89.4,23.6,🟢 Low risk
1976-AZZPJ,7,Month-to-month,DSL,34.2,23.6,🟢 Low risk
9500-LTVBP,35,Month-to-month,Fiber optic,80.05,23.6,🟢 Low risk
9795-VOWON,7,One year,DSL,24.35,23.6,🟢 Low risk
3638-DIMPH,13,One year,DSL,43.8,23.5,🟢 Low risk
0690-SRQID,4,Month-to-month,No,19.65,23.5,🟢 Low risk
5144-PQCDZ,4,Month-to-month,No,19.95,23.5,🟢 Low risk
5447-WZAFP,53,One year,Fiber optic,100.3,23.4,🟢 Low risk
4869-EPIUS,56,One year,Fiber optic,80.9,23.4,🟢 Low risk
1335-HQMKX,72,One year,Fiber optic,101.35,23.3,🟢 Low risk
4544-RXFMG,8,One year,DSL,43.45,23.3,🟢 Low risk
9058-HRZSV,65,Month-to-month,Fiber optic,94.4,23.3,🟢 Low risk
7188-CBBBA,65,One year,Fiber optic,95.5,23.2,🟢 Low risk
5206-XZZQI,53,Month-to-month,Fiber optic,80.6,23.2,🟢 Low risk
0326-VDYXE,70,One year,Fiber optic,97.65,23.2,🟢 Low risk
6022-KOUQO,2,Month-to-month,DSL,29.05,23.2,🟢 Low risk
7856-GANIL,45,One year,Fiber optic,98.7,23.2,🟢 Low risk
2458-EOMRE,11,Month-to-month,DSL,64.05,23.2,🟢 Low risk
0516-OOHAR,28,One year,Fiber optic,100.35,23.1,🟢 Low risk
0595-ITUDF,64,Month-to-month,Fiber optic,91.8,23.1,🟢 Low risk
9069-LGEUL,23,Month-to-month,DSL,59.95,23.1,🟢 Low risk
4486-EFAEB,13,Month-to-month,No,20.4,23.1,🟢 Low risk
9350-VLHMB,67,Month-to-month,Fiber optic,89.55,23.1,🟢 Low risk
0512-FLFDW,60,One year,Fiber optic,100.5,23.1,🟢 Low risk
9862-KJTYK,19,Month-to-month,DSL,25.35,23.1,🟢 Low risk
5076-YVXCM,51,Month-to-month,Fiber optic,83.4,23.1,🟢 Low risk
0058-EVZWM,55,Month-to-month,Fiber optic,89.8,23.0,🟢 Low risk
0691-NIKRI,40,One year,Fiber optic,105.95,23.0,🟢 Low risk
5370-IIVVL,37,One year,Fiber optic,104.5,23.0,🟢 Low risk
2732-ISEZX,5,Month-to-month,No,20.5,22.9,🟢 Low risk
0463-WZZKO,3,Month-to-month,No,20.75,22.9,🟢 Low risk
2599-CZABP,14,One year,DSL,44.6,22.9,🟢 Low risk
3572-UOLYZ,46,Month-to-month,Fiber optic,84.8,22.9,🟢 Low risk
9342-VNIMQ,33,Month-to-month,DSL,54.65,22.9,🟢 Low risk
4832-VRBMR,65,One year,Fiber optic,103.15,22.9,🟢 Low risk
8735-DCXNF,10,Month-to-month,DSL,54.95,22.9,🟢 Low risk
1170-SASML,69,Month-to-month,Fiber optic,85.4,22.8,🟢 Low risk
5846-QFDFI,33,Month-to-month,Fiber optic,88.6,22.8,🟢 Low risk
8023-QHAIO,56,Month-to-month,Fiber optic,76.85,22.8,🟢 Low risk
1840-BIUOG,20,One year,DSL,68.7,22.8,🟢 Low risk
3069-SSVSN,1,One year,DSL,25.85,22.8,🟢 Low risk
0187-WZNAB,27,Month-to-month,Fiber optic,74.4,22.8,🟢 Low risk
9040-KZVWO,26,One year,Fiber optic,75.5,22.7,🟢 Low risk
3410-MHHUM,44,One year,Fiber optic,94.4,22.7,🟢 Low risk
2480-EJWYP,58,One year,Fiber optic,97.8,22.7,🟢 Low risk
0303-WMMRN,5,Month-to-month,No,19.25,22.7,🟢 Low risk
3154-CFSZG,47,Month-to-month,Fiber optic,90.05,22.7,🟢 Low risk
6627-CFOSN,59,Month-to-month,Fiber optic,99.45,22.6,🟢 Low risk
0471-ARVMX,62,One year,Fiber optic,104.85,22.6,🟢 Low risk
5639-NTUPK,13,Month-to-month,DSL,52.1,22.6,🟢 Low risk
1697-NVVGY,19,Month-to-month,DSL,66.4,22.6,🟢 Low risk
6773-LQTVT,29,Month-to-month,DSL,35.65,22.6,🟢 Low risk
4138-NAXED,51,Month-to-month,Fiber optic,81.0,22.6,🟢 Low risk
0274-JKUJR,7,Month-to-month,DSL,58.85,22.6,🟢 Low risk
2000-MPKCA,58,One year,Fiber optic,107.75,22.6,🟢 Low risk
7128-GGCNO,46,Month-to-month,Fiber optic,72.8,22.6,🟢 Low risk
1410-RSCMR,7,Month-to-month,DSL,71.35,22.6,🟢 Low risk
2937-FTHUR,18,Month-to-month,DSL,64.8,22.5,🟢 Low risk
5174-ITUMV,67,One year,Fiber optic,105.4,22.5,🟢 Low risk
6131-FOYAS,35,Month-to-month,DSL,59.6,22.5,🟢 Low risk
7129-AZJDE,34,One year,Fiber optic,78.95,22.5,🟢 Low risk
1423-BMPBQ,1,Month-to-month,No,19.0,22.4,🟢 Low risk
8663-UPDGF,26,Month-to-month,DSL,69.5,22.4,🟢 Low risk
5188-HGMLP,54,Month-to-month,Fiber optic,74.0,22.4,🟢 Low risk
2293-IJWPS,57,One year,Fiber optic,100.75,22.4,🟢 Low risk
7610-TVOPG,15,Month-to-month,No,26.35,22.4,🟢 Low risk
8317-BVKSO,14,Month-to-month,No,20.05,22.4,🟢 Low risk
9629-NHXFW,1,Month-to-month,No,19.4,22.4,🟢 Low risk
7550-WIQVA,50,One year,Fiber optic,108.25,22.3,🟢 Low risk
8807-ARQET,41,Month-to-month,DSL,40.35,22.3,🟢 Low risk
8799-OXZMD,28,Month-to-month,DSL,29.75,22.3,🟢 Low risk
6537-OTKMY,15,One year,DSL,50.75,22.2,🟢 Low risk
9142-KZXOP,44,Month-to-month,Fiber optic,68.85,22.2,🟢 Low risk
3701-SFMUH,7,Month-to-month,DSL,69.7,22.2,🟢 Low risk
5955-EPOAZ,6,Month-to-month,No,20.95,22.1,🟢 Low risk
0980-PVMRC,40,Month-to-month,DSL,50.85,22.1,🟢 Low risk
7976-CICYS,4,Month-to-month,No,20.7,22.1,🟢 Low risk
6624-JDRDS,6,Month-to-month,DSL,29.45,22.1,🟢 Low risk
4819-HJPIW,18,Month-to-month,DSL,25.15,22.1,🟢 Low risk
5712-VBOXD,4,Month-to-month,No,20.15,22.0,🟢 Low risk
5760-WRAHC,22,Month-to-month,DSL,69.75,22.0,🟢 Low risk
8267-KFGYD,1,Month-to-month,No,21.05,22.0,🟢 Low risk
3948-FVVRP,9,Month-to-month,DSL,54.8,22.0,🟢 Low risk
1485-YDHMM,52,Month-to-month,Fiber optic,93.25,22.0,🟢 Low risk
2782-JEEBU,21,Month-to-month,DSL,36.0,22.0,🟢 Low risk
8495-PRWFH,42,Month-to-month,DSL,55.65,22.0,🟢 Low risk
5868-YTYKS,1,Month-to-month,No,20.25,21.9,🟢 Low risk
3272-VUHPV,8,Month-to-month,DSL,56.3,21.9,🟢 Low risk
6563-VNPMN,45,Month-to-month,Fiber optic,85.7,21.9,🟢 Low risk
9103-CXVOK,1,Month-to-month,No,19.75,21.9,🟢 Low risk
3807-XHCJH,1,Month-to-month,No,20.0,21.9,🟢 Low risk
8495-LJDFO,64,Month-to-month,Fiber optic,108.95,21.9,🟢 Low risk
1684-FLBGS,23,Month-to-month,DSL,69.5,21.9,🟢 Low risk
3413-DHLPB,60,Month-to-month,Fiber optic,103.75,21.8,🟢 Low risk
8250-ZNGGW,5,Month-to-month,DSL,59.9,21.8,🟢 Low risk
3308-MHOOC,1,Month-to-month,No,19.2,21.8,🟢 Low risk
5593-SUAOO,24,One year,Fiber optic,83.15,21.8,🟢 Low risk
4939-KYYPY,27,Month-to-month,DSL,59.45,21.8,🟢 Low risk
3689-MOZGR,29,Month-to-month,DSL,31.2,21.8,🟢 Low risk
7251-XFOIL,61,Month-to-month,Fiber optic,89.2,21.8,🟢 Low risk
9374-YOLBJ,1,Month-to-month,No,19.25,21.8,🟢 Low risk
5897-ZYEKH,67,One year,Fiber optic,105.6,21.8,🟢 Low risk
3679-XASPY,1,Month-to-month,No,19.45,21.8,🟢 Low risk
6967-QIQRV,15,One year,Fiber optic,101.9,21.8,🟢 Low risk
5827-MWCZK,56,Month-to-month,Fiber optic,96.95,21.8,🟢 Low risk
1724-IQWNM,1,Month-to-month,No,19.3,21.8,🟢 Low risk
2108-GLPQB,25,Month-to-month,DSL,55.55,21.7,🟢 Low risk
9099-FTUHS,23,Month-to-month,DSL,54.4,21.7,🟢 Low risk
8124-NZVGJ,6,One year,DSL,49.25,21.7,🟢 Low risk
6050-IJRHS,70,One year,Fiber optic,106.5,21.7,🟢 Low risk
2270-CHBFN,44,Month-to-month,Fiber optic,95.1,21.7,🟢 Low risk
0887-WBJVH,53,One year,Fiber optic,93.45,21.6,🟢 Low risk
4781-ZXYGU,1,Month-to-month,No,20.15,21.6,🟢 Low risk
2186-QZEYA,29,Month-to-month,DSL,58.55,21.6,🟢 Low risk
6559-RAKOZ,49,One year,Fiber optic,97.95,21.6,🟢 Low risk
6303-KFWSL,29,One year,DSL,55.25,21.6,🟢 Low risk
4123-FCVCB,12,One year,DSL,75.85,21.5,🟢 Low risk
5133-VRSAB,8,Month-to-month,DSL,29.35,21.5,🟢 Low risk
6497-TILVL,7,Month-to-month,DSL,50.7,21.4,🟢 Low risk
7402-PWYJJ,53,One year,Fiber optic,91.15,21.4,🟢 Low risk
8198-RKSZG,14,Month-to-month,DSL,80.45,21.4,🟢 Low risk
8417-GSODA,28,One year,Fiber optic,92.2,21.4,🟢 Low risk
2851-MMUTZ,27,Month-to-month,DSL,56.15,21.4,🟢 Low risk
5590-ZSKRV,8,Month-to-month,DSL,54.65,21.4,🟢 Low risk
7266-GSSJX,11,Month-to-month,No,20.45,21.4,🟢 Low risk
3402-XRIUO,22,Month-to-month,DSL,63.55,21.4,🟢 Low risk
8295-FHIVV,7,Month-to-month,No,19.4,21.3,🟢 Low risk
4646-QZXTF,7,Month-to-month,DSL,81.25,21.3,🟢 Low risk
3221-CJMSG,24,Month-to-month,DSL,51.1,21.3,🟢 Low risk
9788-YTFGE,7,Month-to-month,No,19.95,21.3,🟢 Low risk
4316-XCSLJ,17,Month-to-month,DSL,50.3,21.3,🟢 Low risk
9701-CDXHR,51,Month-to-month,Fiber optic,69.15,21.3,🟢 Low risk
7673-LPRNY,23,One year,DSL,78.55,21.3,🟢 Low risk
3694-GLTJM,5,Month-to-month,No,19.65,21.2,🟢 Low risk
3756-VNWDH,65,One year,Fiber optic,100.75,21.2,🟢 Low risk
1518-OMDIK,33,Month-to-month,DSL,44.55,21.2,🟢 Low risk
4950-BDEUX,35,Month-to-month,DSL,49.2,21.2,🟢 Low risk
9097-ZUBYC,14,Month-to-month,DSL,48.8,21.2,🟢 Low risk
7607-QKKTJ,45,One year,Fiber optic,95.0,21.2,🟢 Low risk
1386-ZIKUV,7,Month-to-month,No,18.95,21.1,🟢 Low risk
4177-JPDFU,12,Month-to-month,DSL,34.0,21.1,🟢 Low risk
7722-CVFXN,54,One year,Fiber optic,105.2,21.0,🟢 Low risk
4987-GQWPO,17,Month-to-month,DSL,25.1,21.0,🟢 Low risk
7811-JIVPF,23,Month-to-month,DSL,49.7,21.0,🟢 Low risk
5311-IHLEI,12,Month-to-month,DSL,50.95,20.9,🟢 Low risk
8111-BKVDS,10,Month-to-month,DSL,40.7,20.9,🟢 Low risk
8952-WCVCD,41,One year,Fiber optic,104.45,20.9,🟢 Low risk
6296-DDOOR,19,One year,DSL,58.2,20.9,🟢 Low risk
0851-DFJKB,15,Month-to-month,DSL,58.95,20.9,🟢 Low risk
1698-XFZCI,61,One year,Fiber optic,107.75,20.9,🟢 Low risk
4118-CEVPF,35,One year,Fiber optic,110.8,20.9,🟢 Low risk
2758-RNWXS,35,One year,Fiber optic,89.2,20.8,🟢 Low risk
4676-MQUEA,50,One year,Fiber optic,101.9,20.8,🟢 Low risk
8224-IVVPA,27,Month-to-month,DSL,56.7,20.8,🟢 Low risk
9027-YFHQJ,7,Month-to-month,No,25.05,20.8,🟢 Low risk
5268-DSMNQ,62,One year,Fiber optic,97.95,20.8,🟢 Low risk
5315-CKEQK,28,One year,DSL,51.0,20.8,🟢 Low risk
9978-HYCIN,47,One year,Fiber optic,84.95,20.8,🟢 Low risk
2924-KHUVI,56,One year,Fiber optic,100.55,20.8,🟢 Low risk
6473-ULUHT,16,Month-to-month,DSL,84.9,20.8,🟢 Low risk
8044-BGWPI,12,Month-to-month,No,21.15,20.8,🟢 Low risk
6476-YHMGA,15,Month-to-month,DSL,76.5,20.8,🟢 Low risk
1710-RCXUS,51,One year,Fiber optic,90.35,20.8,🟢 Low risk
1732-FEKLD,54,One year,Fiber optic,94.75,20.7,🟢 Low risk
4075-JFPGR,51,One year,Fiber optic,93.5,20.7,🟢 Low risk
5334-JLAXU,60,Month-to-month,Fiber optic,94.1,20.7,🟢 Low risk
0479-HMSWA,26,Two year,Fiber optic,105.45,20.6,🟢 Low risk
0899-WZRSD,56,Month-to-month,Fiber optic,105.35,20.6,🟢 Low risk
0440-MOGPM,41,One year,DSL,80.55,20.6,🟢 Low risk
3694-DELSO,4,Month-to-month,DSL,38.55,20.6,🟢 Low risk
2522-AHJXR,60,Month-to-month,Fiber optic,109.45,20.6,🟢 Low risk
6890-PFRQX,18,Month-to-month,DSL,69.5,20.6,🟢 Low risk
6647-ZEDXT,30,One year,Fiber optic,110.45,20.6,🟢 Low risk
7036-ZZKBD,31,Month-to-month,DSL,66.4,20.5,🟢 Low risk
1614-JBEBI,8,Month-to-month,No,20.7,20.5,🟢 Low risk
9837-FWLCH,12,Month-to-month,No,19.2,20.4,🟢 Low risk
8878-RYUKI,52,Month-to-month,DSL,59.45,20.4,🟢 Low risk
1356-MKYSK,6,Month-to-month,DSL,78.65,20.4,🟢 Low risk
3407-QGWLG,3,Month-to-month,No,20.05,20.4,🟢 Low risk
6959-GQEGV,45,Month-to-month,DSL,75.95,20.4,🟢 Low risk
4194-WHFCB,59,Month-to-month,Fiber optic,96.65,20.4,🟢 Low risk
6231-WFGFH,4,Month-to-month,No,20.5,20.3,🟢 Low risk
3097-IDVPU,19,Month-to-month,DSL,50.1,20.3,🟢 Low risk
9281-PKKZE,46,Month-to-month,DSL,43.95,20.3,🟢 Low risk
7285-KLOTR,12,One year,DSL,78.85,20.3,🟢 Low risk
5067-XJQFU,66,One year,Fiber optic,108.45,20.3,🟢 Low risk
6713-OKOMC,10,Month-to-month,DSL,29.75,20.3,🟢 Low risk
7674-YTAFD,33,One year,Fiber optic,79.95,20.3,🟢 Low risk
7299-GNVPL,23,Month-to-month,Fiber optic,84.4,20.2,🟢 Low risk
8999-XXGNS,72,One year,Fiber optic,105.75,20.2,🟢 Low risk
4365-MSDYN,8,Month-to-month,No,19.55,20.2,🟢 Low risk
0549-CYCQN,51,One year,Fiber optic,79.6,20.2,🟢 Low risk
3807-BPOMJ,55,One year,Fiber optic,94.75,20.2,🟢 Low risk
3584-WKTTW,51,One year,Fiber optic,111.55,20.2,🟢 Low risk
4430-YHXGG,4,Month-to-month,No,25.45,20.1,🟢 Low risk
2616-UUTFK,33,Month-to-month,DSL,72.75,20.1,🟢 Low risk
4567-AKPIA,41,One year,Fiber optic,109.1,20.1,🟢 Low risk
0096-FCPUF,30,Month-to-month,DSL,64.5,20.0,🟢 Low risk
1135-HIORI,64,One year,Fiber optic,111.45,20.0,🟢 Low risk
2233-FAGXV,5,Month-to-month,No,24.3,20.0,🟢 Low risk
4310-KEDTB,26,Month-to-month,DSL,29.8,20.0,🟢 Low risk
1666-JZPZT,27,Month-to-month,DSL,49.0,20.0,🟢 Low risk
4360-QRAVE,37,Month-to-month,DSL,36.65,20.0,🟢 Low risk
7989-VCQOH,18,Month-to-month,DSL,83.25,19.9,🟢 Low risk
2673-CXQEU,56,One year,Fiber optic,110.5,19.9,🟢 Low risk
6322-PJJDJ,49,Two year,Fiber optic,94.8,19.9,🟢 Low risk
2272-JKMSI,62,One year,Fiber optic,110.8,19.9,🟢 Low risk
8920-NAVAY,62,One year,Fiber optic,110.75,19.9,🟢 Low risk
0872-JCPIB,17,Month-to-month,DSL,65.75,19.9,🟢 Low risk
0956-ACVZC,54,One year,Fiber optic,94.1,19.9,🟢 Low risk
3347-YJZZE,29,Month-to-month,DSL,80.1,19.9,🟢 Low risk
8731-WBBMB,26,Month-to-month,DSL,81.9,19.9,🟢 Low risk
9512-PHSMG,10,Month-to-month,No,20.55,19.9,🟢 Low risk
7409-JURKQ,53,One year,Fiber optic,111.8,19.9,🟢 Low risk
3391-JSQEW,40,Month-to-month,DSL,50.15,19.8,🟢 Low risk
1855-CFULU,4,Month-to-month,No,20.05,19.8,🟢 Low risk
9138-EFSMO,26,One year,Fiber optic,78.95,19.8,🟢 Low risk
0895-LMRSF,23,One year,DSL,64.9,19.8,🟢 Low risk
1215-VFYVK,4,Month-to-month,DSL,48.25,19.8,🟢 Low risk
6351-SCJKT,3,Month-to-month,DSL,41.35,19.7,🟢 Low risk
3594-KADLU,3,Month-to-month,DSL,35.1,19.7,🟢 Low risk
3981-QSVQI,8,Month-to-month,No,19.7,19.7,🟢 Low risk
5312-IRCFR,64,One year,Fiber optic,92.85,19.7,🟢 Low risk
6284-KMNUF,56,One year,Fiber optic,98.0,19.7,🟢 Low risk
5018-HEKFO,10,Month-to-month,No,24.5,19.7,🟢 Low risk
1169-SAOCL,49,One year,Fiber optic,106.65,19.6,🟢 Low risk
9481-IEBZY,72,Month-to-month,Fiber optic,112.9,19.6,🟢 Low risk
0696-UKTOX,23,Month-to-month,DSL,54.15,19.6,🟢 Low risk
7740-BTPUX,55,Two year,Fiber optic,113.6,19.6,🟢 Low risk
7016-NVRIC,29,One year,Fiber optic,90.1,19.6,🟢 Low risk
7502-BNYGS,46,Month-to-month,DSL,69.1,19.6,🟢 Low risk
3059-NGMXB,14,Month-to-month,DSL,69.2,19.6,🟢 Low risk
4418-LZMSV,13,Month-to-month,DSL,61.8,19.6,🟢 Low risk
9391-DXGGG,44,One year,Fiber optic,89.15,19.6,🟢 Low risk
4184-VODJZ,63,One year,Fiber optic,91.35,19.5,🟢 Low risk
2533-TIBIX,15,Month-to-month,DSL,30.2,19.5,🟢 Low risk
6575-SUVOI,25,Month-to-month,DSL,69.5,19.5,🟢 Low risk
3470-BTGQO,21,Month-to-month,DSL,45.65,19.5,🟢 Low risk
1629-DQQVB,14,Month-to-month,DSL,50.1,19.4,🟢 Low risk
5014-WUQMG,47,One year,Fiber optic,96.1,19.4,🟢 Low risk
3847-BAERP,10,Month-to-month,No,20.9,19.4,🟢 Low risk
2731-GJRDG,32,One year,Fiber optic,109.55,19.4,🟢 Low risk
9821-BESNZ,66,One year,Fiber optic,104.25,19.4,🟢 Low risk
1409-PHXTF,54,Two year,Fiber optic,110.45,19.3,🟢 Low risk
4350-ZTLPI,53,One year,Fiber optic,108.95,19.3,🟢 Low risk
2155-AMQRX,28,Month-to-month,DSL,54.9,19.3,🟢 Low risk
0668-OGMHD,21,Month-to-month,DSL,28.5,19.3,🟢 Low risk
4016-BJKTZ,25,Two year,Fiber optic,108.9,19.3,🟢 Low risk
2045-BMBTJ,33,Month-to-month,DSL,59.45,19.2,🟢 Low risk
7750-EYXWZ,12,One year,DSL,60.65,19.2,🟢 Low risk
7880-XSOJX,4,Month-to-month,DSL,42.4,19.2,🟢 Low risk
0396-UKGAI,23,Month-to-month,DSL,55.3,19.2,🟢 Low risk
3606-SBKRY,31,One year,DSL,50.05,19.2,🟢 Low risk
9115-YQHGA,40,Month-to-month,DSL,51.1,19.2,🟢 Low risk
0939-EREMR,13,Month-to-month,DSL,53.45,19.2,🟢 Low risk
7140-ADSMJ,8,Month-to-month,No,20.45,19.2,🟢 Low risk
8268-YDIXR,56,One year,Fiber optic,93.15,19.2,🟢 Low risk
0673-IGUQO,1,Month-to-month,No,20.45,19.1,🟢 Low risk
2668-TZSPS,1,Month-to-month,No,20.45,19.1,🟢 Low risk
3727-JEZTU,1,Month-to-month,No,20.4,19.1,🟢 Low risk
3675-YDUPJ,10,Month-to-month,No,19.85,19.1,🟢 Low risk
3976-NLDEZ,1,Month-to-month,No,20.6,19.1,🟢 Low risk
9753-OYLBX,1,Month-to-month,No,20.5,19.1,🟢 Low risk
3590-TCXTB,1,Month-to-month,No,20.35,19.1,🟢 Low risk
1448-CYWKC,58,One year,Fiber optic,105.2,19.1,🟢 Low risk
1784-BXEFA,10,Month-to-month,No,20.55,19.1,🟢 Low risk
4013-GUXND,1,Month-to-month,No,20.8,19.1,🟢 Low risk
7733-UDMTP,57,Month-to-month,DSL,55.0,19.1,🟢 Low risk
8203-XJZRC,1,Month-to-month,No,20.25,19.1,🟢 Low risk
2592-YKDIF,1,Month-to-month,No,20.35,19.1,🟢 Low risk
9122-UMROB,1,Month-to-month,No,20.3,19.1,🟢 Low risk
2111-DWYHN,1,Month-to-month,No,21.1,19.1,🟢 Low risk
7243-LCGGZ,1,Month-to-month,No,20.9,19.1,🟢 Low risk
8404-VLQFB,15,Month-to-month,No,25.25,19.1,🟢 Low risk
6579-JPICP,1,Month-to-month,No,20.4,19.1,🟢 Low risk
2676-ISHSF,1,Month-to-month,No,20.3,19.1,🟢 Low risk
4936-YPJNK,10,Month-to-month,No,19.9,19.1,🟢 Low risk
9323-HGFWY,27,One year,Fiber optic,101.9,19.1,🟢 Low risk
6344-SFJVH,20,Month-to-month,DSL,24.9,19.1,🟢 Low risk
6654-QGBZZ,1,Month-to-month,No,19.9,19.0,🟢 Low risk
6124-ACRHJ,1,Month-to-month,No,19.75,19.0,🟢 Low risk
7878-RTCZG,1,Month-to-month,No,19.9,19.0,🟢 Low risk
1135-LMECX,1,Month-to-month,No,19.85,19.0,🟢 Low risk
7302-ZHMHP,1,Month-to-month,No,19.15,19.0,🟢 Low risk
1663-MHLHE,1,Month-to-month,No,19.2,19.0,🟢 Low risk
8985-OOPOS,1,One year,DSL,74.1,19.0,🟢 Low risk
1015-OWJKI,1,Month-to-month,No,19.05,19.0,🟢 Low risk
8605-ITULD,1,Month-to-month,No,19.55,19.0,🟢 Low risk
3030-ZKIWL,1,Month-to-month,No,20.05,19.0,🟢 Low risk
1905-OEILC,1,Month-to-month,No,19.5,19.0,🟢 Low risk
7721-DVEKZ,1,Month-to-month,No,19.65,19.0,🟢 Low risk
3930-ZGWVE,1,Month-to-month,No,19.75,19.0,🟢 Low risk
8048-DSDFQ,1,Month-to-month,No,20.2,19.0,🟢 Low risk
7698-YFGEZ,1,Month-to-month,No,20.0,19.0,🟢 Low risk
6380-ARCEH,1,Month-to-month,No,20.2,19.0,🟢 Low risk
7096-UCLNH,1,Month-to-month,No,20.05,19.0,🟢 Low risk
7601-WFVZV,1,Month-to-month,No,19.55,19.0,🟢 Low risk
7382-DFJTU,18,Month-to-month,DSL,55.2,19.0,🟢 Low risk
3247-MHJKM,1,Month-to-month,No,20.2,19.0,🟢 Low risk
2866-IKBTM,1,Month-to-month,No,19.55,19.0,🟢 Low risk
6286-SUUWT,1,Month-to-month,No,19.95,19.0,🟢 Low risk
8597-CWYHH,43,One year,Fiber optic,94.35,19.0,🟢 Low risk
9441-QHEVC,1,Month-to-month,No,19.1,19.0,🟢 Low risk
0913-XWSCN,55,Month-to-month,Fiber optic,85.5,19.0,🟢 Low risk
3785-NRHYR,1,Month-to-month,No,19.65,19.0,🟢 Low risk
8749-CLJXC,1,Month-to-month,No,20.05,19.0,🟢 Low risk
6569-KTMDU,1,Month-to-month,No,19.1,19.0,🟢 Low risk
8393-JMVMB,1,Month-to-month,No,19.45,19.0,🟢 Low risk
0970-QXPXW,1,Month-to-month,No,19.65,19.0,🟢 Low risk
2625-TRCZQ,51,Month-to-month,DSL,49.65,19.0,🟢 Low risk
2796-UUZZO,63,Month-to-month,Fiber optic,80.3,19.0,🟢 Low risk
8974-OVACP,1,Month-to-month,No,20.15,19.0,🟢 Low risk
5176-LDKUH,48,One year,Fiber optic,75.15,18.9,🟢 Low risk
4747-LCAQL,25,Month-to-month,DSL,79.0,18.9,🟢 Low risk
3316-UWXUY,50,Month-to-month,Fiber optic,93.5,18.9,🟢 Low risk
9975-SKRNR,1,Month-to-month,No,18.9,18.9,🟢 Low risk
5353-WILCI,28,Month-to-month,DSL,56.05,18.9,🟢 Low risk
7241-AJHFS,32,Month-to-month,Fiber optic,87.65,18.9,🟢 Low risk
9705-IOVQQ,61,One year,Fiber optic,99.0,18.9,🟢 Low risk
0239-OXEXL,46,Month-to-month,Fiber optic,84.25,18.9,🟢 Low risk
4237-CLSMM,2,Month-to-month,No,20.0,18.9,🟢 Low risk
5945-AZYHT,71,One year,Fiber optic,109.6,18.9,🟢 Low risk
8739-QOTTN,2,Month-to-month,No,20.35,18.9,🟢 Low risk
5802-ADBRC,50,One year,Fiber optic,104.4,18.8,🟢 Low risk
7088-FBAWU,17,Month-to-month,DSL,74.55,18.8,🟢 Low risk
7874-ECPQJ,4,Month-to-month,No,20.05,18.8,🟢 Low risk
7108-DGVUU,21,One year,DSL,71.7,18.8,🟢 Low risk
2320-SLKMB,26,Month-to-month,DSL,44.45,18.8,🟢 Low risk
3413-CSSTH,41,Month-to-month,DSL,55.7,18.8,🟢 Low risk
5734-EJKXG,61,One year,Fiber optic,118.6,18.8,🟢 Low risk
5343-SGUBI,52,One year,Fiber optic,80.2,18.8,🟢 Low risk
8033-ATFAS,39,Month-to-month,DSL,59.85,18.8,🟢 Low risk
0002-ORFBO,9,One year,DSL,65.6,18.8,🟢 Low risk
8713-IGZSO,2,Month-to-month,No,24.85,18.8,🟢 Low risk
7797-EJMDP,8,Month-to-month,DSL,66.05,18.7,🟢 Low risk
4929-ROART,18,Month-to-month,DSL,56.25,18.7,🟢 Low risk
0114-RSRRW,10,Month-to-month,No,19.95,18.7,🟢 Low risk
7103-IPXPJ,50,One year,Fiber optic,99.4,18.7,🟢 Low risk
9844-FELAJ,70,One year,Fiber optic,107.9,18.7,🟢 Low risk
4291-HYEBC,28,One year,DSL,39.1,18.7,🟢 Low risk
4283-IVYCI,9,Month-to-month,DSL,64.95,18.6,🟢 Low risk
0909-SDHNU,7,Month-to-month,DSL,29.8,18.6,🟢 Low risk
9909-DFRJA,26,One year,Fiber optic,95.85,18.6,🟢 Low risk
4753-PADAS,67,One year,Fiber optic,105.7,18.6,🟢 Low risk
8851-RAGOV,25,Month-to-month,DSL,71.05,18.6,🟢 Low risk
4926-UMJZD,31,Month-to-month,DSL,49.2,18.5,🟢 Low risk
4860-YZGZM,10,Month-to-month,No,20.0,18.5,🟢 Low risk
1061-PNTHC,56,Month-to-month,Fiber optic,109.6,18.5,🟢 Low risk
2308-STERM,2,Month-to-month,No,19.4,18.4,🟢 Low risk
5919-VCZYM,2,Month-to-month,No,20.05,18.4,🟢 Low risk
4501-VCPFK,26,Month-to-month,DSL,35.75,18.4,🟢 Low risk
0816-TSPHQ,2,Month-to-month,No,20.75,18.4,🟢 Low risk
7361-YPXFS,28,Month-to-month,DSL,64.45,18.4,🟢 Low risk
9818-XQCUV,2,Month-to-month,No,20.35,18.4,🟢 Low risk
8006-PYCSW,2,Month-to-month,No,20.1,18.4,🟢 Low risk
6421-SZVEM,28,One year,Fiber optic,82.85,18.4,🟢 Low risk
2259-OUUSZ,7,One year,DSL,35.5,18.4,🟢 Low risk
2342-CKIAO,2,Month-to-month,No,20.3,18.4,🟢 Low risk
8150-QUDFX,2,Month-to-month,No,19.85,18.4,🟢 Low risk
5067-DGXLL,2,Month-to-month,No,20.25,18.4,🟢 Low risk
0130-SXOUN,66,Month-to-month,Fiber optic,89.4,18.3,🟢 Low risk
1796-JANOW,2,Month-to-month,No,19.95,18.3,🟢 Low risk
0366-NQSHS,2,Month-to-month,No,19.35,18.3,🟢 Low risk
1385-TQOZW,9,Month-to-month,No,20.45,18.3,🟢 Low risk
6728-WYQBC,1,Month-to-month,No,20.95,18.3,🟢 Low risk
3170-GWYKC,60,Month-to-month,Fiber optic,104.95,18.3,🟢 Low risk
9938-EKRGF,15,Month-to-month,DSL,84.45,18.3,🟢 Low risk
3936-QQFLL,2,Month-to-month,No,19.75,18.3,🟢 Low risk
2969-WGHQO,7,One year,DSL,69.45,18.3,🟢 Low risk
9101-NTIXF,2,Month-to-month,No,19.4,18.3,🟢 Low risk
9496-IVVRP,11,Month-to-month,DSL,51.0,18.3,🟢 Low risk
0188-GWFLE,2,Month-to-month,No,20.05,18.3,🟢 Low risk
2750-BJLSB,47,One year,Fiber optic,103.7,18.3,🟢 Low risk
2621-UDNLU,3,Month-to-month,No,20.85,18.3,🟢 Low risk
9578-FOMUK,15,Month-to-month,No,24.8,18.3,🟢 Low risk
0103-CSITQ,57,One year,Fiber optic,109.4,18.3,🟢 Low risk
0396-HUJBP,2,Month-to-month,No,19.3,18.3,🟢 Low risk
9700-ZCLOT,2,Month-to-month,No,20.0,18.3,🟢 Low risk
1051-GEJLJ,2,Month-to-month,No,19.5,18.3,🟢 Low risk
4450-YOOHP,39,Month-to-month,DSL,50.65,18.2,🟢 Low risk
7789-CRUVC,61,Month-to-month,Fiber optic,94.2,18.2,🟢 Low risk
4785-NKHCX,5,Month-to-month,No,20.05,18.2,🟢 Low risk
1194-SPVSP,1,Month-to-month,No,19.65,18.2,🟢 Low risk
6906-MPARY,40,One year,Fiber optic,89.6,18.2,🟢 Low risk
7310-EGVHZ,1,Month-to-month,No,20.2,18.2,🟢 Low risk
6383-ZTSIW,39,One year,Fiber optic,99.1,18.2,🟢 Low risk
3472-OAOOR,19,Month-to-month,DSL,34.95,18.2,🟢 Low risk
9738-QLWTP,39,One year,Fiber optic,81.9,18.2,🟢 Low risk
2654-VBVPB,1,Month-to-month,No,19.9,18.2,🟢 Low risk
3717-OFRTN,1,Month-to-month,No,19.75,18.2,🟢 Low risk
6705-LNMDD,20,Month-to-month,DSL,50.0,18.2,🟢 Low risk
2851-STERV,35,One year,DSL,73.0,18.2,🟢 Low risk
5473-KHBPS,52,One year,Fiber optic,95.7,18.2,🟢 Low risk
1641-BYBTK,6,Month-to-month,No,20.2,18.2,🟢 Low risk
5566-SOEZD,27,One year,Fiber optic,80.65,18.1,🟢 Low risk
0384-RVBPI,20,Month-to-month,DSL,64.4,18.1,🟢 Low risk
0898-XCGTF,61,One year,Fiber optic,96.5,18.1,🟢 Low risk
2284-VFLKH,49,One year,Fiber optic,99.25,18.1,🟢 Low risk
1852-XEMDW,22,Month-to-month,DSL,65.05,18.1,🟢 Low risk
9277-JOOMO,3,Month-to-month,No,24.6,18.1,🟢 Low risk
7017-VFULY,2,Month-to-month,No,20.1,18.1,🟢 Low risk
2303-PJYHN,2,Month-to-month,No,19.85,18.1,🟢 Low risk
5569-IDSEY,71,One year,Fiber optic,105.7,18.0,🟢 Low risk
3703-TTEPD,21,Month-to-month,DSL,65.35,18.0,🟢 Low risk
0953-LGOVU,12,Month-to-month,DSL,35.5,18.0,🟢 Low risk
9974-JFBHQ,64,Month-to-month,Fiber optic,99.15,18.0,🟢 Low risk
9817-APLHW,12,Month-to-month,No,25.0,17.9,🟢 Low risk
5478-JJVZK,33,Month-to-month,DSL,60.9,17.9,🟢 Low risk
3128-YOVTD,51,Month-to-month,Fiber optic,79.15,17.8,🟢 Low risk
6933-FHBZC,26,One year,DSL,56.05,17.8,🟢 Low risk
4524-QCSSM,26,Month-to-month,DSL,44.65,17.8,🟢 Low risk
2700-LUEVA,1,Month-to-month,No,20.75,17.8,🟢 Low risk
0584-BJQGZ,25,Month-to-month,DSL,78.35,17.8,🟢 Low risk
8439-LTUGF,10,Month-to-month,No,20.0,17.8,🟢 Low risk
5337-IIWKZ,34,Month-to-month,DSL,44.85,17.8,🟢 Low risk
6734-CKRSM,3,Month-to-month,No,20.0,17.7,🟢 Low risk
6394-HHHZM,3,Month-to-month,No,20.7,17.7,🟢 Low risk
1591-MQJTP,51,One year,Fiber optic,93.65,17.7,🟢 Low risk
9708-KFDBY,1,Month-to-month,No,20.55,17.7,🟢 Low risk
5651-CRHKQ,41,One year,Fiber optic,86.2,17.7,🟢 Low risk
9154-QDGTH,43,One year,Fiber optic,104.3,17.7,🟢 Low risk
7926-IJOOU,1,Month-to-month,No,19.3,17.7,🟢 Low risk
2576-HXMPA,1,Month-to-month,No,19.55,17.7,🟢 Low risk
2542-HYGIQ,1,Month-to-month,No,19.95,17.7,🟢 Low risk
0030-FNXPP,3,Month-to-month,No,19.85,17.7,🟢 Low risk
5448-VWNAM,19,Month-to-month,DSL,75.9,17.7,🟢 Low risk
3090-QFUVD,1,Month-to-month,No,20.3,17.7,🟢 Low risk
9770-LXDBK,3,Month-to-month,No,20.4,17.7,🟢 Low risk
8375-KVTHK,68,One year,Fiber optic,100.3,17.7,🟢 Low risk
8562-GHPPI,1,Month-to-month,No,19.8,17.7,🟢 Low risk
7175-NTIXE,25,Month-to-month,DSL,76.15,17.7,🟢 Low risk
2220-IAHLS,1,Month-to-month,No,19.4,17.7,🟢 Low risk
0178-CIIKR,3,Month-to-month,No,19.95,17.7,🟢 Low risk
7964-YESJC,24,Month-to-month,DSL,66.3,17.7,🟢 Low risk
1110-KYLGQ,63,Month-to-month,Fiber optic,108.25,17.7,🟢 Low risk
0655-YDGFJ,29,Month-to-month,DSL,48.95,17.7,🟢 Low risk
3806-YAZOV,3,Month-to-month,No,18.8,17.6,🟢 Low risk
5702-SKUOB,4,Month-to-month,No,19.6,17.6,🟢 Low risk
7351-MHQVU,6,Month-to-month,DSL,50.95,17.6,🟢 Low risk
6728-CZFEI,15,One year,DSL,56.15,17.6,🟢 Low risk
3339-EAQNV,72,One year,Fiber optic,97.25,17.6,🟢 Low risk
8746-OQQRW,4,Month-to-month,No,25.25,17.5,🟢 Low risk
1867-TJHTS,58,Month-to-month,Fiber optic,79.8,17.5,🟢 Low risk
6791-YBNAK,18,Month-to-month,DSL,25.55,17.5,🟢 Low risk
1091-SOZGA,56,One year,Fiber optic,99.8,17.5,🟢 Low risk
9426-SXNHE,2,Month-to-month,No,18.75,17.5,🟢 Low risk
0292-WEGCH,54,Month-to-month,DSL,86.2,17.5,🟢 Low risk
6806-YDEUL,6,Month-to-month,No,19.5,17.5,🟢 Low risk
4797-MIWUM,7,Month-to-month,No,20.25,17.5,🟢 Low risk
7808-DVWEP,3,Month-to-month,No,20.0,17.4,🟢 Low risk
1376-HHBDV,30,Month-to-month,DSL,48.8,17.4,🟢 Low risk
6469-MRVET,1,One year,No,20.2,17.4,🟢 Low risk
1735-XMJVH,8,Month-to-month,No,19.35,17.4,🟢 Low risk
1543-LLLFT,61,One year,Fiber optic,98.3,17.4,🟢 Low risk
2065-MMKGR,29,One year,DSL,71.0,17.4,🟢 Low risk
9693-XMUOB,59,Month-to-month,DSL,50.25,17.4,🟢 Low risk
7041-TXQJH,37,Month-to-month,DSL,40.2,17.3,🟢 Low risk
7148-XZPHA,55,Month-to-month,Fiber optic,79.4,17.3,🟢 Low risk
9659-ZTWSM,66,One year,Fiber optic,107.35,17.2,🟢 Low risk
6723-WSNTY,66,One year,Fiber optic,108.1,17.2,🟢 Low risk
8910-ICHIU,46,One year,Fiber optic,95.65,17.2,🟢 Low risk
2978-XXSOG,22,Month-to-month,DSL,59.05,17.2,🟢 Low risk
0442-ZXKVS,54,One year,Fiber optic,115.6,17.2,🟢 Low risk
7746-AWNQW,28,Month-to-month,DSL,35.75,17.2,🟢 Low risk
5832-EXGTT,29,Month-to-month,DSL,60.2,17.2,🟢 Low risk
4353-HYOJD,27,Month-to-month,DSL,49.85,17.2,🟢 Low risk
2294-SALNE,23,One year,Fiber optic,86.8,17.2,🟢 Low risk
7706-DZNKK,11,Month-to-month,No,20.45,17.2,🟢 Low risk
6131-JLWZM,13,Month-to-month,No,20.3,17.2,🟢 Low risk
5996-NRVXR,40,One year,Fiber optic,98.15,17.2,🟢 Low risk
0786-IVLAW,66,One year,Fiber optic,108.1,17.2,🟢 Low risk
6865-JZNKO,30,Month-to-month,DSL,55.3,17.1,🟢 Low risk
1336-EZFZY,4,Month-to-month,No,20.05,17.1,🟢 Low risk
6112-KTHFQ,13,Month-to-month,No,19.3,17.1,🟢 Low risk
9367-OIUXP,4,Month-to-month,No,20.7,17.1,🟢 Low risk
9762-YAQAA,39,One year,Fiber optic,81.4,17.1,🟢 Low risk
3865-ZYKAD,69,Month-to-month,Fiber optic,84.9,17.1,🟢 Low risk
4397-FRLTA,4,Month-to-month,No,20.15,17.1,🟢 Low risk
7143-BQIBA,10,Month-to-month,DSL,62.25,17.1,🟢 Low risk
5562-YJQGT,2,Month-to-month,No,20.35,17.1,🟢 Low risk
4558-CGYCZ,4,Month-to-month,No,19.75,17.0,🟢 Low risk
8410-BGQXN,4,Month-to-month,No,19.4,17.0,🟢 Low risk
3307-TLCUD,17,Month-to-month,DSL,34.4,17.0,🟢 Low risk
1229-RCALF,64,One year,Fiber optic,115.0,17.0,🟢 Low risk
9391-YZEJW,62,One year,Fiber optic,94.0,17.0,🟢 Low risk
5222-JCXZT,4,Month-to-month,No,19.0,17.0,🟢 Low risk
9494-BDNNC,66,One year,Fiber optic,95.3,16.9,🟢 Low risk
7234-KMNRQ,4,Month-to-month,No,19.0,16.9,🟢 Low risk
0409-WTMPL,58,One year,Fiber optic,110.65,16.9,🟢 Low risk
1573-LGXBA,57,One year,Fiber optic,97.55,16.9,🟢 Low risk
7074-STDCN,39,Month-to-month,DSL,40.6,16.9,🟢 Low risk
9853-JFZDU,35,Month-to-month,DSL,56.85,16.9,🟢 Low risk
1814-DKOLC,5,Month-to-month,No,25.45,16.9,🟢 Low risk
9633-DENPU,47,Month-to-month,DSL,58.6,16.9,🟢 Low risk
3468-DRVQJ,10,One year,DSL,70.3,16.9,🟢 Low risk
7395-XWZOY,20,Month-to-month,DSL,55.0,16.8,🟢 Low risk
3016-KSVCP,29,Month-to-month,DSL,33.75,16.8,🟢 Low risk
5155-AZQPB,28,Month-to-month,DSL,49.9,16.8,🟢 Low risk
6156-UZDLF,26,One year,Fiber optic,87.15,16.7,🟢 Low risk
8979-CAMGB,64,One year,Fiber optic,102.1,16.7,🟢 Low risk
1116-DXXDF,39,Two year,Fiber optic,100.45,16.7,🟢 Low risk
8070-AAWZP,24,Month-to-month,DSL,34.25,16.7,🟢 Low risk
3682-YEUWS,10,Month-to-month,No,24.4,16.7,🟢 Low risk
0440-QEXBZ,44,Month-to-month,DSL,50.15,16.6,🟢 Low risk
4868-AADLV,66,One year,Fiber optic,116.25,16.6,🟢 Low risk
6345-HOVES,34,Month-to-month,DSL,25.05,16.6,🟢 Low risk
9079-LWTFD,47,Month-to-month,Fiber optic,100.75,16.6,🟢 Low risk
2439-QKJUL,5,Month-to-month,No,20.25,16.5,🟢 Low risk
0308-IVGOK,11,One year,DSL,40.4,16.5,🟢 Low risk
4402-FTBXC,54,Month-to-month,Fiber optic,89.8,16.5,🟢 Low risk
4710-NKCAW,5,Month-to-month,DSL,64.4,16.5,🟢 Low risk
3977-QCRSL,5,Month-to-month,No,20.15,16.5,🟢 Low risk
0048-LUMLS,37,One year,Fiber optic,91.2,16.5,🟢 Low risk
2957-JIRMN,62,One year,Fiber optic,84.45,16.4,🟢 Low risk
2925-MXLSX,30,One year,DSL,68.95,16.4,🟢 Low risk
3363-EWLGO,5,Month-to-month,No,19.95,16.4,🟢 Low risk
6621-YOBKI,5,Month-to-month,No,20.35,16.4,🟢 Low risk
6377-KSLXC,5,Month-to-month,No,19.95,16.4,🟢 Low risk
8970-ANWXO,23,One year,DSL,73.75,16.3,🟢 Low risk
8496-DMZUK,30,One year,Fiber optic,90.4,16.3,🟢 Low risk
8865-TNMNX,10,One year,DSL,49.55,16.3,🟢 Low risk
5837-LXSDN,21,One year,DSL,58.85,16.3,🟢 Low risk
5285-MVEHD,56,One year,Fiber optic,105.6,16.3,🟢 Low risk
4083-BFNYK,38,One year,Fiber optic,95.0,16.3,🟢 Low risk
0257-KXZGU,32,Month-to-month,DSL,62.45,16.3,🟢 Low risk
6576-FBXOJ,17,One year,DSL,54.6,16.3,🟢 Low risk
5149-CUZUJ,28,One year,Fiber optic,92.9,16.2,🟢 Low risk
8474-UMLNT,13,Month-to-month,DSL,67.8,16.2,🟢 Low risk
3070-BDOQC,60,Two year,Fiber optic,99.65,16.2,🟢 Low risk
0580-PIQHM,41,One year,Fiber optic,101.6,16.2,🟢 Low risk
1346-PJWTK,61,Month-to-month,Fiber optic,94.15,16.2,🟢 Low risk
9962-BFPDU,1,Month-to-month,No,20.05,16.2,🟢 Low risk
3633-CDBUW,17,One year,DSL,80.85,16.2,🟢 Low risk
5140-FOMCQ,59,One year,Fiber optic,109.15,16.2,🟢 Low risk
0516-UXRMT,62,One year,Fiber optic,92.05,16.1,🟢 Low risk
5298-GSTLM,60,One year,Fiber optic,101.4,16.1,🟢 Low risk
2080-SRCDE,1,Month-to-month,No,25.4,16.1,🟢 Low risk
3373-YZZYM,1,Month-to-month,No,19.2,16.1,🟢 Low risk
0247-SLUJI,1,Month-to-month,No,19.7,16.1,🟢 Low risk
6907-CQGPN,29,Month-to-month,DSL,34.3,16.1,🟢 Low risk
4472-VESGY,52,Month-to-month,Fiber optic,98.15,16.1,🟢 Low risk
6583-SZVGP,48,Two year,Fiber optic,108.1,16.1,🟢 Low risk
1153-GNOLC,33,One year,DSL,39.1,16.1,🟢 Low risk
2346-DJQTB,35,Month-to-month,DSL,24.15,16.0,🟢 Low risk
8715-KKTFG,61,One year,Fiber optic,103.3,16.0,🟢 Low risk
5701-SVCWR,1,Month-to-month,No,24.0,16.0,🟢 Low risk
2277-BKJKN,71,Two year,Fiber optic,99.2,16.0,🟢 Low risk
0080-EMYVY,14,One year,DSL,51.45,16.0,🟢 Low risk
0297-RBCSG,19,One year,DSL,65.35,16.0,🟢 Low risk
8734-FNWVH,31,Month-to-month,DSL,59.7,16.0,🟢 Low risk
1768-HNVGJ,45,Month-to-month,DSL,70.05,16.0,🟢 Low risk
8706-HRADD,21,Month-to-month,DSL,43.55,16.0,🟢 Low risk
6994-FGRHH,70,One year,Fiber optic,106.15,16.0,🟢 Low risk
5968-XQIVE,72,One year,Fiber optic,89.7,15.9,🟢 Low risk
7078-NVFAM,32,Month-to-month,DSL,35.15,15.9,🟢 Low risk
4816-OKWNX,50,One year,Fiber optic,103.4,15.9,🟢 Low risk
9618-LFJRU,4,Month-to-month,No,20.45,15.9,🟢 Low risk
9364-YKUVW,15,Month-to-month,No,19.8,15.9,🟢 Low risk
1202-KKGFU,12,Month-to-month,DSL,54.2,15.9,🟢 Low risk
6490-FGZAT,6,Month-to-month,No,20.65,15.8,🟢 Low risk
3858-XHYJO,40,One year,Fiber optic,105.75,15.8,🟢 Low risk
5850-BDWCY,6,Month-to-month,No,20.2,15.8,🟢 Low risk
2928-HLDBA,6,Month-to-month,No,20.7,15.8,🟢 Low risk
0289-IVARM,35,Month-to-month,DSL,60.55,15.8,🟢 Low risk
9402-CXWPL,70,One year,Fiber optic,98.9,15.8,🟢 Low risk
0285-INHLN,27,Month-to-month,DSL,54.75,15.8,🟢 Low risk
9609-BENEA,35,One year,DSL,69.0,15.8,🟢 Low risk
6972-SNKKW,6,Month-to-month,No,20.0,15.8,🟢 Low risk
9833-TGFHX,42,One year,Fiber optic,97.1,15.8,🟢 Low risk
1360-RCYRT,23,Month-to-month,DSL,30.35,15.8,🟢 Low risk
3038-PQIUY,38,Month-to-month,DSL,66.15,15.7,🟢 Low risk
8905-IAZPF,69,One year,Fiber optic,95.65,15.7,🟢 Low risk
7134-MJPDY,66,One year,Fiber optic,102.85,15.7,🟢 Low risk
2812-SFXMJ,1,Month-to-month,No,20.05,15.7,🟢 Low risk
3675-EQOZA,5,Month-to-month,No,20.65,15.7,🟢 Low risk
7968-QUXNS,6,Month-to-month,No,18.95,15.7,🟢 Low risk
0927-CNGRH,1,Month-to-month,No,19.55,15.7,🟢 Low risk
4291-HPAXL,1,Month-to-month,No,19.85,15.7,🟢 Low risk
7879-CGSFV,55,One year,Fiber optic,100.9,15.7,🟢 Low risk
3645-DEYGF,1,Month-to-month,No,20.75,15.7,🟢 Low risk
7105-MXJLL,26,One year,DSL,60.7,15.6,🟢 Low risk
8100-HZZLJ,43,Month-to-month,DSL,63.95,15.6,🟢 Low risk
4712-AUQZO,18,Month-to-month,DSL,33.6,15.6,🟢 Low risk
4495-LHSSK,18,Month-to-month,DSL,57.65,15.6,🟢 Low risk
1755-RMCXH,2,Month-to-month,No,20.3,15.6,🟢 Low risk
6258-NGCNG,7,Month-to-month,No,23.5,15.6,🟢 Low risk
6873-UDNLD,40,Month-to-month,DSL,67.45,15.5,🟢 Low risk
4182-BGSIQ,10,Month-to-month,No,19.8,15.5,🟢 Low risk
6797-UCJHZ,66,One year,Fiber optic,104.6,15.5,🟢 Low risk
7605-SNLQG,45,Month-to-month,DSL,50.25,15.5,🟢 Low risk
5081-NWSUP,10,One year,DSL,64.9,15.4,🟢 Low risk
4189-NAKJS,26,One year,DSL,51.55,15.4,🟢 Low risk
0997-YTLNY,19,Month-to-month,DSL,48.8,15.4,🟢 Low risk
2801-NISEI,24,Month-to-month,DSL,54.95,15.4,🟢 Low risk
7663-ZTEGJ,29,One year,Fiber optic,100.55,15.4,🟢 Low risk
6733-LRIZX,35,Two year,Fiber optic,108.95,15.4,🟢 Low risk
5084-OOVCJ,17,Month-to-month,DSL,55.35,15.3,🟢 Low risk
1925-GMVBW,5,Month-to-month,No,20.55,15.3,🟢 Low risk
2452-SNHFZ,47,Month-to-month,Fiber optic,75.45,15.3,🟢 Low risk
6671-NGWON,7,Month-to-month,No,20.35,15.3,🟢 Low risk
8944-AILEF,15,Month-to-month,No,19.45,15.3,🟢 Low risk
9571-EDEBV,71,One year,Fiber optic,98.65,15.3,🟢 Low risk
0750-EKNGL,7,Month-to-month,No,20.75,15.3,🟢 Low risk
3086-RUCRN,66,Month-to-month,Fiber optic,103.1,15.3,🟢 Low risk
3011-WQKSZ,19,Month-to-month,No,20.0,15.3,🟢 Low risk
3530-CRZSB,7,Month-to-month,No,20.65,15.3,🟢 Low risk
1309-XGFSN,52,One year,DSL,80.85,15.3,🟢 Low risk
9644-KVCNC,66,One year,Fiber optic,92.15,15.2,🟢 Low risk
7123-WQUHX,38,One year,Fiber optic,95.0,15.2,🟢 Low risk
2159-TURXX,5,Month-to-month,No,20.05,15.2,🟢 Low risk
2320-YKQBO,7,Month-to-month,No,19.3,15.2,🟢 Low risk
1810-BOHSY,51,One year,Fiber optic,96.4,15.2,🟢 Low risk
5151-HQRDG,37,Month-to-month,DSL,55.05,15.2,🟢 Low risk
2692-AQCPF,65,One year,Fiber optic,108.05,15.2,🟢 Low risk
0330-BGYZE,60,One year,Fiber optic,102.5,15.2,🟢 Low risk
3199-NPKCN,67,One year,Fiber optic,111.25,15.1,🟢 Low risk
0961-ZWLVI,49,One year,Fiber optic,109.2,15.1,🟢 Low risk
6202-JVYEU,9,One year,No,19.9,15.1,🟢 Low risk
7622-NXQZR,28,Month-to-month,DSL,30.1,15.1,🟢 Low risk
5481-NTDOH,67,One year,Fiber optic,107.05,15.1,🟢 Low risk
5345-BMKWB,8,Month-to-month,No,20.25,15.1,🟢 Low risk
7094-MSZAO,10,Month-to-month,No,20.05,15.1,🟢 Low risk
2410-CIYFZ,2,Month-to-month,No,20.4,15.1,🟢 Low risk
7787-BNTZM,6,Month-to-month,No,20.15,15.1,🟢 Low risk
0484-FFVBJ,32,One year,DSL,64.85,15.1,🟢 Low risk
3156-QLHBO,2,Month-to-month,No,19.25,15.1,🟢 Low risk
6341-AEVKX,62,One year,Fiber optic,104.3,15.0,🟢 Low risk
1545-ACTAS,48,One year,Fiber optic,99.7,15.0,🟢 Low risk
1465-WCZVT,3,Month-to-month,No,19.65,15.0,🟢 Low risk
2040-OBMLJ,31,One year,Fiber optic,81.7,15.0,🟢 Low risk
7080-TNUWP,70,One year,Fiber optic,95.0,15.0,🟢 Low risk
5921-NGYRH,64,Month-to-month,Fiber optic,73.55,15.0,🟢 Low risk
2931-VUVJN,59,One year,Fiber optic,94.05,15.0,🟢 Low risk
0678-RLHVP,53,Two year,Fiber optic,105.55,15.0,🟢 Low risk
6574-MCOEH,33,One year,DSL,79.15,15.0,🟢 Low risk
0523-VNGTF,52,Month-to-month,DSL,50.5,14.9,🟢 Low risk
7785-RDVIG,3,Month-to-month,No,19.3,14.9,🟢 Low risk
6035-BXTTY,32,Month-to-month,DSL,54.65,14.9,🟢 Low risk
0440-UEDAI,53,One year,Fiber optic,94.45,14.9,🟢 Low risk
8216-AZUUZ,42,Two year,Fiber optic,100.4,14.9,🟢 Low risk
1360-XFJMR,67,One year,Fiber optic,109.7,14.8,🟢 Low risk
9475-NNDGC,71,One year,Fiber optic,113.15,14.8,🟢 Low risk
4323-OHFOW,70,One year,Fiber optic,105.55,14.8,🟢 Low risk
4274-DRSQT,66,One year,Fiber optic,88.9,14.8,🟢 Low risk
0689-DSXGL,52,Month-to-month,Fiber optic,85.8,14.7,🟢 Low risk
9970-QBCDA,6,Month-to-month,No,19.7,14.7,🟢 Low risk
1352-VHKAJ,27,Month-to-month,DSL,71.6,14.7,🟢 Low risk
3537-RYBHH,47,Month-to-month,DSL,67.45,14.7,🟢 Low risk
5740-YHGTW,70,Month-to-month,Fiber optic,97.55,14.7,🟢 Low risk
5197-PYEPU,42,One year,Fiber optic,94.45,14.7,🟢 Low risk
9798-DRYDS,17,One year,DSL,61.95,14.7,🟢 Low risk
7089-XXAYG,25,One year,DSL,38.1,14.6,🟢 Low risk
0377-JBKKT,22,Month-to-month,DSL,57.95,14.6,🟢 Low risk
5732-IKGQH,52,One year,Fiber optic,104.45,14.6,🟢 Low risk
7764-BDPEE,3,Month-to-month,No,20.85,14.6,🟢 Low risk
9554-DFKIC,30,Month-to-month,DSL,54.45,14.6,🟢 Low risk
6979-TNDEU,8,Month-to-month,No,19.2,14.6,🟢 Low risk
5240-CAOYT,57,Month-to-month,Fiber optic,87.55,14.6,🟢 Low risk
7521-YXVZY,3,Month-to-month,No,19.95,14.5,🟢 Low risk
5811-IWXYM,52,One year,Fiber optic,101.25,14.5,🟢 Low risk
3752-CQSJI,13,Month-to-month,No,20.45,14.5,🟢 Low risk
5074-FBGHB,64,One year,Fiber optic,104.65,14.5,🟢 Low risk
7184-LRUUR,22,One year,DSL,65.25,14.5,🟢 Low risk
0489-WMEMG,23,One year,DSL,49.45,14.5,🟢 Low risk
2972-YDYUW,57,One year,Fiber optic,94.7,14.5,🟢 Low risk
8947-YRTDV,32,One year,Fiber optic,94.8,14.5,🟢 Low risk
7219-TLZHO,4,Month-to-month,No,20.85,14.4,🟢 Low risk
9518-IMLHK,31,Month-to-month,DSL,72.45,14.4,🟢 Low risk
5150-LJNSR,31,One year,Fiber optic,98.05,14.4,🟢 Low risk
8091-TTVAX,58,One year,Fiber optic,100.35,14.4,🟢 Low risk
8017-UVSZU,40,Month-to-month,DSL,56.6,14.4,🟢 Low risk
7163-OCEQI,22,One year,DSL,78.65,14.4,🟢 Low risk
9114-AAFQH,48,One year,DSL,65.65,14.4,🟢 Low risk
0594-UFTUL,13,Month-to-month,No,19.85,14.4,🟢 Low risk
0620-XEFWH,4,Month-to-month,No,18.85,14.4,🟢 Low risk
0142-GVYSN,26,Month-to-month,No,20.3,14.3,🟢 Low risk
0931-MHTEM,54,One year,Fiber optic,100.05,14.3,🟢 Low risk
2486-WYVVE,31,One year,DSL,79.3,14.3,🟢 Low risk
4525-VZCZG,54,One year,Fiber optic,105.85,14.3,🟢 Low risk
3126-WQMGH,49,Month-to-month,DSL,52.15,14.3,🟢 Low risk
7217-JYHOQ,24,Month-to-month,DSL,70.3,14.3,🟢 Low risk
1237-WIYYZ,18,Month-to-month,No,19.55,14.2,🟢 Low risk
2252-JHJGE,61,One year,Fiber optic,104.0,14.2,🟢 Low risk
0136-IFMYD,69,Two year,Fiber optic,109.95,14.2,🟢 Low risk
4429-WYGFR,26,Month-to-month,DSL,49.15,14.2,🟢 Low risk
8190-ZTQFB,41,One year,DSL,51.35,14.2,🟢 Low risk
8259-NFJTV,7,Month-to-month,DSL,34.65,14.2,🟢 Low risk
0787-LHDYT,16,Month-to-month,No,20.6,14.2,🟢 Low risk
8845-LWKGE,30,One year,DSL,64.5,14.2,🟢 Low risk
0206-TBWLC,54,One year,Fiber optic,114.65,14.2,🟢 Low risk
6749-UTDVX,72,Two year,Fiber optic,103.65,14.2,🟢 Low risk
7824-PANSQ,58,Month-to-month,Fiber optic,80.65,14.2,🟢 Low risk
5985-BEHZK,72,One year,Fiber optic,105.0,14.2,🟢 Low risk
0233-FTHAV,60,One year,Fiber optic,79.2,14.1,🟢 Low risk
5168-MQQCA,72,One year,Fiber optic,108.5,14.1,🟢 Low risk
0310-VQXAM,9,Month-to-month,No,19.85,14.1,🟢 Low risk
4568-TTZRT,9,Month-to-month,No,20.4,14.1,🟢 Low risk
4332-MUOEZ,20,One year,Fiber optic,94.3,14.1,🟢 Low risk
6278-FEPBZ,9,Month-to-month,No,20.25,14.1,🟢 Low risk
0036-IHMOT,55,One year,Fiber optic,103.7,14.1,🟢 Low risk
9972-NKTFD,28,Month-to-month,DSL,54.65,14.1,🟢 Low risk
1991-VOPLL,9,Month-to-month,No,19.05,14.0,🟢 Low risk
7964-ZRKKG,67,One year,Fiber optic,88.4,14.0,🟢 Low risk
8050-WYBND,22,One year,DSL,49.45,14.0,🟢 Low risk
1347-KTTTA,64,One year,Fiber optic,102.45,14.0,🟢 Low risk
3786-WOVKF,72,One year,Fiber optic,106.85,14.0,🟢 Low risk
4450-MDZFX,60,Month-to-month,Fiber optic,74.35,14.0,🟢 Low risk
6617-WLBQC,23,One year,Fiber optic,81.85,14.0,🟢 Low risk
0750-EBAIU,52,One year,Fiber optic,91.25,13.9,🟢 Low risk
7868-BGSZA,43,One year,DSL,80.2,13.9,🟢 Low risk
7595-EHCDL,32,Month-to-month,DSL,50.6,13.9,🟢 Low risk
7777-UNYHB,12,Month-to-month,No,20.1,13.9,🟢 Low risk
1179-INLAT,3,One year,No,19.45,13.9,🟢 Low risk
3039-MJSLN,3,Month-to-month,No,20.2,13.8,🟢 Low risk
8963-MQVYN,22,Month-to-month,No,20.55,13.8,🟢 Low risk
2898-MRKPI,68,One year,Fiber optic,101.05,13.8,🟢 Low risk
8220-OCUFY,21,One year,DSL,60.25,13.8,🟢 Low risk
1257-SXUXQ,5,Month-to-month,No,19.45,13.8,🟢 Low risk
2560-PPCHE,65,One year,Fiber optic,105.05,13.8,🟢 Low risk
4644-PIZRT,17,One year,DSL,70.35,13.8,🟢 Low risk
1142-IHLOO,51,One year,Fiber optic,87.55,13.8,🟢 Low risk
3450-WXOAT,46,Month-to-month,DSL,45.2,13.7,🟢 Low risk
0098-BOWSO,27,Month-to-month,No,19.4,13.7,🟢 Low risk
5376-PCKNB,72,One year,Fiber optic,104.45,13.7,🟢 Low risk
0708-SJDIS,34,Month-to-month,DSL,65.0,13.7,🟢 Low risk
4011-ARPHK,27,Month-to-month,DSL,50.35,13.7,🟢 Low risk
5756-JYOJT,11,One year,DSL,64.9,13.7,🟢 Low risk
4726-DLWQN,50,Month-to-month,DSL,70.35,13.7,🟢 Low risk
6794-HKIAJ,62,Month-to-month,Fiber optic,90.7,13.7,🟢 Low risk
2023-VQFDL,18,Month-to-month,No,19.0,13.6,🟢 Low risk
2791-SFVEW,9,Month-to-month,No,20.15,13.6,🟢 Low risk
2478-EEWWM,59,Month-to-month,DSL,44.3,13.6,🟢 Low risk
3253-HKOKL,52,One year,Fiber optic,100.3,13.6,🟢 Low risk
8433-WPJTV,65,One year,Fiber optic,103.9,13.6,🟢 Low risk
5832-TRLPB,29,One year,DSL,75.35,13.5,🟢 Low risk
1353-GHZOS,22,One year,DSL,59.75,13.5,🟢 Low risk
6092-QZVPP,36,Month-to-month,DSL,79.2,13.5,🟢 Low risk
7544-ZVIKX,58,One year,Fiber optic,105.05,13.5,🟢 Low risk
1297-VQDRP,68,One year,Fiber optic,107.15,13.5,🟢 Low risk
8008-ESFLK,53,One year,Fiber optic,110.5,13.5,🟢 Low risk
1222-LRYKO,6,Month-to-month,No,26.35,13.5,🟢 Low risk
5440-VHLUL,69,One year,Fiber optic,105.2,13.4,🟢 Low risk
3428-MMGUB,60,Two year,Fiber optic,89.55,13.4,🟢 Low risk
2234-XADUH,72,One year,Fiber optic,103.2,13.4,🟢 Low risk
1371-WEPDS,40,One year,DSL,55.8,13.4,🟢 Low risk
9294-TDIPC,5,Month-to-month,No,20.2,13.4,🟢 Low risk
4374-YMUSQ,34,One year,Fiber optic,116.25,13.4,🟢 Low risk
5863-OOKCL,10,Month-to-month,No,18.85,13.4,🟢 Low risk
4002-BQWPQ,25,Month-to-month,DSL,81.75,13.3,🟢 Low risk
0665-XHDJU,72,Two year,Fiber optic,99.4,13.3,🟢 Low risk
2450-ZKEED,11,One year,DSL,53.8,13.3,🟢 Low risk
7727-SHVZV,9,Month-to-month,No,19.5,13.3,🟢 Low risk
3714-XPXBW,37,Month-to-month,DSL,78.9,13.3,🟢 Low risk
6164-HXUGH,6,Month-to-month,No,19.85,13.3,🟢 Low risk
2250-IVBWA,64,Month-to-month,Fiber optic,81.05,13.3,🟢 Low risk
3077-RSNTJ,6,Month-to-month,No,19.7,13.3,🟢 Low risk
3209-ZPKFI,47,Month-to-month,DSL,54.25,13.3,🟢 Low risk
7803-XOCCZ,52,Month-to-month,Fiber optic,84.05,13.3,🟢 Low risk
3724-UCSHY,6,Month-to-month,No,19.55,13.3,🟢 Low risk
3733-UOCWF,61,One year,Fiber optic,85.55,13.2,🟢 Low risk
7746-QYVCO,16,One year,DSL,55.85,13.2,🟢 Low risk
2946-KIQSP,35,Month-to-month,DSL,33.45,13.2,🟢 Low risk
7159-NOKYQ,67,Two year,Fiber optic,93.15,13.2,🟢 Low risk
5913-INRQV,34,One year,Fiber optic,90.15,13.2,🟢 Low risk
9036-CSKBW,51,One year,Fiber optic,107.45,13.2,🟢 Low risk
7356-AYNJP,4,One year,No,23.9,13.2,🟢 Low risk
2923-ARZLG,0,One year,No,19.7,13.1,🟢 Low risk
0516-QREYC,24,Month-to-month,No,20.3,13.1,🟢 Low risk
4504-YOULA,35,Month-to-month,DSL,59.45,13.1,🟢 Low risk
1163-ONYEY,41,Month-to-month,DSL,74.55,13.1,🟢 Low risk
2242-MFOTG,33,One year,Fiber optic,80.1,13.1,🟢 Low risk
5195-KPUNQ,53,One year,Fiber optic,96.75,13.0,🟢 Low risk
1877-HKBQX,11,One year,DSL,54.6,13.0,🟢 Low risk
1397-XKKWR,7,One year,DSL,35.3,13.0,🟢 Low risk
9894-QMIMJ,23,One year,DSL,55.8,13.0,🟢 Low risk
9932-WBWIK,11,Month-to-month,No,20.35,13.0,🟢 Low risk
6728-DKUCO,72,One year,Fiber optic,104.15,13.0,🟢 Low risk
5396-IZEPB,9,Month-to-month,No,19.7,13.0,🟢 Low risk
1921-KYSAY,41,One year,DSL,68.6,13.0,🟢 Low risk
2371-JUNGC,11,Month-to-month,No,20.25,13.0,🟢 Low risk
9929-PLVPA,4,Month-to-month,No,20.4,13.0,🟢 Low risk
9522-ZSINC,13,One year,No,19.95,13.0,🟢 Low risk
9143-CANJF,24,Month-to-month,DSL,55.15,12.9,🟢 Low risk
3863-QSTYI,59,Month-to-month,DSL,64.65,12.9,🟢 Low risk
4719-UMSIY,6,Month-to-month,No,19.65,12.9,🟢 Low risk
5774-XZTQC,7,Month-to-month,No,20.45,12.9,🟢 Low risk
9107-UKCKY,61,One year,DSL,79.8,12.9,🟢 Low risk
1345-GKDZZ,6,Month-to-month,No,19.55,12.9,🟢 Low risk
4833-QTJNO,67,Month-to-month,Fiber optic,83.85,12.9,🟢 Low risk
4732-RRJZC,7,Month-to-month,No,20.25,12.9,🟢 Low risk
7623-HKYRK,6,Month-to-month,No,19.7,12.9,🟢 Low risk
6281-FKEWS,44,One year,DSL,49.05,12.9,🟢 Low risk
3012-VFFMN,7,Month-to-month,No,20.65,12.9,🟢 Low risk
4682-BLBUC,44,One year,DSL,70.95,12.9,🟢 Low risk
1017-FBQMM,62,One year,Fiber optic,106.05,12.8,🟢 Low risk
4829-ZLJTK,72,Two year,Fiber optic,112.4,12.8,🟢 Low risk
2805-EDJPQ,56,One year,Fiber optic,99.75,12.8,🟢 Low risk
4700-UBQMV,21,One year,DSL,75.9,12.8,🟢 Low risk
4422-QVIJA,35,Month-to-month,DSL,50.15,12.7,🟢 Low risk
6837-HAEVO,69,Two year,Fiber optic,105.0,12.7,🟢 Low risk
2001-EWBQU,60,Two year,Fiber optic,104.7,12.7,🟢 Low risk
8401-EMUWF,42,Month-to-month,DSL,69.4,12.7,🟢 Low risk
9746-MDMBK,47,One year,Fiber optic,113.45,12.7,🟢 Low risk
8942-DBMHZ,12,Month-to-month,No,20.45,12.6,🟢 Low risk
6648-INWPS,16,Month-to-month,No,20.15,12.6,🟢 Low risk
1539-LNKHM,12,Month-to-month,No,20.4,12.6,🟢 Low risk
5397-TUPSH,65,One year,Fiber optic,70.95,12.6,🟢 Low risk
3623-FQBOX,21,Month-to-month,No,19.95,12.6,🟢 Low risk
6838-HVLXG,12,Month-to-month,No,20.3,12.6,🟢 Low risk
2428-ZMCTB,10,Month-to-month,No,19.75,12.6,🟢 Low risk
9357-UJRUN,24,One year,DSL,58.35,12.6,🟢 Low risk
2408-PSJVE,44,Month-to-month,DSL,61.9,12.5,🟢 Low risk
6502-KUGLL,14,Month-to-month,DSL,59.45,12.5,🟢 Low risk
9470-RTWDV,26,One year,DSL,82.0,12.5,🟢 Low risk
6743-HHQPF,42,Month-to-month,DSL,25.1,12.5,🟢 Low risk
4119-ZYPZY,71,Two year,Fiber optic,106.8,12.5,🟢 Low risk
9256-JTBNZ,11,Month-to-month,No,20.3,12.5,🟢 Low risk
1159-WFSGR,16,Month-to-month,No,20.4,12.5,🟢 Low risk
1563-IWQEX,12,Month-to-month,No,19.7,12.5,🟢 Low risk
9114-VEPUF,62,One year,Fiber optic,96.1,12.5,🟢 Low risk
3181-MIZBN,16,Month-to-month,No,19.75,12.5,🟢 Low risk
0380-ZCSBI,10,Month-to-month,No,20.0,12.5,🟢 Low risk
3318-ISQFQ,20,Month-to-month,No,19.5,12.5,🟢 Low risk
9367-TCUYN,12,Month-to-month,No,20.1,12.5,🟢 Low risk
9504-DSHWM,20,Month-to-month,DSL,59.2,12.5,🟢 Low risk
0824-VWDPO,45,One year,Fiber optic,96.75,12.5,🟢 Low risk
3642-GKTCT,61,One year,Fiber optic,115.1,12.5,🟢 Low risk
2739-CCZMB,5,Month-to-month,No,20.35,12.5,🟢 Low risk
3750-RNQKR,12,Month-to-month,No,19.45,12.5,🟢 Low risk
8409-WQJUX,25,One year,DSL,54.2,12.5,🟢 Low risk
7311-MQJCH,5,One year,No,19.55,12.4,🟢 Low risk
4079-VTGLK,30,Two year,DSL,74.85,12.4,🟢 Low risk
6137-MFAJN,48,Month-to-month,DSL,44.8,12.4,🟢 Low risk
4020-KIUDI,6,Month-to-month,No,19.85,12.4,🟢 Low risk
0373-AIVNJ,9,One year,DSL,39.55,12.4,🟢 Low risk
8984-EYLLL,64,Two year,Fiber optic,105.25,12.4,🟢 Low risk
4622-YNKIJ,33,Two year,Fiber optic,88.95,12.4,🟢 Low risk
2908-ZTPNF,36,Month-to-month,DSL,34.85,12.4,🟢 Low risk
9308-ANMVE,47,Month-to-month,DSL,55.3,12.4,🟢 Low risk
8080-POTJR,30,One year,DSL,79.3,12.3,🟢 Low risk
8561-NMTBD,67,One year,Fiber optic,112.35,12.3,🟢 Low risk
3099-OONVS,25,Month-to-month,DSL,54.3,12.3,🟢 Low risk
5223-UZAVK,64,One year,Fiber optic,100.3,12.3,🟢 Low risk
3680-CTHUH,60,One year,Fiber optic,116.6,12.3,🟢 Low risk
0557-ASKVU,18,One year,DSL,54.4,12.3,🟢 Low risk
0810-BDHAW,24,One year,DSL,78.4,12.3,🟢 Low risk
3635-JBPSG,15,Two year,DSL,38.8,12.3,🟢 Low risk
6784-XYJAE,36,One year,DSL,55.8,12.3,🟢 Low risk
2001-MCUUW,46,Two year,Fiber optic,108.65,12.3,🟢 Low risk
9867-NNXLC,22,Month-to-month,No,20.05,12.2,🟢 Low risk
1810-MVMAI,30,Month-to-month,DSL,67.6,12.2,🟢 Low risk
6402-SSEJG,25,One year,DSL,61.05,12.2,🟢 Low risk
8221-EQDGL,35,Month-to-month,DSL,61.0,12.2,🟢 Low risk
6035-RIIOM,54,Two year,Fiber optic,97.2,12.1,🟢 Low risk
8929-KSWIH,25,Two year,Fiber optic,99.3,12.1,🟢 Low risk
5693-PIPCS,41,Two year,Fiber optic,99.65,12.1,🟢 Low risk
6198-PNNSZ,56,One year,Fiber optic,109.8,12.1,🟢 Low risk
6368-NWMCE,38,Month-to-month,DSL,68.15,12.1,🟢 Low risk
7629-WFGLW,56,One year,Fiber optic,95.65,12.0,🟢 Low risk
4623-ZKHLY,22,Month-to-month,No,20.45,12.0,🟢 Low risk
1850-AKQEP,8,Month-to-month,No,20.35,12.0,🟢 Low risk
0345-XMMUG,46,Two year,Fiber optic,108.9,12.0,🟢 Low risk
8457-XIGKN,20,Month-to-month,No,19.6,12.0,🟢 Low risk
5160-UXJED,17,One year,DSL,44.6,12.0,🟢 Low risk
1304-SEGFY,72,Two year,Fiber optic,97.85,12.0,🟢 Low risk
2717-HVIZY,8,Month-to-month,No,20.05,12.0,🟢 Low risk
4054-CUMIA,18,Month-to-month,No,20.25,12.0,🟢 Low risk
4694-PHWFW,8,Month-to-month,No,19.95,12.0,🟢 Low risk
2212-LYASK,27,One year,DSL,45.85,12.0,🟢 Low risk
3137-NYQQI,17,One year,DSL,64.8,12.0,🟢 Low risk
6297-NOOPG,70,Two year,Fiber optic,110.5,12.0,🟢 Low risk
2202-OUTMO,34,Month-to-month,DSL,60.85,12.0,🟢 Low risk
2882-DDZPG,12,Month-to-month,No,19.45,11.9,🟢 Low risk
9391-LMANN,53,One year,Fiber optic,95.95,11.9,🟢 Low risk
4903-CNOZC,29,One year,DSL,70.9,11.9,🟢 Low risk
7228-PAQPD,14,One year,DSL,59.1,11.9,🟢 Low risk
7459-IMVYU,38,Month-to-month,DSL,69.95,11.9,🟢 Low risk
3999-WRNGR,60,Month-to-month,DSL,49.75,11.9,🟢 Low risk
4476-OSWTN,69,One year,Fiber optic,110.55,11.9,🟢 Low risk
6603-QWSPR,46,Two year,Fiber optic,104.4,11.9,🟢 Low risk
8467-WYNSR,22,Month-to-month,DSL,55.1,11.9,🟢 Low risk
5025-GOOKI,20,Month-to-month,No,18.9,11.9,🟢 Low risk
6778-JFCMK,24,One year,DSL,50.6,11.8,🟢 Low risk
1131-SUEKT,61,One year,Fiber optic,98.45,11.8,🟢 Low risk
6227-FBDXH,69,One year,Fiber optic,99.5,11.8,🟢 Low risk
8406-LNMHF,59,One year,Fiber optic,82.95,11.8,🟢 Low risk
9052-DHNKM,26,One year,DSL,61.55,11.8,🟢 Low risk
1730-VFMWO,34,Month-to-month,DSL,50.2,11.8,🟢 Low risk
9839-ETQOE,43,Month-to-month,DSL,40.45,11.8,🟢 Low risk
7531-GQHME,12,Month-to-month,No,20.05,11.7,🟢 Low risk
0487-RPVUM,61,Month-to-month,Fiber optic,99.4,11.7,🟢 Low risk
0835-JKADZ,71,Two year,Fiber optic,111.25,11.7,🟢 Low risk
9555-SAHUZ,38,Month-to-month,DSL,54.5,11.7,🟢 Low risk
6008-NAIXK,54,One year,DSL,55.45,11.7,🟢 Low risk
7470-DYNOE,53,One year,DSL,61.1,11.7,🟢 Low risk
5229-DTFYB,41,Two year,Fiber optic,98.8,11.7,🟢 Low risk
3417-TSCIC,29,One year,DSL,24.85,11.7,🟢 Low risk
1950-KSVVJ,45,One year,Fiber optic,113.3,11.7,🟢 Low risk
0815-MFZGM,42,Two year,Fiber optic,99.0,11.7,🟢 Low risk
8213-TAZPM,69,One year,Fiber optic,108.75,11.7,🟢 Low risk
1697-BCSHV,58,Month-to-month,DSL,66.8,11.7,🟢 Low risk
8319-QBEHW,26,One year,DSL,39.95,11.6,🟢 Low risk
5056-FIMPT,43,One year,Fiber optic,106.0,11.6,🟢 Low risk
7566-DSRLQ,72,Two year,Fiber optic,110.15,11.6,🟢 Low risk
2530-FMFXO,56,Two year,Fiber optic,103.2,11.6,🟢 Low risk
8849-PRIQJ,67,One year,Fiber optic,109.4,11.6,🟢 Low risk
9391-TTOYH,23,Month-to-month,No,19.5,11.6,🟢 Low risk
9092-GDZKO,22,Month-to-month,No,24.85,11.6,🟢 Low risk
3061-BCKYI,14,Month-to-month,No,19.9,11.6,🟢 Low risk
6465-GSRCL,67,One year,Fiber optic,106.6,11.6,🟢 Low risk
9386-LDCZR,43,One year,Fiber optic,90.65,11.6,🟢 Low risk
2558-BUOZZ,47,One year,Fiber optic,94.8,11.6,🟢 Low risk
9591-YVTEB,55,Month-to-month,DSL,44.85,11.6,🟢 Low risk
8591-NXRCV,41,Month-to-month,DSL,74.65,11.5,🟢 Low risk
7516-GMHUV,50,Two year,Fiber optic,105.05,11.5,🟢 Low risk
8402-EIVQS,67,One year,Fiber optic,100.9,11.5,🟢 Low risk
8735-NBLWT,9,Month-to-month,No,20.4,11.5,🟢 Low risk
2931-XIQBR,50,One year,Fiber optic,103.05,11.5,🟢 Low risk
8894-JVDCV,62,One year,Fiber optic,115.05,11.4,🟢 Low risk
5678-VFNEQ,71,One year,Fiber optic,104.1,11.4,🟢 Low risk
2958-NHPPS,23,Month-to-month,No,20.85,11.4,🟢 Low risk
2466-NEJOJ,8,Month-to-month,No,19.65,11.4,🟢 Low risk
9498-FIMXL,8,One year,No,19.2,11.4,🟢 Low risk
5193-QLVZB,63,Two year,Fiber optic,104.75,11.4,🟢 Low risk
6732-FZUGP,47,One year,Fiber optic,94.9,11.4,🟢 Low risk
4104-PVRPS,24,Month-to-month,DSL,53.6,11.4,🟢 Low risk
1045-LTCYT,8,Month-to-month,No,21.05,11.4,🟢 Low risk
4801-KFYKL,8,Month-to-month,No,19.45,11.4,🟢 Low risk
1337-BOZWO,18,One year,DSL,46.4,11.3,🟢 Low risk
2019-HDCZY,63,Two year,Fiber optic,102.6,11.3,🟢 Low risk
4277-UDIEF,24,Month-to-month,DSL,81.0,11.3,🟢 Low risk
2324-EFHVG,64,Two year,Fiber optic,104.4,11.3,🟢 Low risk
9770-KXGQU,53,One year,Fiber optic,98.6,11.3,🟢 Low risk
5294-IMHHT,53,One year,Fiber optic,97.75,11.3,🟢 Low risk
0347-UBKUZ,15,Month-to-month,No,19.9,11.2,🟢 Low risk
8405-IGQFX,63,One year,Fiber optic,90.05,11.2,🟢 Low risk
5012-YSPJJ,31,Month-to-month,DSL,54.35,11.2,🟢 Low risk
8646-JCOMS,66,One year,Fiber optic,90.55,11.2,🟢 Low risk
1121-QSIVB,44,One year,DSL,77.55,11.2,🟢 Low risk
4922-CVPDX,26,Two year,DSL,73.5,11.2,🟢 Low risk
8752-GHJFU,71,One year,Fiber optic,92.0,11.2,🟢 Low risk
1095-WGNGG,61,Two year,Fiber optic,101.05,11.2,🟢 Low risk
8204-TIFGJ,23,Month-to-month,No,20.3,11.1,🟢 Low risk
7013-PSXHK,40,One year,DSL,80.75,11.1,🟢 Low risk
1898-JSNDC,39,One year,DSL,58.6,11.1,🟢 Low risk
6040-CGACY,15,Month-to-month,No,19.6,11.1,🟢 Low risk
9031-ZVQPT,72,Two year,Fiber optic,108.2,11.1,🟢 Low risk
8138-EALND,15,Month-to-month,No,19.75,11.1,🟢 Low risk
7820-ZYGNY,63,One year,Fiber optic,90.45,11.1,🟢 Low risk
6620-HVDUJ,24,Month-to-month,DSL,60.45,11.1,🟢 Low risk
7654-YWJUF,43,One year,Fiber optic,84.25,11.1,🟢 Low risk
8034-RYTVV,55,One year,Fiber optic,84.25,11.0,🟢 Low risk
9786-IJYDL,35,Two year,Fiber optic,113.2,11.0,🟢 Low risk
6286-ZHAOK,20,Month-to-month,No,25.55,11.0,🟢 Low risk
1679-JRFBR,70,One year,Fiber optic,108.15,11.0,🟢 Low risk
0536-ACXIP,72,Two year,Fiber optic,109.55,11.0,🟢 Low risk
7102-JJVTX,9,One year,DSL,48.6,11.0,🟢 Low risk
5753-QQWPW,28,One year,DSL,59.9,11.0,🟢 Low risk
9128-CPXKI,59,Two year,Fiber optic,95.8,11.0,🟢 Low risk
6036-TTFYU,16,Month-to-month,No,19.6,11.0,🟢 Low risk
4770-QAZXN,13,Month-to-month,No,19.45,11.0,🟢 Low risk
9480-BQJEI,62,One year,Fiber optic,92.3,11.0,🟢 Low risk
3164-YAXFY,57,Month-to-month,DSL,53.75,11.0,🟢 Low risk
3571-DPYUH,58,One year,Fiber optic,94.7,11.0,🟢 Low risk
0975-UYDTX,26,One year,DSL,90.1,10.9,🟢 Low risk
5619-PTMIK,46,Month-to-month,DSL,53.1,10.9,🟢 Low risk
4134-BSXLX,28,Month-to-month,DSL,60.9,10.9,🟢 Low risk
9711-FJTBX,56,One year,Fiber optic,85.85,10.9,🟢 Low risk
4198-VFOEA,12,One year,DSL,33.6,10.9,🟢 Low risk
8631-XVRZL,9,One year,No,20.15,10.9,🟢 Low risk
5815-HGGHV,20,One year,DSL,64.15,10.9,🟢 Low risk
2363-BJLSL,62,Month-to-month,DSL,80.4,10.9,🟢 Low risk
6937-GCDGQ,19,One year,DSL,48.95,10.9,🟢 Low risk
6900-RBKER,52,Two year,Fiber optic,89.45,10.9,🟢 Low risk
2519-TWKFS,25,One year,DSL,55.1,10.9,🟢 Low risk
2495-TTHBQ,4,One year,No,20.4,10.9,🟢 Low risk
5514-YQENT,41,Two year,Fiber optic,111.15,10.8,🟢 Low risk
2419-FSORS,72,Two year,Fiber optic,108.4,10.8,🟢 Low risk
2120-SMPEX,25,Month-to-month,No,20.15,10.8,🟢 Low risk
2926-JEJJC,8,One year,No,20.2,10.8,🟢 Low risk
4186-ZBUEW,36,One year,DSL,70.7,10.8,🟢 Low risk
7707-PYBBH,40,Month-to-month,DSL,61.9,10.8,🟢 Low risk
1442-OKRJE,66,One year,Fiber optic,103.15,10.8,🟢 Low risk
4163-KIUHY,35,Month-to-month,No,25.6,10.8,🟢 Low risk
4282-MSACW,68,One year,Fiber optic,117.2,10.8,🟢 Low risk
4455-BFSPD,61,One year,Fiber optic,101.15,10.8,🟢 Low risk
3256-EZDBI,51,Month-to-month,DSL,29.45,10.8,🟢 Low risk
1140-UKVZG,17,Month-to-month,No,24.8,10.8,🟢 Low risk
4355-CVPVS,56,One year,Fiber optic,88.9,10.8,🟢 Low risk
4712-UYOOI,20,Month-to-month,No,20.0,10.7,🟢 Low risk
4003-OCTMP,31,One year,DSL,64.0,10.7,🟢 Low risk
4881-GQJTW,14,Month-to-month,No,19.6,10.7,🟢 Low risk
6419-ZTTLE,23,One year,No,20.75,10.7,🟢 Low risk
5966-EMAZU,64,One year,Fiber optic,108.5,10.7,🟢 Low risk
7446-KQISO,45,Two year,Fiber optic,109.75,10.7,🟢 Low risk
8109-YUOHE,17,One year,DSL,56.1,10.7,🟢 Low risk
4795-WRNVT,40,Month-to-month,DSL,65.1,10.7,🟢 Low risk
1428-IEDPR,52,Two year,Fiber optic,109.3,10.7,🟢 Low risk
7998-ZLXWN,15,Month-to-month,No,20.45,10.7,🟢 Low risk
8680-CGLTP,29,One year,DSL,58.75,10.6,🟢 Low risk
4079-ULGFR,16,Month-to-month,No,20.0,10.6,🟢 Low risk
6968-URWQU,43,One year,DSL,56.35,10.6,🟢 Low risk
1125-SNVCK,49,Month-to-month,DSL,43.8,10.6,🟢 Low risk
4063-EIKNQ,11,Month-to-month,No,20.95,10.6,🟢 Low risk
6476-EPYZR,12,Month-to-month,No,20.5,10.6,🟢 Low risk
7954-MLBUN,31,Two year,Fiber optic,99.45,10.6,🟢 Low risk
4385-ZKVNW,44,Month-to-month,DSL,54.9,10.6,🟢 Low risk
4366-CTOUZ,50,Two year,Fiber optic,100.2,10.6,🟢 Low risk
4830-FAXFM,19,Month-to-month,No,24.1,10.6,🟢 Low risk
2690-DVRVK,5,One year,No,20.55,10.5,🟢 Low risk
6941-KXRRV,48,One year,DSL,58.95,10.5,🟢 Low risk
5062-CJJKH,25,One year,DSL,53.65,10.5,🟢 Low risk
8550-XSXUQ,48,One year,DSL,70.55,10.5,🟢 Low risk
4318-RAJVY,10,One year,No,19.8,10.5,🟢 Low risk
5777-KJIRB,40,One year,DSL,50.25,10.5,🟢 Low risk
0356-OBMAC,56,Two year,Fiber optic,99.9,10.5,🟢 Low risk
5808-TOTXO,3,One year,No,20.55,10.5,🟢 Low risk
0068-FIGTF,27,One year,DSL,78.2,10.5,🟢 Low risk
5555-RNPGT,10,Month-to-month,No,24.8,10.5,🟢 Low risk
6295-OSINB,72,Two year,Fiber optic,109.65,10.4,🟢 Low risk
4023-RTIQM,31,One year,DSL,50.4,10.4,🟢 Low risk
5360-LJCNJ,71,Two year,Fiber optic,105.15,10.4,🟢 Low risk
4815-TUMEQ,10,One year,No,19.3,10.4,🟢 Low risk
3096-WPXBT,61,One year,Fiber optic,100.7,10.4,🟢 Low risk
8133-ANHHJ,49,One year,Fiber optic,103.0,10.4,🟢 Low risk
3758-CKOQL,59,One year,Fiber optic,107.0,10.4,🟢 Low risk
1060-ENTOF,67,One year,Fiber optic,105.4,10.4,🟢 Low risk
2038-YSEZE,29,Month-to-month,DSL,67.45,10.4,🟢 Low risk
6480-YAGIY,45,One year,Fiber optic,112.2,10.4,🟢 Low risk
6924-TDGMT,11,One year,No,20.55,10.4,🟢 Low risk
9896-UYMIE,66,One year,Fiber optic,114.3,10.4,🟢 Low risk
6447-GORXK,31,Month-to-month,DSL,25.0,10.4,🟢 Low risk
6568-POCUI,45,Two year,Fiber optic,95.2,10.4,🟢 Low risk
4742-DRORA,60,One year,Fiber optic,95.4,10.4,🟢 Low risk
2294-DMMUS,62,Month-to-month,DSL,70.45,10.4,🟢 Low risk
5092-STPKP,24,Month-to-month,DSL,56.35,10.4,🟢 Low risk
9501-UKKNL,59,Month-to-month,DSL,51.7,10.4,🟢 Low risk
5382-TEMLV,45,Month-to-month,DSL,50.9,10.3,🟢 Low risk
0186-CAERR,71,One year,Fiber optic,116.3,10.3,🟢 Low risk
4132-POCZS,52,Month-to-month,DSL,39.9,10.3,🟢 Low risk
2746-DIJLO,41,One year,DSL,56.3,10.3,🟢 Low risk
3374-TTZTK,52,Two year,Fiber optic,106.3,10.3,🟢 Low risk
1247-QBVSH,43,Month-to-month,DSL,50.2,10.3,🟢 Low risk
8465-SBRXP,38,Two year,Fiber optic,94.9,10.2,🟢 Low risk
0074-HDKDG,25,One year,DSL,61.6,10.2,🟢 Low risk
9146-JRIOX,14,Month-to-month,No,25.55,10.2,🟢 Low risk
8769-KKTPH,63,One year,Fiber optic,99.65,10.1,🟢 Low risk
9086-YJYXS,34,One year,DSL,77.2,10.1,🟢 Low risk
6674-KVJHG,11,One year,No,25.2,10.1,🟢 Low risk
4043-MKDTV,71,Two year,Fiber optic,105.25,10.1,🟢 Low risk
5533-RJFTJ,49,Month-to-month,DSL,30.2,10.1,🟢 Low risk
6870-ECSHE,2,One year,No,20.45,10.1,🟢 Low risk
5989-OMNJE,24,One year,DSL,57.6,10.1,🟢 Low risk
7572-KPVKK,62,Two year,Fiber optic,104.05,10.1,🟢 Low risk
5173-ZXXXL,2,One year,No,19.95,10.1,🟢 Low risk
5829-NVSQN,23,One year,DSL,68.75,10.1,🟢 Low risk
1488-SYSFC,31,Month-to-month,No,20.65,10.1,🟢 Low risk
6266-QHOJZ,65,One year,Fiber optic,89.85,10.1,🟢 Low risk
3865-YIOTT,72,One year,Fiber optic,106.1,10.1,🟢 Low risk
4654-DLAMQ,64,One year,Fiber optic,97.0,10.1,🟢 Low risk
2272-WUSPA,72,Two year,Fiber optic,110.75,10.1,🟢 Low risk
7432-FFVAR,46,One year,Fiber optic,90.95,10.1,🟢 Low risk
3387-PLKUI,13,Month-to-month,No,18.8,10.0,🟢 Low risk
0308-GIQJT,71,One year,Fiber optic,105.75,10.0,🟢 Low risk
8231-BSWXX,71,One year,Fiber optic,79.05,10.0,🟢 Low risk
5730-RIITO,43,Month-to-month,DSL,33.45,10.0,🟢 Low risk
9513-DXHDA,27,One year,DSL,81.7,10.0,🟢 Low risk
5681-LLOEI,43,One year,Fiber optic,91.25,10.0,🟢 Low risk
4075-WKNIU,0,Two year,DSL,73.35,10.0,🟢 Low risk
6655-LHBYW,50,One year,Fiber optic,114.35,10.0,🟢 Low risk
0723-FDLAY,44,One year,DSL,85.25,10.0,🟢 Low risk
7872-RDDLZ,67,Month-to-month,DSL,54.9,10.0,🟢 Low risk
0842-IWYCP,46,Month-to-month,DSL,44.95,10.0,🟢 Low risk
8644-XYTSV,42,Month-to-month,DSL,40.15,10.0,🟢 Low risk
8780-RSYYU,25,Month-to-month,No,19.2,10.0,🟢 Low risk
8107-RZLNV,72,Two year,Fiber optic,106.3,10.0,🟢 Low risk
7136-IHZJA,40,Month-to-month,DSL,71.35,9.9,🟢 Low risk
0744-GKNGE,64,Month-to-month,Fiber optic,86.8,9.9,🟢 Low risk
7542-CYDDM,18,Month-to-month,No,20.05,9.9,🟢 Low risk
9152-AMKAK,6,Two year,DSL,80.25,9.9,🟢 Low risk
0983-TATYJ,33,One year,DSL,51.45,9.9,🟢 Low risk
1400-WIVLL,57,Two year,Fiber optic,107.95,9.9,🟢 Low risk
1057-FOGLZ,18,Month-to-month,No,19.65,9.9,🟢 Low risk
3729-OWRVL,65,Two year,Fiber optic,110.35,9.9,🟢 Low risk
7105-BENQF,15,One year,DSL,64.85,9.9,🟢 Low risk
5447-VYTKW,27,Month-to-month,DSL,53.45,9.9,🟢 Low risk
0208-BPQEJ,12,Month-to-month,No,19.4,9.9,🟢 Low risk
6128-DAFVY,56,Month-to-month,DSL,44.85,9.8,🟢 Low risk
9351-LZYGF,42,Month-to-month,DSL,66.4,9.8,🟢 Low risk
6893-ODYYE,50,One year,Fiber optic,90.1,9.8,🟢 Low risk
7508-KBIMB,24,One year,DSL,56.25,9.8,🟢 Low risk
8573-CGOCC,16,Month-to-month,No,19.75,9.8,🟢 Low risk
6319-QSUSR,11,Month-to-month,No,19.7,9.8,🟢 Low risk
6082-GLJIX,18,Month-to-month,No,19.25,9.8,🟢 Low risk
6333-YDVLT,65,One year,Fiber optic,110.0,9.8,🟢 Low risk
1183-CANVH,23,One year,DSL,60.0,9.7,🟢 Low risk
0533-UCAAU,57,One year,DSL,71.1,9.7,🟢 Low risk
5286-YHCVC,72,Two year,Fiber optic,104.8,9.7,🟢 Low risk
2680-XKKNJ,8,One year,DSL,58.2,9.7,🟢 Low risk
4393-OBCRR,3,One year,No,20.25,9.7,🟢 Low risk
0076-LVEPS,29,Month-to-month,DSL,45.0,9.7,🟢 Low risk
8909-BOLNL,3,One year,No,21.2,9.7,🟢 Low risk
9330-VOFSZ,60,Two year,Fiber optic,110.8,9.7,🟢 Low risk
3552-CTCYF,63,Two year,Fiber optic,104.8,9.7,🟢 Low risk
0980-FEXWF,26,One year,DSL,50.35,9.7,🟢 Low risk
2055-SIFSS,55,Month-to-month,DSL,51.65,9.7,🟢 Low risk
0621-JFHOL,10,Two year,DSL,29.6,9.7,🟢 Low risk
5504-WSIUR,70,One year,Fiber optic,90.25,9.6,🟢 Low risk
1536-YHDOE,17,One year,DSL,62.1,9.6,🟢 Low risk
4531-AUZNK,51,One year,Fiber optic,95.15,9.6,🟢 Low risk
6837-BJYDQ,3,One year,No,19.6,9.6,🟢 Low risk
8671-KKKOS,46,Month-to-month,DSL,45.55,9.6,🟢 Low risk
6196-HBOBZ,65,Two year,Fiber optic,99.35,9.6,🟢 Low risk
1621-YNCJH,36,Two year,Fiber optic,106.05,9.6,🟢 Low risk
8707-HOEDG,70,Two year,Fiber optic,110.2,9.6,🟢 Low risk
5709-LVOEQ,0,Two year,DSL,80.85,9.6,🟢 Low risk
2483-XSSMZ,39,One year,DSL,47.85,9.6,🟢 Low risk
8246-SHFGA,17,Month-to-month,No,21.1,9.6,🟢 Low risk
6840-RESVB,24,One year,DSL,84.8,9.5,🟢 Low risk
3354-OADJP,8,One year,DSL,54.25,9.5,🟢 Low risk
3824-RHKVR,17,Month-to-month,No,19.7,9.5,🟢 Low risk
0795-GMVQO,67,One year,Fiber optic,109.9,9.5,🟢 Low risk
4759-PXTAN,59,One year,DSL,80.1,9.5,🟢 Low risk
2307-FYNNL,65,Two year,Fiber optic,109.05,9.5,🟢 Low risk
4683-WYDOU,62,Two year,Fiber optic,107.6,9.5,🟢 Low risk
3275-RHRNE,28,One year,DSL,60.0,9.5,🟢 Low risk
2887-JPYLU,41,Month-to-month,DSL,45.2,9.5,🟢 Low risk
9967-ATRFS,19,Month-to-month,No,19.9,9.4,🟢 Low risk
7841-FCRQD,33,One year,DSL,53.75,9.4,🟢 Low risk
3190-FZATL,14,Month-to-month,No,19.95,9.4,🟢 Low risk
5777-ZPQNC,12,One year,No,20.15,9.4,🟢 Low risk
5446-DKWYW,61,One year,DSL,65.2,9.4,🟢 Low risk
0218-QNVAS,71,One year,Fiber optic,100.55,9.4,🟢 Low risk
1389-WNUIB,20,One year,DSL,76.0,9.4,🟢 Low risk
4827-LTQRJ,66,One year,Fiber optic,110.6,9.4,🟢 Low risk
4389-UEFCZ,72,Two year,Fiber optic,105.5,9.4,🟢 Low risk
0547-HURJB,12,Month-to-month,No,21.05,9.4,🟢 Low risk
8904-OPDCK,54,Month-to-month,DSL,24.95,9.4,🟢 Low risk
9546-KDTRB,19,Month-to-month,No,24.7,9.4,🟢 Low risk
8314-DPQHL,9,One year,DSL,50.8,9.4,🟢 Low risk
9677-AVKED,53,One year,DSL,84.6,9.4,🟢 Low risk
2371-KFUOG,58,One year,Fiber optic,99.15,9.4,🟢 Low risk
3115-JPJDD,59,One year,Fiber optic,81.25,9.4,🟢 Low risk
2577-GVSIL,35,One year,DSL,73.45,9.4,🟢 Low risk
4822-LPTYJ,72,Two year,Fiber optic,103.75,9.4,🟢 Low risk
7740-KKCXF,51,Month-to-month,DSL,30.05,9.4,🟢 Low risk
5304-EFJLP,72,Two year,Fiber optic,111.65,9.4,🟢 Low risk
9076-AXYIK,64,Two year,Fiber optic,102.1,9.4,🟢 Low risk
5161-XEUVX,37,Two year,Fiber optic,94.3,9.3,🟢 Low risk
1984-GPTEH,29,Month-to-month,No,25.15,9.3,🟢 Low risk
6586-PSJOX,15,One year,DSL,55.2,9.3,🟢 Low risk
5203-XEHAX,34,One year,DSL,64.35,9.3,🟢 Low risk
1042-HFUCW,25,One year,DSL,54.75,9.3,🟢 Low risk
5546-QUERU,13,One year,No,19.95,9.3,🟢 Low risk
6103-LIANB,59,Two year,Fiber optic,99.5,9.3,🟢 Low risk
0305-SQECB,11,One year,DSL,36.05,9.3,🟢 Low risk
8387-UGUSU,15,Month-to-month,No,20.05,9.3,🟢 Low risk
6260-XLACS,4,One year,No,19.7,9.3,🟢 Low risk
0864-FVJNJ,64,One year,Fiber optic,113.35,9.3,🟢 Low risk
5619-XZZKR,4,One year,No,19.95,9.2,🟢 Low risk
1226-JZNKR,8,One year,No,19.8,9.2,🟢 Low risk
4806-DXQCE,70,Two year,Fiber optic,113.65,9.2,🟢 Low risk
4808-YNLEU,35,One year,DSL,62.15,9.2,🟢 Low risk
9134-WYRVP,51,One year,Fiber optic,86.35,9.2,🟢 Low risk
4713-ZBURT,45,Two year,Fiber optic,99.7,9.2,🟢 Low risk
5153-LXKDT,68,Two year,Fiber optic,110.2,9.2,🟢 Low risk
9848-JQJTX,72,Two year,Fiber optic,100.9,9.2,🟢 Low risk
7997-EASSD,63,One year,Fiber optic,81.2,9.2,🟢 Low risk
0106-UGRDO,69,Two year,Fiber optic,116.0,9.2,🟢 Low risk
5961-VUSRV,12,One year,No,19.35,9.2,🟢 Low risk
5384-ZTTWP,15,Month-to-month,No,19.8,9.2,🟢 Low risk
4826-DXMUP,35,One year,DSL,72.1,9.2,🟢 Low risk
3324-OIRTO,71,One year,Fiber optic,104.65,9.2,🟢 Low risk
6242-SGYTS,62,One year,Fiber optic,94.95,9.2,🟢 Low risk
1402-PTHGN,18,One year,DSL,61.5,9.1,🟢 Low risk
8777-MBMTS,65,Two year,Fiber optic,105.85,9.1,🟢 Low risk
9575-IWCAZ,6,One year,No,25.1,9.1,🟢 Low risk
8189-DUKMV,4,One year,No,20.5,9.1,🟢 Low risk
1096-ADRUX,66,One year,Fiber optic,74.25,9.1,🟢 Low risk
2266-SJNAT,72,One year,Fiber optic,109.15,9.1,🟢 Low risk
2469-DTSGX,72,Two year,Fiber optic,111.65,9.1,🟢 Low risk
2243-FNMMI,20,Month-to-month,No,19.4,9.1,🟢 Low risk
4654-GGUII,18,One year,DSL,40.2,9.1,🟢 Low risk
8879-XUAHX,71,Two year,Fiber optic,116.25,9.1,🟢 Low risk
5090-EMGTC,59,Two year,Fiber optic,100.05,9.1,🟢 Low risk
7989-AWGEH,49,Month-to-month,DSL,39.2,9.1,🟢 Low risk
5327-CNLUQ,48,Two year,Fiber optic,96.9,9.1,🟢 Low risk
1162-ECVII,72,Two year,Fiber optic,109.75,9.1,🟢 Low risk
2696-ECXKC,55,One year,Fiber optic,100.9,9.0,🟢 Low risk
5236-XMZJY,42,Month-to-month,DSL,59.65,9.0,🟢 Low risk
1137-DGOWI,30,One year,DSL,70.25,9.0,🟢 Low risk
0956-SYCWG,13,One year,No,19.65,9.0,🟢 Low risk
9845-PEEKO,59,Two year,Fiber optic,79.2,9.0,🟢 Low risk
9488-FYQAU,63,Two year,Fiber optic,109.25,9.0,🟢 Low risk
7956-XQWGU,27,Month-to-month,No,19.4,9.0,🟢 Low risk
7107-UBYKY,35,Month-to-month,No,25.75,9.0,🟢 Low risk
5297-MDOIR,63,One year,Fiber optic,81.15,9.0,🟢 Low risk
2773-OVBPK,67,Two year,Fiber optic,111.3,9.0,🟢 Low risk
0222-CNVPT,52,Month-to-month,DSL,48.8,9.0,🟢 Low risk
6738-ISCBM,44,One year,DSL,54.0,8.9,🟢 Low risk
1334-PDUKM,68,One year,Fiber optic,86.45,8.9,🟢 Low risk
3327-YBAKM,64,One year,Fiber optic,96.9,8.9,🟢 Low risk
4837-QUSFT,65,One year,Fiber optic,100.15,8.9,🟢 Low risk
0742-LAFQK,72,Two year,Fiber optic,99.15,8.9,🟢 Low risk
0487-VVUVK,25,Month-to-month,No,19.15,8.9,🟢 Low risk
6440-DKQGE,30,One year,DSL,64.5,8.9,🟢 Low risk
0661-WCQNQ,22,One year,DSL,56.25,8.9,🟢 Low risk
6211-WHMYA,64,Month-to-month,DSL,43.85,8.9,🟢 Low risk
6727-IOTLZ,14,Two year,DSL,81.95,8.9,🟢 Low risk
4129-LYCOI,67,Two year,Fiber optic,104.0,8.9,🟢 Low risk
2096-XOTMO,16,Month-to-month,No,19.35,8.8,🟢 Low risk
2239-CFOUJ,1,One year,No,20.4,8.8,🟢 Low risk
6505-OZNPG,6,Two year,DSL,63.4,8.8,🟢 Low risk
8984-HPEMB,71,Two year,Fiber optic,118.65,8.8,🟢 Low risk
4776-XSKYQ,12,One year,DSL,30.25,8.8,🟢 Low risk
2586-CWXVV,54,Month-to-month,DSL,30.4,8.8,🟢 Low risk
4501-UYKBC,46,One year,DSL,69.1,8.8,🟢 Low risk
9695-IDRZR,34,Two year,Fiber optic,116.15,8.8,🟢 Low risk
5537-UXXVS,20,Month-to-month,No,19.25,8.8,🟢 Low risk
2499-AJYUA,72,Two year,Fiber optic,110.8,8.8,🟢 Low risk
8815-LMFLX,25,Month-to-month,No,25.4,8.8,🟢 Low risk
2967-MXRAV,1,One year,No,18.8,8.7,🟢 Low risk
3096-YXENJ,65,Two year,Fiber optic,107.65,8.7,🟢 Low risk
2959-EEXWB,45,Month-to-month,DSL,50.9,8.7,🟢 Low risk
7047-YXDMZ,21,Month-to-month,No,20.0,8.7,🟢 Low risk
2830-LEWOA,61,One year,Fiber optic,103.9,8.7,🟢 Low risk
6734-FQAJX,67,Two year,Fiber optic,105.05,8.7,🟢 Low risk
5562-BETPV,1,One year,No,19.65,8.7,🟢 Low risk
2150-WLKUW,40,One year,DSL,63.9,8.7,🟢 Low risk
6408-OTUBZ,66,One year,Fiber optic,104.55,8.6,🟢 Low risk
7435-ZNUYY,6,One year,No,20.6,8.6,🟢 Low risk
9931-DCEZH,28,One year,DSL,54.4,8.6,🟢 Low risk
6778-EICRF,24,One year,DSL,74.8,8.6,🟢 Low risk
8200-KLNYW,21,One year,DSL,80.9,8.6,🟢 Low risk
5393-HJZSM,32,Month-to-month,DSL,76.3,8.6,🟢 Low risk
3969-JQABI,58,Month-to-month,DSL,65.25,8.6,🟢 Low risk
9405-GPBBG,64,Two year,Fiber optic,110.5,8.6,🟢 Low risk
8565-HBFNN,69,One year,Fiber optic,107.2,8.6,🟢 Low risk
5539-HIVAK,28,Month-to-month,No,25.7,8.5,🟢 Low risk
3597-YASZG,70,Two year,Fiber optic,104.45,8.5,🟢 Low risk
3915-ODIYG,60,One year,DSL,71.75,8.5,🟢 Low risk
2636-SJDOU,64,One year,Fiber optic,84.3,8.5,🟢 Low risk
4000-VGMQP,38,One year,DSL,78.95,8.5,🟢 Low risk
9987-LUTYD,13,One year,DSL,55.15,8.5,🟢 Low risk
1545-JFUML,71,Two year,Fiber optic,99.0,8.5,🟢 Low risk
9924-JPRMC,72,Two year,Fiber optic,118.2,8.5,🟢 Low risk
6265-SXWBU,69,One year,Fiber optic,95.75,8.5,🟢 Low risk
1492-QGCLU,53,Month-to-month,DSL,85.7,8.5,🟢 Low risk
8075-GXIUB,9,One year,No,19.85,8.5,🟢 Low risk
2862-JVEOY,6,One year,No,19.15,8.5,🟢 Low risk
7718-UPSKJ,69,One year,Fiber optic,106.4,8.5,🟢 Low risk
7901-IIDQV,24,One year,DSL,54.6,8.5,🟢 Low risk
0725-CXOTM,36,One year,DSL,89.65,8.5,🟢 Low risk
7049-GKVZY,17,One year,DSL,79.85,8.5,🟢 Low risk
4423-JWZJN,64,One year,Fiber optic,90.25,8.5,🟢 Low risk
4403-BWPAY,14,One year,No,24.8,8.5,🟢 Low risk
5640-CAXOA,30,One year,DSL,40.35,8.5,🟢 Low risk
8263-QMNTJ,72,Two year,Fiber optic,115.55,8.4,🟢 Low risk
1097-FSPVW,42,Month-to-month,DSL,54.55,8.4,🟢 Low risk
3397-AVTKU,43,Two year,DSL,60.0,8.4,🟢 Low risk
2522-WLNSF,34,One year,DSL,64.2,8.4,🟢 Low risk
9586-JGQKH,64,Two year,Fiber optic,105.4,8.4,🟢 Low risk
2911-IJORQ,37,One year,DSL,90.6,8.4,🟢 Low risk
4697-LUPSU,2,One year,No,20.2,8.4,🟢 Low risk
1004-NOZNR,56,One year,Fiber optic,94.8,8.4,🟢 Low risk
8065-QBYTO,71,One year,Fiber optic,99.65,8.4,🟢 Low risk
3528-HFRIQ,71,Month-to-month,DSL,52.3,8.4,🟢 Low risk
0052-DCKON,66,One year,Fiber optic,115.8,8.4,🟢 Low risk
7134-HBPBS,72,Two year,Fiber optic,108.1,8.4,🟢 Low risk
8610-ZIKJJ,2,One year,No,20.3,8.4,🟢 Low risk
0967-BMLBD,11,One year,No,20.0,8.4,🟢 Low risk
0303-UNCIP,41,One year,DSL,65.0,8.3,🟢 Low risk
8350-NYMVI,39,Month-to-month,DSL,41.1,8.3,🟢 Low risk
6718-BDGHG,43,One year,DSL,64.85,8.3,🟢 Low risk
6500-JVEGC,68,One year,Fiber optic,101.35,8.3,🟢 Low risk
6838-YAUVY,54,Two year,Fiber optic,95.1,8.3,🟢 Low risk
0164-APGRB,72,Two year,Fiber optic,114.9,8.3,🟢 Low risk
3518-FSTWG,72,Two year,Fiber optic,109.55,8.3,🟢 Low risk
0699-NDKJM,57,Month-to-month,DSL,58.75,8.3,🟢 Low risk
4508-OEBEY,31,One year,DSL,75.5,8.3,🟢 Low risk
2673-ZALNP,7,One year,No,19.9,8.3,🟢 Low risk
2391-IPLOP,50,One year,DSL,69.65,8.3,🟢 Low risk
4223-BKEOR,21,One year,DSL,64.85,8.2,🟢 Low risk
7353-YOWFP,7,One year,No,20.25,8.2,🟢 Low risk
3800-LYTRK,14,One year,DSL,55.7,8.2,🟢 Low risk
9330-DHBFL,23,One year,DSL,66.25,8.2,🟢 Low risk
3205-MXZRA,26,One year,DSL,59.45,8.2,🟢 Low risk
8847-GEOOQ,60,Month-to-month,DSL,60.2,8.2,🟢 Low risk
7010-ZMVBF,18,Month-to-month,No,20.45,8.2,🟢 Low risk
2550-QHZGP,7,One year,No,19.5,8.2,🟢 Low risk
8261-GWDBQ,60,Two year,Fiber optic,116.05,8.2,🟢 Low risk
6250-CGGUN,54,One year,Fiber optic,84.4,8.2,🟢 Low risk
2775-SEFEE,0,Two year,DSL,61.9,8.2,🟢 Low risk
0221-NAUXK,10,One year,No,19.95,8.1,🟢 Low risk
5018-LXQQG,30,Month-to-month,DSL,66.3,8.1,🟢 Low risk
4472-LVYGI,0,Two year,DSL,52.55,8.1,🟢 Low risk
4137-JOPHL,50,Two year,Fiber optic,89.7,8.1,🟢 Low risk
1064-FBXNK,1,One year,No,19.85,8.1,🟢 Low risk
0723-VSOBE,45,One year,DSL,34.2,8.1,🟢 Low risk
4328-VUFWD,39,One year,DSL,59.3,8.1,🟢 Low risk
2323-ARSVR,67,Two year,Fiber optic,111.05,8.1,🟢 Low risk
4378-BZYFP,17,One year,No,20.5,8.0,🟢 Low risk
2364-UFROM,30,One year,DSL,70.4,8.0,🟢 Low risk
9691-HKOVS,55,One year,DSL,90.15,8.0,🟢 Low risk
0667-NSRGI,48,One year,DSL,69.55,8.0,🟢 Low risk
0454-OKRCT,33,Two year,Fiber optic,80.6,8.0,🟢 Low risk
1038-RQOST,19,Month-to-month,No,20.6,8.0,🟢 Low risk
3716-LRGXK,60,Two year,Fiber optic,101.15,8.0,🟢 Low risk
7753-USQYQ,55,One year,DSL,64.2,8.0,🟢 Low risk
1866-ZSLJM,21,Month-to-month,No,20.5,8.0,🟢 Low risk
5985-TBABQ,32,One year,DSL,74.75,8.0,🟢 Low risk
8152-VETUR,72,Two year,Fiber optic,97.7,8.0,🟢 Low risk
6981-TDRFT,44,One year,DSL,54.3,7.9,🟢 Low risk
5260-UMPWX,26,Month-to-month,No,20.25,7.9,🟢 Low risk
2330-PQGDQ,51,One year,Fiber optic,84.2,7.9,🟢 Low risk
6075-QMNRR,52,Month-to-month,DSL,49.75,7.9,🟢 Low risk
4419-UJMUS,69,Two year,Fiber optic,99.35,7.9,🟢 Low risk
5844-QVTAT,33,One year,DSL,58.45,7.9,🟢 Low risk
8097-VBQTZ,54,Month-to-month,DSL,69.9,7.9,🟢 Low risk
3229-USWAR,34,One year,DSL,79.95,7.9,🟢 Low risk
6131-IUNXN,19,Month-to-month,No,20.2,7.9,🟢 Low risk
8089-UZWLX,71,Two year,Fiber optic,104.05,7.9,🟢 Low risk
2056-EVGZL,68,One year,Fiber optic,105.75,7.8,🟢 Low risk
3239-TPHPZ,12,Two year,No,20.05,7.8,🟢 Low risk
6308-CQRBU,71,Two year,Fiber optic,109.25,7.8,🟢 Low risk
7691-XVTZH,68,Two year,Fiber optic,89.95,7.8,🟢 Low risk
7940-UQQUG,64,One year,Fiber optic,104.4,7.8,🟢 Low risk
6869-FGJJC,68,One year,Fiber optic,79.6,7.8,🟢 Low risk
1744-JHKYS,34,Month-to-month,No,24.7,7.8,🟢 Low risk
2205-LPVGL,58,One year,Fiber optic,89.85,7.8,🟢 Low risk
8883-GRDWQ,20,One year,DSL,54.0,7.8,🟢 Low risk
5795-KTGUD,68,Two year,Fiber optic,110.8,7.8,🟢 Low risk
9362-MWODR,40,Month-to-month,DSL,64.1,7.8,🟢 Low risk
3898-BSJYF,10,One year,DSL,73.55,7.8,🟢 Low risk
4072-IPYLT,36,Month-to-month,DSL,51.05,7.8,🟢 Low risk
2387-KDZQY,17,One year,No,20.1,7.8,🟢 Low risk
8681-ICONS,29,Month-to-month,No,20.65,7.8,🟢 Low risk
4086-ATNFV,34,One year,DSL,60.8,7.8,🟢 Low risk
5578-NKCXI,58,One year,Fiber optic,99.25,7.8,🟢 Low risk
8309-PPCED,72,Two year,Fiber optic,110.45,7.8,🟢 Low risk
7472-EQOAV,71,One year,Fiber optic,86.7,7.8,🟢 Low risk
2578-JQPHZ,44,Two year,Fiber optic,100.1,7.8,🟢 Low risk
5857-XRECV,2,One year,No,20.5,7.7,🟢 Low risk
7445-WMRBW,48,One year,DSL,73.85,7.7,🟢 Low risk
9715-SBVSU,14,Two year,DSL,61.4,7.7,🟢 Low risk
0519-DRGTI,20,Month-to-month,No,20.35,7.7,🟢 Low risk
9938-ZREHM,37,One year,DSL,72.1,7.7,🟢 Low risk
8853-TZDGH,72,Two year,Fiber optic,111.6,7.7,🟢 Low risk
5120-ZBLAI,50,One year,DSL,75.7,7.7,🟢 Low risk
5724-BIDBU,49,One year,DSL,55.35,7.7,🟢 Low risk
6341-JVQGF,31,One year,DSL,81.15,7.7,🟢 Low risk
9592-ERDKV,37,One year,DSL,79.25,7.7,🟢 Low risk
7519-JTWQH,69,Two year,Fiber optic,110.5,7.7,🟢 Low risk
3280-MRDOF,30,Two year,DSL,69.1,7.7,🟢 Low risk
8822-KNBHV,48,One year,DSL,83.45,7.7,🟢 Low risk
9730-DRTMJ,32,One year,DSL,72.8,7.7,🟢 Low risk
5269-NRGDP,42,One year,DSL,73.15,7.7,🟢 Low risk
9473-CBZOP,28,One year,DSL,59.0,7.7,🟢 Low risk
1291-CUOCY,72,Two year,Fiber optic,110.6,7.6,🟢 Low risk
5027-YOCXN,51,One year,Fiber optic,110.05,7.6,🟢 Low risk
4578-PHJYZ,52,One year,DSL,68.75,7.6,🟢 Low risk
8071-SBTRN,70,Two year,Fiber optic,111.15,7.6,🟢 Low risk
8016-ZMGMO,66,One year,DSL,70.85,7.6,🟢 Low risk
8548-AWOFC,66,Month-to-month,DSL,63.85,7.6,🟢 Low risk
7868-TMWMZ,60,Two year,Fiber optic,110.0,7.6,🟢 Low risk
2164-SOQXL,20,Month-to-month,No,20.05,7.6,🟢 Low risk
6993-YCOBK,60,Two year,Fiber optic,110.6,7.6,🟢 Low risk
4906-ZHGPK,54,One year,DSL,70.7,7.5,🟢 Low risk
4626-OZDTJ,51,One year,DSL,78.65,7.5,🟢 Low risk
0128-MKWSG,26,Month-to-month,DSL,45.8,7.5,🟢 Low risk
0623-EJQEG,65,One year,Fiber optic,93.55,7.5,🟢 Low risk
9495-REDIY,25,One year,DSL,40.65,7.5,🟢 Low risk
8659-HDIYE,64,Month-to-month,DSL,74.65,7.5,🟢 Low risk
7407-SUJIZ,25,Month-to-month,No,20.6,7.5,🟢 Low risk
2233-TXSIU,17,One year,DSL,44.45,7.5,🟢 Low risk
1952-DVVSW,10,One year,No,20.1,7.5,🟢 Low risk
2682-KEVRP,22,One year,No,20.05,7.5,🟢 Low risk
6543-JXSOO,23,One year,DSL,57.75,7.5,🟢 Low risk
2129-ALKBS,40,Month-to-month,No,26.2,7.5,🟢 Low risk
8573-JGCZW,17,One year,No,19.65,7.5,🟢 Low risk
7641-TQFHN,39,Two year,Fiber optic,100.55,7.5,🟢 Low risk
9060-HJJRW,51,One year,DSL,56.4,7.5,🟢 Low risk
6506-EYCNH,28,Month-to-month,No,19.55,7.5,🟢 Low risk
9931-KGHOA,46,Month-to-month,DSL,55.0,7.5,🟢 Low risk
5032-USPKF,38,One year,DSL,84.1,7.4,🟢 Low risk
0201-MIBOL,66,Two year,Fiber optic,102.4,7.4,🟢 Low risk
1866-NXPSP,36,One year,DSL,75.55,7.4,🟢 Low risk
3082-WQRVY,14,One year,No,19.65,7.4,🟢 Low risk
2834-JKOOW,15,One year,DSL,45.9,7.4,🟢 Low risk
9917-KWRBE,41,One year,DSL,78.35,7.4,🟢 Low risk
8752-IMQOS,5,One year,No,20.1,7.4,🟢 Low risk
1702-CCFNJ,52,Month-to-month,DSL,61.35,7.4,🟢 Low risk
3423-HHXAO,14,One year,No,19.5,7.4,🟢 Low risk
3160-TYXLT,53,Month-to-month,DSL,46.3,7.4,🟢 Low risk
2868-LLSKM,68,One year,Fiber optic,83.65,7.3,🟢 Low risk
7336-RLLRH,27,One year,DSL,80.85,7.3,🟢 Low risk
9467-ROOLM,25,Month-to-month,No,19.05,7.3,🟢 Low risk
3941-XTSKM,42,One year,DSL,45.1,7.3,🟢 Low risk
6752-APNJL,42,Month-to-month,DSL,54.5,7.3,🟢 Low risk
8076-FEZKJ,10,One year,No,19.5,7.3,🟢 Low risk
0930-EHUZA,36,One year,DSL,76.35,7.3,🟢 Low risk
3282-ZISZV,32,One year,DSL,83.7,7.3,🟢 Low risk
0607-MVMGC,45,One year,DSL,78.75,7.3,🟢 Low risk
3486-KHMLI,21,Month-to-month,No,24.7,7.3,🟢 Low risk
4670-TABXH,72,Two year,Fiber optic,109.75,7.2,🟢 Low risk
8582-KRHPJ,50,Month-to-month,DSL,35.0,7.2,🟢 Low risk
3022-BEXHZ,67,Two year,Fiber optic,111.2,7.2,🟢 Low risk
7005-CYUIL,71,Two year,Fiber optic,99.4,7.2,🟢 Low risk
2348-KCJLT,44,One year,DSL,61.5,7.2,🟢 Low risk
1338-CECEE,41,One year,DSL,68.5,7.2,🟢 Low risk
2338-BQEZT,55,Month-to-month,DSL,50.55,7.2,🟢 Low risk
2039-JONDJ,27,One year,DSL,55.45,7.2,🟢 Low risk
4116-IQRFR,4,One year,No,24.1,7.2,🟢 Low risk
3556-BVQGL,20,One year,No,20.0,7.2,🟢 Low risk
8996-ZROXE,57,One year,DSL,53.5,7.2,🟢 Low risk
2878-RMWXY,72,Two year,Fiber optic,102.65,7.2,🟢 Low risk
1452-XRSJV,39,Month-to-month,DSL,51.05,7.2,🟢 Low risk
7665-VIGUD,10,One year,No,20.35,7.2,🟢 Low risk
1696-HXOWK,71,One year,Fiber optic,95.65,7.2,🟢 Low risk
1599-MMYRQ,62,One year,Fiber optic,81.45,7.2,🟢 Low risk
5061-PBXFW,32,Month-to-month,DSL,61.4,7.1,🟢 Low risk
7762-ONLJY,6,One year,No,19.7,7.1,🟢 Low risk
3146-JTQHR,10,One year,No,19.6,7.1,🟢 Low risk
1150-FTQGN,60,One year,Fiber optic,94.15,7.1,🟢 Low risk
8823-RLPWL,72,Two year,Fiber optic,110.65,7.1,🟢 Low risk
5998-DZLYR,61,Two year,Fiber optic,94.35,7.1,🟢 Low risk
5414-OFQCB,57,Two year,Fiber optic,90.45,7.1,🟢 Low risk
9313-QOLTZ,26,Month-to-month,No,20.9,7.1,🟢 Low risk
9139-TWBAS,26,One year,DSL,47.85,7.1,🟢 Low risk
3197-NNYNB,65,Two year,Fiber optic,105.1,7.1,🟢 Low risk
0895-LNKRC,6,One year,No,19.45,7.1,🟢 Low risk
4159-NAAIX,63,Two year,Fiber optic,97.45,7.1,🟢 Low risk
5372-FBKBN,21,Month-to-month,No,20.75,7.1,🟢 Low risk
4616-ULAOA,65,Two year,Fiber optic,110.8,7.1,🟢 Low risk
9013-AQORL,48,Month-to-month,DSL,45.55,7.1,🟢 Low risk
4526-RMTLL,8,Two year,DSL,76.15,7.0,🟢 Low risk
2710-WYVXG,3,Two year,DSL,71.1,7.0,🟢 Low risk
1964-SVLEA,20,One year,No,19.7,7.0,🟢 Low risk
9619-GSATL,43,One year,DSL,55.45,7.0,🟢 Low risk
4451-RWASJ,15,One year,No,19.5,7.0,🟢 Low risk
1925-LFCZZ,55,One year,DSL,50.05,7.0,🟢 Low risk
8226-BXGES,64,One year,Fiber optic,89.45,7.0,🟢 Low risk
1832-PEUTS,62,Two year,Fiber optic,89.1,7.0,🟢 Low risk
1395-OFUWC,43,Month-to-month,DSL,29.3,7.0,🟢 Low risk
9861-PDSZP,72,Two year,Fiber optic,108.05,7.0,🟢 Low risk
9350-ZXYJC,4,Two year,No,25.3,7.0,🟢 Low risk
0134-XWXCE,44,One year,DSL,74.85,7.0,🟢 Low risk
5954-BDFSG,72,Two year,Fiber optic,107.5,7.0,🟢 Low risk
9933-QRGTX,60,Two year,Fiber optic,97.2,7.0,🟢 Low risk
6171-ZTVYB,43,Month-to-month,DSL,66.25,6.9,🟢 Low risk
5278-PNYOX,49,Two year,Fiber optic,100.65,6.9,🟢 Low risk
8084-OIVBS,11,One year,No,20.0,6.9,🟢 Low risk
2546-KZAAT,52,One year,DSL,75.4,6.9,🟢 Low risk
5135-GRQJV,72,Two year,Fiber optic,114.5,6.9,🟢 Low risk
7923-IYJWY,67,Two year,Fiber optic,116.1,6.9,🟢 Low risk
7036-TYDEC,69,Two year,Fiber optic,104.0,6.9,🟢 Low risk
8400-WZICQ,55,Month-to-month,DSL,55.7,6.9,🟢 Low risk
5915-DGNVC,49,One year,DSL,71.8,6.9,🟢 Low risk
3750-YHRYO,7,One year,No,20.65,6.9,🟢 Low risk
0496-AHOOK,24,One year,DSL,74.4,6.9,🟢 Low risk
3530-VWVGU,22,Month-to-month,No,19.9,6.9,🟢 Low risk
7208-PSIHR,70,Two year,Fiber optic,104.3,6.9,🟢 Low risk
7801-CEDNV,27,One year,DSL,48.7,6.9,🟢 Low risk
8707-RMEZH,69,One year,Fiber optic,87.3,6.9,🟢 Low risk
7816-VGHTO,6,Two year,DSL,40.55,6.9,🟢 Low risk
5975-BAICR,36,One year,DSL,63.7,6.9,🟢 Low risk
7649-PHJVR,11,One year,No,19.5,6.9,🟢 Low risk
3340-QBBFM,36,One year,DSL,54.1,6.9,🟢 Low risk
3224-DFQNQ,66,One year,Fiber optic,89.0,6.9,🟢 Low risk
7156-MXBJE,43,One year,DSL,85.1,6.9,🟢 Low risk
0536-BGFMZ,28,Month-to-month,No,20.5,6.8,🟢 Low risk
6663-JOCQO,31,One year,DSL,75.25,6.8,🟢 Low risk
5663-QBGIS,72,Two year,Fiber optic,98.35,6.8,🟢 Low risk
1136-XGEQU,50,One year,DSL,84.15,6.8,🟢 Low risk
2988-QRAJY,69,Two year,Fiber optic,110.05,6.8,🟢 Low risk
7663-CUXZB,59,Two year,Fiber optic,113.75,6.8,🟢 Low risk
2351-RRBUE,7,One year,No,20.65,6.8,🟢 Low risk
1090-PYKCI,69,One year,Fiber optic,105.1,6.8,🟢 Low risk
9754-CLVZW,26,Month-to-month,DSL,38.85,6.8,🟢 Low risk
4049-ZPALD,64,Two year,Fiber optic,99.0,6.8,🟢 Low risk
8015-IHCGW,72,Two year,Fiber optic,115.5,6.8,🟢 Low risk
1729-VLAZJ,10,One year,DSL,40.25,6.8,🟢 Low risk
3648-GZPHF,32,One year,DSL,36.25,6.8,🟢 Low risk
1930-BZLHI,21,One year,No,20.35,6.7,🟢 Low risk
6746-WAUWT,19,One year,No,19.7,6.7,🟢 Low risk
3301-VKTGC,68,One year,Fiber optic,85.5,6.7,🟢 Low risk
6257-DTAYD,71,Two year,Fiber optic,104.15,6.7,🟢 Low risk
5671-RQRLP,70,Two year,Fiber optic,75.65,6.7,🟢 Low risk
5306-BVTKJ,48,One year,DSL,55.8,6.7,🟢 Low risk
4445-KWOKW,42,One year,DSL,60.15,6.7,🟢 Low risk
6992-TKNYO,38,One year,DSL,69.0,6.7,🟢 Low risk
1480-BKXGA,72,Two year,Fiber optic,116.05,6.7,🟢 Low risk
1708-PBBOA,42,One year,DSL,54.75,6.7,🟢 Low risk
1429-UYJSV,12,One year,No,19.7,6.7,🟢 Low risk
9432-RUVSL,48,Two year,Fiber optic,102.5,6.7,🟢 Low risk
7089-RKVSZ,8,One year,No,24.4,6.7,🟢 Low risk
8041-TMEID,63,Two year,Fiber optic,108.5,6.7,🟢 Low risk
3612-YUNGG,64,Two year,Fiber optic,109.2,6.6,🟢 Low risk
9705-ZJBCG,13,One year,DSL,54.15,6.6,🟢 Low risk
8348-JLBUG,64,One year,Fiber optic,80.3,6.6,🟢 Low risk
9822-BIIGN,53,Month-to-month,DSL,71.85,6.6,🟢 Low risk
8879-ZKJOF,41,One year,DSL,79.85,6.6,🟢 Low risk
0020-INWCK,71,Two year,Fiber optic,95.75,6.6,🟢 Low risk
1431-CYWMH,22,Month-to-month,No,19.05,6.6,🟢 Low risk
5602-BVFMK,12,One year,No,19.3,6.6,🟢 Low risk
0254-FNMCI,72,Two year,Fiber optic,109.9,6.6,🟢 Low risk
6999-CHVCF,68,Two year,Fiber optic,102.1,6.6,🟢 Low risk
1015-JPFYW,7,One year,No,19.45,6.6,🟢 Low risk
9715-WZCLW,71,Two year,Fiber optic,97.2,6.6,🟢 Low risk
8313-AFGBW,47,Two year,DSL,73.6,6.6,🟢 Low risk
6435-VWCCY,65,Two year,Fiber optic,92.7,6.6,🟢 Low risk
7925-PNRGI,45,Month-to-month,DSL,81.3,6.6,🟢 Low risk
0743-HRVFF,51,One year,DSL,56.15,6.6,🟢 Low risk
9402-ROUMJ,67,One year,Fiber optic,100.25,6.6,🟢 Low risk
5451-YHYPW,72,Two year,Fiber optic,115.75,6.5,🟢 Low risk
7375-WMVMT,71,Two year,Fiber optic,95.5,6.5,🟢 Low risk
0661-KQHNK,6,One year,No,19.0,6.5,🟢 Low risk
0323-XWWTN,3,Two year,No,26.4,6.5,🟢 Low risk
0635-WKOLD,40,One year,DSL,70.75,6.5,🟢 Low risk
1779-PWPMG,72,Two year,Fiber optic,114.65,6.5,🟢 Low risk
6766-HFKLA,56,Two year,Fiber optic,103.2,6.5,🟢 Low risk
2388-LAESQ,72,Two year,Fiber optic,114.85,6.5,🟢 Low risk
4291-YZODP,7,One year,No,20.05,6.5,🟢 Low risk
1680-VDCWW,12,One year,No,19.8,6.5,🟢 Low risk
1498-DQNRX,29,Month-to-month,No,19.85,6.5,🟢 Low risk
8819-ZBYNA,58,Two year,Fiber optic,109.1,6.4,🟢 Low risk
8029-XYPWT,71,Two year,Fiber optic,115.05,6.4,🟢 Low risk
4957-TIALW,15,One year,DSL,65.6,6.4,🟢 Low risk
8383-SGHJU,33,One year,DSL,59.4,6.4,🟢 Low risk
7255-SSFBC,72,Two year,Fiber optic,112.25,6.4,🟢 Low risk
2651-ZCBXV,54,Two year,Fiber optic,108.0,6.4,🟢 Low risk
8788-DOXSU,59,One year,DSL,61.35,6.4,🟢 Low risk
7182-OVLBJ,62,Two year,Fiber optic,101.15,6.4,🟢 Low risk
2788-CJQAQ,13,One year,No,19.45,6.4,🟢 Low risk
5039-LZRQT,13,One year,No,20.2,6.4,🟢 Low risk
4425-OWHWB,20,One year,No,19.35,6.4,🟢 Low risk
9442-JTWDL,11,One year,No,20.05,6.4,🟢 Low risk
6047-SUHPR,39,One year,DSL,59.8,6.4,🟢 Low risk
5049-MUBWG,26,One year,DSL,75.0,6.4,🟢 Low risk
2809-ILCYT,25,One year,No,26.8,6.4,🟢 Low risk
4933-IKULF,17,One year,No,20.65,6.4,🟢 Low risk
6904-JLBGY,72,Two year,Fiber optic,117.35,6.3,🟢 Low risk
9617-UDPEU,22,One year,No,19.25,6.3,🟢 Low risk
5499-ECUTN,47,One year,DSL,66.05,6.3,🟢 Low risk
0530-IJVDB,70,Two year,Fiber optic,114.6,6.3,🟢 Low risk
7696-AMHOD,49,One year,DSL,78.0,6.3,🟢 Low risk
1915-OAKWD,16,One year,No,19.3,6.3,🟢 Low risk
9866-OCCKE,72,Two year,Fiber optic,109.75,6.3,🟢 Low risk
6584-VQMYT,27,One year,DSL,56.2,6.3,🟢 Low risk
0960-HUWBM,65,Two year,Fiber optic,104.1,6.3,🟢 Low risk
4686-GEFRM,70,Two year,Fiber optic,98.7,6.3,🟢 Low risk
0565-JUPYD,63,One year,Fiber optic,104.5,6.3,🟢 Low risk
8498-XXGWA,65,Month-to-month,DSL,55.15,6.3,🟢 Low risk
4815-YOSUK,72,One year,Fiber optic,104.9,6.3,🟢 Low risk
8628-MFKAX,72,Two year,Fiber optic,116.75,6.3,🟢 Low risk
3823-KYNQY,12,One year,No,24.95,6.3,🟢 Low risk
4369-NYSCF,56,One year,DSL,75.75,6.3,🟢 Low risk
0907-HQNTS,70,Two year,Fiber optic,113.0,6.3,🟢 Low risk
4537-CIBHB,9,One year,No,20.25,6.3,🟢 Low risk
9127-FHJBZ,72,Two year,Fiber optic,114.0,6.2,🟢 Low risk
0840-DCNZE,47,One year,DSL,86.95,6.2,🟢 Low risk
5993-BQHEA,12,One year,No,20.05,6.2,🟢 Low risk
2171-UDMFD,32,Month-to-month,No,19.45,6.2,🟢 Low risk
0458-HEUZG,13,Two year,DSL,35.4,6.2,🟢 Low risk
7765-LWVVH,72,Two year,Fiber optic,95.1,6.2,🟢 Low risk
9207-ZPANB,37,One year,DSL,67.45,6.2,🟢 Low risk
5307-UVGNB,53,Month-to-month,DSL,48.7,6.2,🟢 Low risk
0716-BQNDX,57,Two year,Fiber optic,93.75,6.2,🟢 Low risk
5701-GUXDC,26,One year,DSL,35.4,6.2,🟢 Low risk
4636-OLWOE,54,One year,DSL,61.0,6.2,🟢 Low risk
4018-KJYUY,22,Month-to-month,No,20.15,6.2,🟢 Low risk
0392-BZIUW,72,Two year,Fiber optic,105.0,6.2,🟢 Low risk
1345-ZUKID,14,One year,No,19.35,6.2,🟢 Low risk
8869-LIHMK,64,Two year,Fiber optic,115.1,6.1,🟢 Low risk
5575-GNVDE,34,One year,DSL,56.95,6.1,🟢 Low risk
5524-KHNJP,33,One year,DSL,74.75,6.1,🟢 Low risk
9589-ABEPT,69,Two year,Fiber optic,92.45,6.1,🟢 Low risk
3727-OWVYD,35,One year,DSL,61.2,6.1,🟢 Low risk
7492-TAFJD,7,Two year,DSL,38.55,6.1,🟢 Low risk
1557-EMYVT,43,Two year,Fiber optic,115.05,6.1,🟢 Low risk
4199-QHJNM,67,Two year,Fiber optic,102.9,6.1,🟢 Low risk
9483-GCPWE,9,One year,No,20.1,6.1,🟢 Low risk
1303-SRDOK,55,Two year,Fiber optic,69.05,6.1,🟢 Low risk
3724-BSCVH,10,One year,No,20.45,6.1,🟢 Low risk
6416-JNVRK,46,One year,DSL,55.65,6.1,🟢 Low risk
5789-LDFXO,24,One year,No,24.6,6.0,🟢 Low risk
4909-JOUPP,72,Two year,Fiber optic,109.7,6.0,🟢 Low risk
6508-NJYRO,15,One year,No,18.8,6.0,🟢 Low risk
0661-KBKPA,53,One year,DSL,78.75,6.0,🟢 Low risk
0727-BNRLG,69,Two year,Fiber optic,97.65,6.0,🟢 Low risk
0013-SMEOE,71,Two year,Fiber optic,109.7,6.0,🟢 Low risk
7839-NUIAA,61,Month-to-month,DSL,59.8,6.0,🟢 Low risk
2188-SXWVT,34,One year,DSL,55.0,6.0,🟢 Low risk
8792-AOROI,8,Two year,DSL,65.5,6.0,🟢 Low risk
3893-JRNFS,68,Month-to-month,DSL,39.9,6.0,🟢 Low risk
9720-JJJOR,41,One year,DSL,60.3,6.0,🟢 Low risk
7677-SJJJK,8,One year,No,19.9,6.0,🟢 Low risk
3214-IYUUQ,61,One year,Fiber optic,93.7,5.9,🟢 Low risk
7691-KGKGP,53,Month-to-month,DSL,65.0,5.9,🟢 Low risk
8901-UPRHR,72,Two year,Fiber optic,109.2,5.9,🟢 Low risk
9074-KGVOX,50,Month-to-month,DSL,39.45,5.9,🟢 Low risk
6661-EIPZC,48,Month-to-month,DSL,29.5,5.9,🟢 Low risk
8777-PVYGU,52,One year,DSL,64.3,5.9,🟢 Low risk
2790-XUYMV,71,One year,Fiber optic,85.45,5.9,🟢 Low risk
1696-MZVAU,39,One year,DSL,25.25,5.9,🟢 Low risk
9388-ZEYVT,43,One year,DSL,44.15,5.9,🟢 Low risk
7838-LAZFO,45,One year,DSL,78.8,5.9,🟢 Low risk
0895-UADGO,8,Two year,DSL,44.55,5.9,🟢 Low risk
1760-CAZHT,25,Month-to-month,No,20.8,5.9,🟢 Low risk
6726-NNFWD,71,Two year,Fiber optic,89.45,5.9,🟢 Low risk
9558-IHEZX,71,Two year,Fiber optic,106.75,5.9,🟢 Low risk
7520-HQWJU,66,Month-to-month,DSL,67.45,5.9,🟢 Low risk
1904-WAJAA,24,Two year,DSL,64.35,5.9,🟢 Low risk
3259-KNMRR,57,Two year,DSL,79.75,5.9,🟢 Low risk
2592-HODOV,13,One year,No,19.3,5.9,🟢 Low risk
3721-CNZHX,15,One year,No,19.8,5.9,🟢 Low risk
7817-OMJNA,14,One year,No,20.4,5.8,🟢 Low risk
9220-ZNKJI,55,Two year,Fiber optic,88.8,5.8,🟢 Low risk
1544-JJMYL,27,One year,DSL,69.35,5.8,🟢 Low risk
8332-OSJDW,12,One year,No,26.4,5.8,🟢 Low risk
7032-LMBHI,37,One year,DSL,64.65,5.8,🟢 Low risk
2907-ILJBN,11,One year,No,20.6,5.8,🟢 Low risk
0266-CLZKZ,67,Two year,Fiber optic,105.65,5.8,🟢 Low risk
2434-EEVDB,64,Two year,Fiber optic,94.6,5.8,🟢 Low risk
9142-XMYJH,29,Month-to-month,No,19.35,5.8,🟢 Low risk
1763-KUAAW,18,One year,No,20.35,5.8,🟢 Low risk
2316-ESMLS,12,One year,DSL,33.15,5.8,🟢 Low risk
8975-SKGRX,71,Two year,Fiber optic,116.1,5.8,🟢 Low risk
4091-TVOCN,48,One year,DSL,78.75,5.8,🟢 Low risk
5214-NLTIT,72,Two year,Fiber optic,90.8,5.7,🟢 Low risk
9788-HNGUT,72,Two year,Fiber optic,116.95,5.7,🟢 Low risk
6933-VLYFX,31,One year,DSL,59.95,5.7,🟢 Low risk
3580-HYCSP,72,Two year,Fiber optic,110.3,5.7,🟢 Low risk
1298-PHBTI,71,Two year,Fiber optic,84.8,5.7,🟢 Low risk
1325-USMEC,70,Two year,Fiber optic,99.35,5.7,🟢 Low risk
0862-PRCBS,68,Two year,Fiber optic,103.75,5.7,🟢 Low risk
8559-WNQZS,1,Two year,No,20.45,5.7,🟢 Low risk
3178-CIFOT,23,One year,No,19.65,5.7,🟢 Low risk
1036-GUDCL,60,Month-to-month,DSL,79.05,5.7,🟢 Low risk
1264-FUHCX,49,One year,DSL,56.3,5.6,🟢 Low risk
1891-QRQSA,64,Two year,Fiber optic,111.6,5.6,🟢 Low risk
2380-DAMQP,72,Two year,Fiber optic,115.15,5.6,🟢 Low risk
8883-ANODQ,68,Two year,Fiber optic,84.4,5.6,🟢 Low risk
3407-JMJQQ,71,Two year,Fiber optic,109.0,5.6,🟢 Low risk
4973-RLZVI,30,One year,DSL,74.65,5.6,🟢 Low risk
4854-SSLTN,2,Two year,DSL,59.5,5.6,🟢 Low risk
3243-ZHOHY,16,One year,No,20.1,5.6,🟢 Low risk
1301-LOPVR,29,One year,DSL,55.35,5.6,🟢 Low risk
0307-BCOPK,16,One year,No,19.05,5.6,🟢 Low risk
8738-JOKAR,42,One year,DSL,67.7,5.6,🟢 Low risk
5914-XRFQB,72,Two year,Fiber optic,115.8,5.6,🟢 Low risk
6650-BWFRT,72,Two year,Fiber optic,117.15,5.6,🟢 Low risk
0484-JPBRU,41,Month-to-month,No,25.25,5.6,🟢 Low risk
3452-FLHYD,25,One year,No,20.95,5.6,🟢 Low risk
4378-MYPGO,68,Two year,Fiber optic,105.25,5.6,🟢 Low risk
6616-AALSR,65,Two year,Fiber optic,104.3,5.6,🟢 Low risk
9621-OUPYD,25,One year,No,20.2,5.6,🟢 Low risk
0019-EFAEP,72,Two year,Fiber optic,101.3,5.6,🟢 Low risk
1834-ABKHQ,52,One year,DSL,50.95,5.5,🟢 Low risk
8608-OZTLB,38,One year,DSL,74.05,5.5,🟢 Low risk
9742-XOKTS,67,One year,Fiber optic,89.55,5.5,🟢 Low risk
9298-WGMRW,72,Two year,Fiber optic,115.5,5.5,🟢 Low risk
9766-HGEDE,17,One year,No,19.35,5.5,🟢 Low risk
2200-DSAAL,68,Two year,DSL,80.65,5.5,🟢 Low risk
8570-KLJYJ,36,One year,DSL,54.45,5.5,🟢 Low risk
8318-LCNBW,35,One year,DSL,53.15,5.5,🟢 Low risk
6993-YGFJV,69,Two year,Fiber optic,112.55,5.5,🟢 Low risk
6147-CBCRA,33,Month-to-month,No,20.05,5.5,🟢 Low risk
8591-TKMZH,59,Two year,Fiber optic,111.1,5.5,🟢 Low risk
6478-HRRCZ,32,One year,DSL,70.5,5.5,🟢 Low risk
6048-UWKAL,69,Two year,Fiber optic,105.4,5.5,🟢 Low risk
1530-ZTDOZ,49,Month-to-month,DSL,40.65,5.5,🟢 Low risk
1821-BUCWY,30,Two year,DSL,55.65,5.5,🟢 Low risk
1371-DWPAZ,0,Two year,DSL,56.05,5.4,🟢 Low risk
3896-RCYYE,67,Month-to-month,DSL,53.4,5.4,🟢 Low risk
9702-AIUJO,50,One year,DSL,44.8,5.4,🟢 Low risk
3244-CQPHU,72,Two year,Fiber optic,110.1,5.4,🟢 Low risk
5505-OVWQW,17,One year,No,20.15,5.4,🟢 Low risk
6950-TWMYB,54,Two year,Fiber optic,79.95,5.4,🟢 Low risk
6878-GGDWG,32,Month-to-month,No,19.4,5.4,🟢 Low risk
5982-PSMKW,23,Two year,DSL,91.1,5.4,🟢 Low risk
0357-NVCRI,25,Month-to-month,No,20.05,5.4,🟢 Low risk
7672-VFMXZ,57,Month-to-month,DSL,55.7,5.4,🟢 Low risk
6967-PEJLL,37,One year,DSL,40.2,5.4,🟢 Low risk
6176-YJWAS,72,Two year,Fiber optic,97.95,5.4,🟢 Low risk
9046-JBFWA,27,Month-to-month,No,19.15,5.4,🟢 Low risk
3026-ATZYV,37,One year,DSL,75.1,5.4,🟢 Low risk
4778-IZARL,63,Two year,Fiber optic,110.1,5.4,🟢 Low risk
0829-DDVLK,15,One year,No,20.1,5.4,🟢 Low risk
0428-AXXLJ,25,One year,No,19.5,5.4,🟢 Low risk
7951-VRDVK,36,One year,DSL,85.85,5.4,🟢 Low risk
1576-PFZIW,70,Two year,Fiber optic,105.35,5.4,🟢 Low risk
3410-YOQBQ,31,Two year,DSL,79.2,5.3,🟢 Low risk
9229-RQABD,18,One year,No,23.75,5.3,🟢 Low risk
6371-NZYEG,16,Two year,DSL,64.25,5.3,🟢 Low risk
3259-QMXUN,58,Two year,DSL,86.1,5.3,🟢 Low risk
9625-QNLUX,68,Two year,Fiber optic,103.25,5.3,🟢 Low risk
5149-QYTTU,71,One year,Fiber optic,95.15,5.3,🟢 Low risk
7609-NRNCA,17,One year,No,19.55,5.3,🟢 Low risk
8024-XNAFQ,72,Two year,Fiber optic,107.4,5.3,🟢 Low risk
2121-JAFOM,72,Two year,Fiber optic,115.55,5.3,🟢 Low risk
0813-TAXXS,55,Two year,DSL,77.8,5.3,🟢 Low risk
5038-ETMLM,72,Two year,Fiber optic,113.65,5.3,🟢 Low risk
9847-HNVGP,17,One year,No,19.95,5.3,🟢 Low risk
1320-GVNHT,72,Two year,Fiber optic,108.4,5.3,🟢 Low risk
5546-BYZSM,41,Month-to-month,No,20.45,5.3,🟢 Low risk
3363-DTIVD,71,Two year,Fiber optic,105.55,5.3,🟢 Low risk
2453-SAFNS,54,One year,DSL,72.1,5.3,🟢 Low risk
4616-EWBNJ,16,One year,No,20.1,5.3,🟢 Low risk
8595-SIZNC,22,One year,No,25.6,5.3,🟢 Low risk
2368-GAKKQ,70,Two year,Fiber optic,113.65,5.3,🟢 Low risk
3669-WHAFY,71,Two year,Fiber optic,115.15,5.3,🟢 Low risk
2927-CVULT,53,Two year,Fiber optic,104.05,5.3,🟢 Low risk
2030-BTZRO,6,Two year,No,20.4,5.2,🟢 Low risk
5204-HMGYF,49,One year,DSL,87.2,5.2,🟢 Low risk
4203-QGNZA,28,Month-to-month,No,20.25,5.2,🟢 Low risk
3696-XRIEN,50,One year,DSL,82.5,5.2,🟢 Low risk
5756-OZRIO,61,One year,DSL,64.05,5.2,🟢 Low risk
8606-CIQUL,72,Two year,Fiber optic,115.75,5.2,🟢 Low risk
4323-ELYYB,13,One year,No,20.0,5.2,🟢 Low risk
1133-KXCGE,18,One year,No,20.1,5.2,🟢 Low risk
7771-ZONAT,22,Two year,DSL,56.75,5.2,🟢 Low risk
3043-SUDUA,32,Month-to-month,No,19.9,5.2,🟢 Low risk
8434-PNQZX,42,Two year,DSL,78.45,5.2,🟢 Low risk
8499-BRXTD,18,One year,No,20.1,5.2,🟢 Low risk
8969-PRHFK,18,One year,No,19.65,5.2,🟢 Low risk
3372-CDXFJ,13,One year,No,24.5,5.2,🟢 Low risk
5917-HBSDW,37,Month-to-month,No,19.35,5.2,🟢 Low risk
3482-ABPKK,28,One year,DSL,54.3,5.1,🟢 Low risk
7971-HLVXI,72,Two year,Fiber optic,84.5,5.1,🟢 Low risk
1474-JUWSM,58,One year,DSL,68.4,5.1,🟢 Low risk
9351-HXDMR,72,Two year,Fiber optic,110.9,5.1,🟢 Low risk
9027-TMATR,43,Two year,DSL,78.8,5.1,🟢 Low risk
4311-QTTAI,16,One year,No,19.35,5.1,🟢 Low risk
9845-QOMAD,14,One year,No,19.75,5.1,🟢 Low risk
3422-WJOYD,28,One year,DSL,54.35,5.1,🟢 Low risk
7176-WRTNX,70,Two year,Fiber optic,114.95,5.1,🟢 Low risk
0042-JVWOJ,26,One year,No,19.6,5.1,🟢 Low risk
9860-LISIZ,34,Month-to-month,No,20.35,5.1,🟢 Low risk
0254-KCJGT,52,One year,DSL,81.4,5.1,🟢 Low risk
3131-NWVFJ,14,One year,No,19.55,5.1,🟢 Low risk
7279-NMVJC,17,One year,No,19.9,5.1,🟢 Low risk
8746-BFOAJ,21,One year,No,20.5,5.1,🟢 Low risk
9534-NSXEM,26,One year,No,20.65,5.1,🟢 Low risk
6919-ELBGL,72,Two year,Fiber optic,114.95,5.1,🟢 Low risk
1455-HFBXA,52,Two year,Fiber optic,91.6,5.1,🟢 Low risk
0401-WDBXM,72,Two year,Fiber optic,105.55,5.1,🟢 Low risk
3213-VVOLG,0,Two year,No,25.35,5.1,🟢 Low risk
5726-CVNYA,8,Two year,No,19.85,5.1,🟢 Low risk
4367-NUYAO,0,Two year,No,25.75,5.1,🟢 Low risk
4359-INNWN,17,One year,No,20.05,5.0,🟢 Low risk
6827-IEAUQ,27,One year,DSL,66.15,5.0,🟢 Low risk
7576-ASEJU,41,One year,DSL,74.7,5.0,🟢 Low risk
6614-FHDBO,72,Two year,Fiber optic,109.2,5.0,🟢 Low risk
6050-FFXES,69,Two year,Fiber optic,105.35,5.0,🟢 Low risk
4139-JPIAM,51,Month-to-month,DSL,44.45,5.0,🟢 Low risk
9239-GZHZE,72,Two year,Fiber optic,113.65,5.0,🟢 Low risk
9637-CDTKZ,72,Two year,Fiber optic,114.1,5.0,🟢 Low risk
9313-CDOGY,38,Month-to-month,No,19.6,5.0,🟢 Low risk
4057-FKCZK,58,Two year,Fiber optic,82.5,5.0,🟢 Low risk
6968-MHOMU,58,One year,DSL,45.0,5.0,🟢 Low risk
1790-NESIO,13,Two year,No,20.4,5.0,🟢 Low risk
7758-UJWYS,34,Two year,DSL,40.55,5.0,🟢 Low risk
9938-TKDGL,68,Two year,Fiber optic,99.55,5.0,🟢 Low risk
3963-RYFNS,72,Two year,Fiber optic,116.45,5.0,🟢 Low risk
2190-PHBHR,72,Two year,Fiber optic,94.45,5.0,🟢 Low risk
3374-PZLXD,34,Month-to-month,No,19.7,5.0,🟢 Low risk
0384-LPITE,40,One year,DSL,62.05,5.0,🟢 Low risk
7813-TKCVO,20,One year,No,20.35,4.9,🟢 Low risk
4092-OFQZS,20,One year,No,20.65,4.9,🟢 Low risk
2812-ENYMO,26,One year,DSL,54.55,4.9,🟢 Low risk
5183-KLYEM,72,Two year,Fiber optic,112.75,4.9,🟢 Low risk
1661-CZBAU,48,One year,DSL,70.95,4.9,🟢 Low risk
7569-NMZYQ,72,Two year,Fiber optic,118.75,4.9,🟢 Low risk
7581-EBBOU,60,One year,DSL,70.15,4.9,🟢 Low risk
5855-EIBDE,49,Two year,Fiber optic,106.65,4.9,🟢 Low risk
7730-CLDSV,72,Two year,Fiber optic,98.65,4.9,🟢 Low risk
0619-OLYUR,72,Two year,Fiber optic,111.9,4.9,🟢 Low risk
0868-VJRDR,64,Two year,Fiber optic,104.05,4.9,🟢 Low risk
7055-JCGNI,70,Two year,Fiber optic,111.95,4.9,🟢 Low risk
1043-UXOVO,71,Two year,Fiber optic,113.15,4.9,🟢 Low risk
8461-EFQYM,38,One year,No,24.25,4.9,🟢 Low risk
1063-DHQJF,69,Two year,Fiber optic,92.15,4.9,🟢 Low risk
1272-ILHFG,15,One year,No,19.65,4.9,🟢 Low risk
7644-OMVMY,0,Two year,No,19.85,4.9,🟢 Low risk
2520-SGTTA,0,Two year,No,20.0,4.9,🟢 Low risk
0422-OHQHQ,15,One year,No,20.55,4.9,🟢 Low risk
2027-DNKIV,37,One year,DSL,58.75,4.8,🟢 Low risk
3186-AJIEK,66,Two year,Fiber optic,105.65,4.8,🟢 Low risk
6551-ZCOTS,33,One year,No,24.9,4.8,🟢 Low risk
9199-PWQVC,63,One year,DSL,79.7,4.8,🟢 Low risk
6194-HBGQN,51,One year,DSL,81.15,4.8,🟢 Low risk
9289-LBQVU,64,One year,DSL,70.15,4.8,🟢 Low risk
2292-XQWSV,40,One year,DSL,60.3,4.8,🟢 Low risk
1163-VIPRI,65,Two year,Fiber optic,109.3,4.8,🟢 Low risk
7369-TRPFD,19,One year,No,18.8,4.8,🟢 Low risk
5995-WWKKG,37,One year,No,19.8,4.8,🟢 Low risk
5825-XJOCM,48,One year,DSL,64.4,4.8,🟢 Low risk
6670-MFRPK,69,Two year,Fiber optic,79.2,4.8,🟢 Low risk
9796-MVYXX,14,Two year,DSL,39.7,4.8,🟢 Low risk
6064-PUPMC,23,One year,DSL,57.2,4.8,🟢 Low risk
3115-CZMZD,0,Two year,No,20.25,4.8,🟢 Low risk
9174-IHETN,50,Two year,Fiber optic,70.35,4.8,🟢 Low risk
6244-BESBM,69,Two year,Fiber optic,95.2,4.8,🟢 Low risk
9209-NWPGU,44,One year,DSL,65.4,4.8,🟢 Low risk
2055-BFOCC,63,One year,DSL,84.0,4.7,🟢 Low risk
6211-WWLTF,63,Two year,Fiber optic,99.7,4.7,🟢 Low risk
1401-FTHFQ,23,One year,No,20.0,4.7,🟢 Low risk
6061-GWWAV,41,One year,DSL,70.2,4.7,🟢 Low risk
5172-RKOCB,72,Two year,Fiber optic,108.95,4.7,🟢 Low risk
6736-DHUQI,67,One year,Fiber optic,84.8,4.7,🟢 Low risk
5312-TSZVC,15,One year,No,19.65,4.7,🟢 Low risk
8224-UAXBZ,58,One year,DSL,45.35,4.7,🟢 Low risk
9046-DQMTP,35,Month-to-month,No,20.75,4.7,🟢 Low risk
9411-TPQQV,40,One year,DSL,54.55,4.7,🟢 Low risk
9070-BCKQP,72,Two year,Fiber optic,110.15,4.7,🟢 Low risk
3621-CHYVB,57,Month-to-month,DSL,49.9,4.7,🟢 Low risk
2282-YGNOR,29,One year,DSL,58.0,4.7,🟢 Low risk
2320-TZRRH,20,One year,No,19.5,4.7,🟢 Low risk
3082-YVEKW,23,Two year,DSL,77.15,4.7,🟢 Low risk
9750-BOOHV,32,One year,DSL,30.15,4.7,🟢 Low risk
6445-TNRXS,68,Two year,Fiber optic,114.7,4.7,🟢 Low risk
1099-GODLO,1,Two year,No,20.35,4.7,🟢 Low risk
2829-HYVZP,29,One year,No,19.8,4.7,🟢 Low risk
6848-YLDFR,58,One year,DSL,75.2,4.6,🟢 Low risk
2223-GDSHL,71,Two year,Fiber optic,116.05,4.6,🟢 Low risk
2798-NYLMZ,71,Two year,Fiber optic,108.55,4.6,🟢 Low risk
9867-JCZSP,17,One year,No,20.75,4.6,🟢 Low risk
1488-PBLJN,72,Two year,Fiber optic,116.85,4.6,🟢 Low risk
8756-RDDLT,68,Month-to-month,DSL,44.95,4.6,🟢 Low risk
7196-LIWRH,6,Two year,No,19.55,4.6,🟢 Low risk
6556-DBKZF,71,Two year,Fiber optic,76.05,4.6,🟢 Low risk
6007-TCTST,72,Two year,Fiber optic,115.8,4.6,🟢 Low risk
2703-AMTUL,36,One year,DSL,53.65,4.6,🟢 Low risk
7710-JSYOA,69,Two year,Fiber optic,93.3,4.6,🟢 Low risk
1171-TYKUR,47,Month-to-month,No,25.4,4.6,🟢 Low risk
1841-YSJGV,72,Two year,Fiber optic,109.95,4.6,🟢 Low risk
6461-PPAXN,35,One year,DSL,54.95,4.6,🟢 Low risk
3396-DKDEL,70,Two year,Fiber optic,115.15,4.6,🟢 Low risk
1178-PZGAB,19,One year,No,20.25,4.6,🟢 Low risk
3658-QQJYD,62,One year,DSL,74.3,4.6,🟢 Low risk
7100-FQPRV,43,One year,DSL,71.9,4.5,🟢 Low risk
6527-PZFPV,24,One year,No,20.8,4.5,🟢 Low risk
1154-HYWWO,38,One year,DSL,70.6,4.5,🟢 Low risk
9928-BZVLZ,12,Two year,DSL,49.85,4.5,🟢 Low risk
6103-QCKFX,44,Month-to-month,DSL,56.25,4.5,🟢 Low risk
4717-GHADL,50,Two year,DSL,79.6,4.5,🟢 Low risk
4500-HKANN,23,Two year,DSL,59.7,4.5,🟢 Low risk
3230-JCNZS,71,Two year,Fiber optic,99.0,4.5,🟢 Low risk
9500-IWPXQ,61,One year,DSL,79.4,4.5,🟢 Low risk
3795-CAWEX,70,Two year,Fiber optic,116.55,4.5,🟢 Low risk
8085-MSNLK,62,Two year,Fiber optic,113.95,4.5,🟢 Low risk
4598-ZADCK,53,One year,DSL,53.6,4.5,🟢 Low risk
6339-TBELP,71,Two year,Fiber optic,86.4,4.5,🟢 Low risk
7994-XIRTR,54,One year,DSL,65.25,4.5,🟢 Low risk
0197-PNKNK,69,One year,Fiber optic,84.45,4.5,🟢 Low risk
5989-AXPUC,68,Two year,Fiber optic,118.6,4.5,🟢 Low risk
8668-KNZTI,52,One year,DSL,53.75,4.5,🟢 Low risk
3926-YZVVX,41,One year,DSL,50.05,4.5,🟢 Low risk
1222-KJNZD,40,Month-to-month,No,20.4,4.5,🟢 Low risk
7570-WELNY,68,Two year,Fiber optic,84.7,4.5,🟢 Low risk
3739-YBWAB,36,One year,DSL,35.35,4.5,🟢 Low risk
1069-QJOEE,25,One year,No,19.9,4.5,🟢 Low risk
9127-QRZMH,44,One year,DSL,59.85,4.5,🟢 Low risk
8690-UPCZI,29,One year,DSL,69.05,4.5,🟢 Low risk
5186-PEIZU,35,Month-to-month,No,19.25,4.5,🟢 Low risk
8099-MZPUJ,48,Two year,Fiber optic,111.8,4.5,🟢 Low risk
5003-OKNNK,15,One year,No,20.35,4.5,🟢 Low risk
8741-LQOBK,46,Month-to-month,DSL,35.05,4.5,🟢 Low risk
0675-NCDYU,72,Two year,Fiber optic,116.4,4.5,🟢 Low risk
5442-BXVND,33,Month-to-month,No,24.25,4.4,🟢 Low risk
0320-DWVTU,53,Two year,Fiber optic,99.5,4.4,🟢 Low risk
7319-ZNRTR,25,One year,No,19.6,4.4,🟢 Low risk
1741-WTPON,56,Two year,Fiber optic,115.85,4.4,🟢 Low risk
5468-BPMMO,46,Month-to-month,No,19.6,4.4,🟢 Low risk
2061-VVFST,37,Month-to-month,No,19.5,4.4,🟢 Low risk
4513-CXYIX,71,Two year,Fiber optic,80.7,4.4,🟢 Low risk
3134-DSHVC,63,Two year,Fiber optic,98.0,4.4,🟢 Low risk
2144-ESWKO,43,One year,DSL,35.2,4.4,🟢 Low risk
3810-DVDQQ,72,Two year,Fiber optic,117.6,4.4,🟢 Low risk
6427-FEFIG,24,Two year,DSL,78.6,4.4,🟢 Low risk
3258-ZKPAI,72,Two year,Fiber optic,116.6,4.4,🟢 Low risk
5872-OEQNH,60,One year,DSL,44.45,4.4,🟢 Low risk
5847-MXBEO,22,One year,No,20.3,4.4,🟢 Low risk
7995-ZHHNZ,42,One year,DSL,56.1,4.4,🟢 Low risk
0017-IUDMW,72,Two year,Fiber optic,116.8,4.4,🟢 Low risk
9553-DLCLU,13,Two year,DSL,88.95,4.4,🟢 Low risk
3726-TBHQT,71,Two year,Fiber optic,114.0,4.4,🟢 Low risk
6195-MELTI,57,One year,DSL,54.65,4.4,🟢 Low risk
4376-KFVRS,72,Two year,Fiber optic,114.05,4.4,🟢 Low risk
3546-GHEAE,7,Two year,No,19.45,4.4,🟢 Low risk
9018-PCIOK,55,Two year,DSL,64.75,4.4,🟢 Low risk
6693-DJWTY,35,One year,DSL,55.6,4.4,🟢 Low risk
2639-UGMAZ,71,One year,DSL,56.45,4.3,🟢 Low risk
5375-XLDOF,69,Two year,Fiber optic,114.35,4.3,🟢 Low risk
8022-BECSI,22,One year,No,19.6,4.3,🟢 Low risk
1407-DIGZV,3,Two year,No,19.1,4.3,🟢 Low risk
4884-TVUQF,57,Two year,Fiber optic,101.3,4.3,🟢 Low risk
0248-PGHBZ,67,Two year,Fiber optic,92.45,4.3,🟢 Low risk
0670-ANMUU,71,One year,Fiber optic,97.65,4.3,🟢 Low risk
7233-IOQNP,43,Month-to-month,DSL,34.0,4.3,🟢 Low risk
2085-JVGAD,37,Month-to-month,No,20.35,4.3,🟢 Low risk
5887-IKKYO,58,Two year,Fiber optic,94.35,4.3,🟢 Low risk
5820-PTRYM,56,One year,DSL,68.45,4.3,🟢 Low risk
9670-BPNXF,45,One year,DSL,62.55,4.3,🟢 Low risk
7663-YJHSN,72,Two year,Fiber optic,103.95,4.3,🟢 Low risk
3766-EJLFL,68,Two year,Fiber optic,109.05,4.3,🟢 Low risk
9200-NLNPD,56,One year,DSL,54.05,4.3,🟢 Low risk
4522-XRWWI,42,One year,DSL,80.45,4.3,🟢 Low risk
6859-QNXIQ,72,Two year,Fiber optic,113.1,4.3,🟢 Low risk
8763-KIAFH,27,One year,No,20.55,4.3,🟢 Low risk
3585-YNADK,57,One year,DSL,74.6,4.3,🟢 Low risk
9640-ZSLDC,53,One year,DSL,60.6,4.3,🟢 Low risk
8612-GXIDD,12,Two year,No,25.4,4.3,🟢 Low risk
1352-HNSAW,72,Two year,Fiber optic,115.6,4.3,🟢 Low risk
2877-VDUER,35,One year,DSL,40.9,4.3,🟢 Low risk
3892-NXAZG,72,Two year,Fiber optic,114.05,4.2,🟢 Low risk
3617-XLSGQ,66,Two year,Fiber optic,109.25,4.2,🟢 Low risk
2057-BOYKM,72,Two year,Fiber optic,96.6,4.2,🟢 Low risk
4803-LBYPN,34,Month-to-month,No,20.8,4.2,🟢 Low risk
5474-LAMUQ,24,One year,No,20.1,4.2,🟢 Low risk
8388-DMKAE,8,Two year,No,20.25,4.2,🟢 Low risk
8639-NHQEI,72,Two year,Fiber optic,95.9,4.2,🟢 Low risk
3841-NFECX,71,Two year,Fiber optic,96.35,4.2,🟢 Low risk
0942-KOWSM,30,Two year,DSL,80.8,4.2,🟢 Low risk
8884-MRNSU,17,One year,No,19.9,4.2,🟢 Low risk
9150-KPBJQ,6,Two year,No,19.65,4.2,🟢 Low risk
5791-KAJFD,56,One year,DSL,68.75,4.2,🟢 Low risk
0679-TDGAK,50,One year,DSL,75.5,4.2,🟢 Low risk
9746-UGFAC,22,One year,No,20.85,4.2,🟢 Low risk
9030-QGZNL,8,Two year,No,20.85,4.2,🟢 Low risk
2724-FJDYW,39,One year,DSL,54.85,4.2,🟢 Low risk
4115-BNPJY,29,Two year,DSL,75.55,4.2,🟢 Low risk
6252-DFGTK,37,One year,DSL,68.1,4.2,🟢 Low risk
9782-LGXMC,49,Month-to-month,DSL,61.75,4.2,🟢 Low risk
4565-EVZMJ,47,One year,DSL,58.9,4.2,🟢 Low risk
3870-SPZSI,70,Two year,Fiber optic,113.05,4.2,🟢 Low risk
2017-CCBLH,8,Two year,No,20.0,4.2,🟢 Low risk
6016-LVTJQ,34,Month-to-month,No,20.65,4.2,🟢 Low risk
1682-VCOIO,23,One year,No,20.45,4.2,🟢 Low risk
3549-ZTMNH,12,Two year,No,24.0,4.2,🟢 Low risk
5073-RZGBK,50,One year,DSL,80.05,4.2,🟢 Low risk
0572-ZJKLT,46,Two year,Fiber optic,99.65,4.2,🟢 Low risk
2511-MORQY,50,One year,DSL,54.9,4.2,🟢 Low risk
7619-PLRLP,53,One year,DSL,74.1,4.2,🟢 Low risk
6100-FJZDG,26,One year,No,20.05,4.2,🟢 Low risk
6510-UPNKS,23,One year,No,24.8,4.1,🟢 Low risk
0657-DOGUM,48,One year,DSL,60.6,4.1,🟢 Low risk
0487-CRLZF,49,Two year,DSL,74.45,4.1,🟢 Low risk
9541-PWTWO,52,Two year,DSL,80.95,4.1,🟢 Low risk
8748-HFWBO,19,One year,No,19.9,4.1,🟢 Low risk
7030-FZTFM,72,Two year,Fiber optic,110.9,4.1,🟢 Low risk
1752-OZXFY,60,One year,DSL,59.8,4.1,🟢 Low risk
3705-RHRFR,69,Two year,Fiber optic,99.15,4.1,🟢 Low risk
1561-BWHIN,19,One year,No,19.8,4.1,🟢 Low risk
8898-KASCD,39,One year,DSL,35.55,4.1,🟢 Low risk
7996-BPXHY,13,Two year,No,25.0,4.1,🟢 Low risk
4135-FRWKJ,55,One year,DSL,76.25,4.1,🟢 Low risk
6765-MBQNU,26,One year,No,26.0,4.1,🟢 Low risk
8208-EUMTE,16,Two year,DSL,54.85,4.1,🟢 Low risk
2245-ADZFJ,31,Two year,DSL,80.55,4.1,🟢 Low risk
7021-XSNYE,7,Two year,DSL,49.65,4.1,🟢 Low risk
0754-EEBDC,4,Two year,No,19.9,4.1,🟢 Low risk
3778-FOAQW,24,One year,No,20.15,4.1,🟢 Low risk
9347-AERRL,23,One year,No,19.3,4.0,🟢 Low risk
0859-YGKFW,18,One year,No,20.05,4.0,🟢 Low risk
2904-GGUAZ,72,Two year,Fiber optic,84.05,4.0,🟢 Low risk
2054-PJOCK,60,One year,DSL,80.55,4.0,🟢 Low risk
7322-OCWHC,72,Two year,Fiber optic,93.05,4.0,🟢 Low risk
3125-RAHBV,22,One year,No,20.3,4.0,🟢 Low risk
1131-ALZWV,24,One year,No,24.6,4.0,🟢 Low risk
2138-VFAPZ,14,Two year,No,19.7,4.0,🟢 Low risk
8328-SKJNO,23,One year,DSL,40.65,4.0,🟢 Low risk
7325-ENZFI,39,One year,DSL,40.3,4.0,🟢 Low risk
1099-BTKWT,68,One year,DSL,54.4,4.0,🟢 Low risk
0266-GMEAO,72,Two year,Fiber optic,114.3,4.0,🟢 Low risk
5781-BKHOP,72,Two year,Fiber optic,100.65,4.0,🟢 Low risk
4304-TSPVK,68,Two year,Fiber optic,114.9,4.0,🟢 Low risk
5696-CEIQJ,67,Two year,Fiber optic,103.15,4.0,🟢 Low risk
1430-SFQSA,29,One year,DSL,35.6,4.0,🟢 Low risk
1271-UODNO,39,Two year,DSL,53.85,4.0,🟢 Low risk
3520-FJGCV,72,Two year,Fiber optic,112.6,4.0,🟢 Low risk
6322-HRPFA,49,Month-to-month,DSL,59.6,4.0,🟢 Low risk
7602-MVRMB,72,Two year,Fiber optic,110.45,4.0,🟢 Low risk
3315-IKYZQ,28,One year,DSL,50.8,4.0,🟢 Low risk
8809-XKHMD,72,Two year,Fiber optic,100.55,4.0,🟢 Low risk
4685-TFLLS,18,One year,No,19.8,4.0,🟢 Low risk
1206-EHBDD,56,Two year,Fiber optic,80.3,4.0,🟢 Low risk
2073-QBVBI,41,One year,DSL,35.45,4.0,🟢 Low risk
3523-BRGUW,26,One year,No,19.3,4.0,🟢 Low risk
6509-TSGWN,37,Month-to-month,No,26.45,4.0,🟢 Low risk
8630-QSGXK,51,Two year,DSL,75.2,4.0,🟢 Low risk
7636-PEPNS,58,One year,DSL,44.1,4.0,🟢 Low risk
6174-NRBTZ,46,One year,DSL,30.75,3.9,🟢 Low risk
4994-OBRSZ,14,Two year,DSL,76.1,3.9,🟢 Low risk
7833-PKIHD,51,One year,DSL,76.4,3.9,🟢 Low risk
9680-NIAUV,72,Two year,Fiber optic,109.7,3.9,🟢 Low risk
6374-NTQLP,72,Two year,Fiber optic,104.1,3.9,🟢 Low risk
0253-ZTEOB,48,Two year,DSL,79.65,3.9,🟢 Low risk
3283-WCWXT,6,Two year,No,25.4,3.9,🟢 Low risk
8670-MEFCP,36,Two year,DSL,92.9,3.9,🟢 Low risk
7137-NAXML,23,One year,No,20.15,3.9,🟢 Low risk
0083-PIVIK,64,One year,DSL,81.25,3.9,🟢 Low risk
4835-YSJMR,39,Two year,DSL,49.8,3.9,🟢 Low risk
5469-NUJUR,19,Two year,No,19.95,3.9,🟢 Low risk
3078-ZKNTS,13,Two year,No,19.75,3.9,🟢 Low risk
4942-VZZOM,64,One year,DSL,66.15,3.9,🟢 Low risk
3717-FDJFU,5,Two year,No,20.45,3.9,🟢 Low risk
7929-SKFGK,70,Two year,Fiber optic,114.3,3.9,🟢 Low risk
2587-YNLES,6,Two year,No,20.1,3.8,🟢 Low risk
0993-OSGPT,68,One year,DSL,60.65,3.8,🟢 Low risk
4627-MIHJH,69,Two year,Fiber optic,110.25,3.8,🟢 Low risk
6064-ZATLR,27,Two year,DSL,52.85,3.8,🟢 Low risk
8259-DZLIZ,64,One year,DSL,53.85,3.8,🟢 Low risk
4709-LKHYG,29,One year,No,20.0,3.8,🟢 Low risk
5574-NXZIU,63,Two year,Fiber optic,109.2,3.8,🟢 Low risk
3258-SYSWS,72,Two year,Fiber optic,113.8,3.8,🟢 Low risk
3442-ZHHCC,68,One year,DSL,76.9,3.8,🟢 Low risk
6603-YRDCJ,33,Two year,DSL,61.05,3.8,🟢 Low risk
6368-TZZDT,4,Two year,No,19.5,3.8,🟢 Low risk
8871-JLMHM,68,Two year,Fiber optic,90.2,3.8,🟢 Low risk
1354-YZFNB,4,Two year,No,19.55,3.8,🟢 Low risk
7554-NEWDD,10,Two year,No,25.7,3.8,🟢 Low risk
3174-AKMAS,46,Two year,DSL,64.2,3.8,🟢 Low risk
6719-FGEDO,72,Two year,Fiber optic,97.0,3.8,🟢 Low risk
1431-AIDJQ,33,Two year,DSL,82.1,3.8,🟢 Low risk
6434-TTGJP,10,Two year,DSL,53.7,3.8,🟢 Low risk
3594-BDSOA,24,One year,No,20.4,3.8,🟢 Low risk
6352-GIGGQ,67,One year,DSL,88.8,3.7,🟢 Low risk
7471-MQPOS,71,One year,DSL,72.9,3.7,🟢 Low risk
6698-OXETB,11,Two year,No,20.4,3.7,🟢 Low risk
7527-QNRUS,17,Two year,No,25.15,3.7,🟢 Low risk
2239-CGBUZ,51,One year,DSL,60.5,3.7,🟢 Low risk
3569-VLDHH,66,One year,DSL,75.1,3.7,🟢 Low risk
6867-ACCZI,24,Two year,DSL,52.5,3.7,🟢 Low risk
5161-UBZXI,69,Two year,Fiber optic,106.35,3.7,🟢 Low risk
8779-YIQQA,21,One year,No,19.8,3.7,🟢 Low risk
7269-JISCY,55,One year,DSL,45.05,3.7,🟢 Low risk
8915-NNTRC,72,Two year,Fiber optic,107.7,3.7,🟢 Low risk
3985-HOYPM,26,One year,No,19.4,3.7,🟢 Low risk
1053-MXTTK,72,Two year,Fiber optic,108.65,3.7,🟢 Low risk
9802-CAQUT,72,Two year,Fiber optic,109.55,3.7,🟢 Low risk
3831-YCPUO,72,Two year,Fiber optic,109.5,3.7,🟢 Low risk
1439-LCGVL,26,One year,No,19.2,3.7,🟢 Low risk
5495-GPSRW,20,Two year,No,19.7,3.7,🟢 Low risk
7244-KXYZN,24,One year,No,20.45,3.7,🟢 Low risk
6114-TCFID,29,One year,DSL,39.5,3.7,🟢 Low risk
3441-CGZJH,43,One year,DSL,60.4,3.7,🟢 Low risk
3850-OKINF,71,One year,DSL,66.2,3.7,🟢 Low risk
0906-QVPMS,72,Two year,Fiber optic,115.15,3.7,🟢 Low risk
2999-AANRQ,21,Two year,DSL,71.05,3.7,🟢 Low risk
9891-NQDBD,28,One year,No,25.55,3.7,🟢 Low risk
2361-FJWNO,40,One year,DSL,36.0,3.7,🟢 Low risk
1937-OTUKY,72,Two year,Fiber optic,98.2,3.7,🟢 Low risk
2466-FCCPT,20,One year,No,19.7,3.7,🟢 Low risk
1032-MAELW,68,One year,DSL,78.45,3.6,🟢 Low risk
5214-CHIWJ,27,One year,No,20.3,3.6,🟢 Low risk
0269-XFESX,23,One year,No,24.35,3.6,🟢 Low risk
7017-VFHAY,61,Two year,Fiber optic,115.1,3.6,🟢 Low risk
3508-CFVZL,71,Two year,Fiber optic,111.3,3.6,🟢 Low risk
8480-PPONV,62,Two year,Fiber optic,115.55,3.6,🟢 Low risk
5893-PYOLZ,56,Two year,DSL,81.8,3.6,🟢 Low risk
3605-JISKB,55,One year,DSL,60.0,3.6,🟢 Low risk
0020-JDNXP,34,One year,DSL,61.25,3.6,🟢 Low risk
6519-ZHPXP,72,Two year,Fiber optic,108.3,3.6,🟢 Low risk
8513-OLYGY,72,Two year,Fiber optic,115.8,3.6,🟢 Low risk
5641-DMBFJ,58,Two year,DSL,84.3,3.6,🟢 Low risk
7168-HDQHG,36,Month-to-month,No,19.2,3.6,🟢 Low risk
5840-NVDCG,16,Two year,DSL,68.25,3.6,🟢 Low risk
8454-AATJP,72,Two year,Fiber optic,115.05,3.6,🟢 Low risk
8314-HTWVE,7,Two year,No,19.85,3.6,🟢 Low risk
4632-PAOYU,22,One year,No,19.95,3.6,🟢 Low risk
9577-WJVCQ,68,Month-to-month,DSL,54.45,3.6,🟢 Low risk
9225-BZLNZ,72,Two year,DSL,85.25,3.6,🟢 Low risk
6016-NXBNJ,35,One year,No,19.15,3.6,🟢 Low risk
2749-CTKAJ,22,One year,No,20.15,3.6,🟢 Low risk
4648-YPBTM,53,Two year,DSL,73.9,3.6,🟢 Low risk
7359-WWYJV,72,Two year,Fiber optic,114.45,3.6,🟢 Low risk
4304-XUMGI,50,Two year,DSL,75.15,3.6,🟢 Low risk
0104-PPXDV,58,One year,DSL,50.3,3.6,🟢 Low risk
2361-UPSND,46,One year,DSL,70.6,3.6,🟢 Low risk
9758-MFWGD,48,One year,DSL,29.9,3.6,🟢 Low risk
2005-DWQZJ,8,Two year,No,19.05,3.5,🟢 Low risk
7690-KPNCU,64,One year,DSL,73.05,3.5,🟢 Low risk
0014-BMAQU,63,Two year,Fiber optic,84.65,3.5,🟢 Low risk
4024-CSNBY,72,Two year,Fiber optic,94.25,3.5,🟢 Low risk
5716-EZXZN,65,Two year,Fiber optic,99.05,3.5,🟢 Low risk
2984-TBYKU,72,Two year,Fiber optic,104.9,3.5,🟢 Low risk
5965-GGPRW,72,Two year,Fiber optic,105.25,3.5,🟢 Low risk
3882-IYOIJ,60,Two year,Fiber optic,115.25,3.5,🟢 Low risk
5647-URDKA,8,Two year,No,19.7,3.5,🟢 Low risk
1282-IHQAC,70,One year,DSL,44.05,3.5,🟢 Low risk
6481-LXPWL,56,One year,DSL,36.1,3.5,🟢 Low risk
2229-DPMBI,8,Two year,No,19.5,3.5,🟢 Low risk
6479-OAUSD,25,One year,No,19.9,3.5,🟢 Low risk
2676-SSLTO,49,Two year,DSL,66.15,3.5,🟢 Low risk
0872-CASZJ,59,One year,DSL,69.1,3.5,🟢 Low risk
1998-VHJHK,27,One year,No,19.15,3.5,🟢 Low risk
0224-NIJLP,8,Two year,No,20.15,3.5,🟢 Low risk
6072-NUQCB,22,One year,No,20.25,3.5,🟢 Low risk
6061-PQHMK,25,One year,No,19.9,3.5,🟢 Low risk
0056-EPFBG,20,Two year,DSL,39.4,3.5,🟢 Low risk
7191-ADRGF,44,Two year,DSL,54.3,3.5,🟢 Low risk
5327-XOKKY,72,Two year,DSL,73.45,3.5,🟢 Low risk
9184-GALIL,38,Month-to-month,No,20.45,3.5,🟢 Low risk
0181-RITDD,62,Two year,Fiber optic,108.15,3.4,🟢 Low risk
4877-TSOFF,55,One year,DSL,75.75,3.4,🟢 Low risk
1552-TKMXS,42,Month-to-month,No,20.35,3.4,🟢 Low risk
5876-QMYLD,23,One year,No,20.05,3.4,🟢 Low risk
4981-FLTMF,57,Month-to-month,DSL,65.2,3.4,🟢 Low risk
1642-HMARX,68,Two year,DSL,91.7,3.4,🟢 Low risk
7321-ZNSLA,13,Two year,DSL,40.55,3.4,🟢 Low risk
2706-QZIHY,15,Two year,No,25.2,3.4,🟢 Low risk
9530-GRMJG,70,Two year,DSL,84.1,3.4,🟢 Low risk
5063-IUOKK,13,Two year,No,19.75,3.4,🟢 Low risk
0536-ESJEP,54,Two year,DSL,74.55,3.4,🟢 Low risk
8670-ERCJH,72,Two year,Fiber optic,113.4,3.4,🟢 Low risk
1245-HARPS,14,Two year,No,20.4,3.4,🟢 Low risk
2664-XJZNO,72,Two year,Fiber optic,104.9,3.4,🟢 Low risk
9959-WOFKT,71,Two year,Fiber optic,106.7,3.4,🟢 Low risk
1452-UZOSF,72,Two year,Fiber optic,106.1,3.4,🟢 Low risk
5057-RKGLH,9,Two year,No,20.35,3.4,🟢 Low risk
4039-PIMHX,49,Two year,DSL,49.8,3.4,🟢 Low risk
0946-FKYTX,52,One year,DSL,30.1,3.4,🟢 Low risk
8966-OIQHG,22,One year,No,20.75,3.4,🟢 Low risk
3352-RICWQ,9,Two year,No,19.75,3.4,🟢 Low risk
5014-GSOUQ,13,Two year,No,19.95,3.4,🟢 Low risk
8331-ZXFOE,58,One year,DSL,71.1,3.4,🟢 Low risk
7037-MTYVW,38,Two year,DSL,85.4,3.4,🟢 Low risk
3551-GAEGL,34,One year,DSL,30.4,3.4,🟢 Low risk
1093-YSWCA,11,Two year,No,19.55,3.4,🟢 Low risk
6082-OQFBA,23,One year,No,19.65,3.4,🟢 Low risk
5906-DVAPM,55,One year,DSL,75.0,3.3,🟢 Low risk
1094-BKOSX,45,One year,DSL,51.0,3.3,🟢 Low risk
0378-CJKPV,72,Two year,Fiber optic,112.1,3.3,🟢 Low risk
7446-SFAOA,37,One year,No,19.85,3.3,🟢 Low risk
8194-PEEBY,24,One year,No,19.9,3.3,🟢 Low risk
3021-VLNRJ,50,One year,DSL,70.8,3.3,🟢 Low risk
1834-WULEG,24,One year,No,20.25,3.3,🟢 Low risk
2150-OEGBV,27,One year,No,20.1,3.3,🟢 Low risk
9531-NSBMR,36,One year,No,19.25,3.3,🟢 Low risk
8908-SLFCJ,21,Two year,No,20.85,3.3,🟢 Low risk
6682-VCIXC,43,One year,DSL,51.25,3.3,🟢 Low risk
9801-NOSHQ,23,One year,No,19.8,3.3,🟢 Low risk
7337-CINUD,8,Two year,No,19.5,3.3,🟢 Low risk
8659-IOOPU,71,Two year,Fiber optic,100.45,3.3,🟢 Low risk
9424-CMPOG,9,Two year,No,19.6,3.3,🟢 Low risk
0334-ZFJSR,55,One year,DSL,66.05,3.3,🟢 Low risk
4872-VXRIL,56,One year,DSL,64.65,3.3,🟢 Low risk
0743-HNPFG,51,One year,DSL,69.75,3.3,🟢 Low risk
8760-ZRHKE,71,One year,DSL,69.2,3.3,🟢 Low risk
4795-UXVCJ,26,One year,No,19.8,3.3,🟢 Low risk
3055-VTCGS,63,One year,DSL,58.55,3.3,🟢 Low risk
8873-TMKGR,29,One year,No,19.1,3.2,🟢 Low risk
3392-EHMNK,67,Two year,Fiber optic,94.1,3.2,🟢 Low risk
8565-WUXZU,72,Two year,Fiber optic,84.8,3.2,🟢 Low risk
9648-BCHKM,18,Two year,No,24.65,3.2,🟢 Low risk
6754-LZUKA,61,Two year,DSL,80.9,3.2,🟢 Low risk
3982-JGSFD,36,One year,No,20.35,3.2,🟢 Low risk
5519-TEEUH,33,One year,No,20.15,3.2,🟢 Low risk
7632-YUTXB,25,One year,No,20.05,3.2,🟢 Low risk
9739-JLPQJ,72,Two year,Fiber optic,117.5,3.2,🟢 Low risk
8148-WOCMK,8,Two year,No,19.6,3.2,🟢 Low risk
1936-UAFEH,68,Two year,Fiber optic,110.25,3.2,🟢 Low risk
7605-BDWDC,31,Two year,DSL,49.85,3.2,🟢 Low risk
4611-ANLQC,60,One year,DSL,50.05,3.2,🟢 Low risk
5944-UGLLK,53,One year,DSL,54.9,3.2,🟢 Low risk
4716-MRVEN,29,One year,No,20.0,3.2,🟢 Low risk
0310-SUCIN,71,One year,DSL,84.8,3.2,🟢 Low risk
6691-CCIHA,62,Two year,DSL,84.95,3.2,🟢 Low risk
2197-OMWGI,68,Two year,DSL,53.0,3.2,🟢 Low risk
5453-YBTWV,70,Two year,Fiber optic,101.1,3.2,🟢 Low risk
2995-YWTCD,19,Two year,No,24.9,3.2,🟢 Low risk
4707-YNOQA,34,One year,No,25.6,3.2,🟢 Low risk
4730-AWNAU,36,One year,DSL,60.7,3.2,🟢 Low risk
1734-ZMNTZ,11,Two year,No,25.0,3.2,🟢 Low risk
1872-EBWSC,29,One year,No,20.35,3.2,🟢 Low risk
8510-TMWYB,54,Two year,DSL,59.8,3.2,🟢 Low risk
4227-OJHAL,68,One year,DSL,73.0,3.2,🟢 Low risk
4667-QONEA,60,One year,DSL,74.85,3.2,🟢 Low risk
1494-EJZDW,10,Two year,No,20.15,3.2,🟢 Low risk
8097-OMULG,59,One year,DSL,76.75,3.2,🟢 Low risk
6598-KELSS,50,One year,DSL,43.05,3.2,🟢 Low risk
9955-QOPOY,69,One year,DSL,60.8,3.2,🟢 Low risk
8727-XDPUD,37,Two year,DSL,35.8,3.2,🟢 Low risk
9000-PLFUZ,60,Two year,DSL,49.45,3.1,🟢 Low risk
3057-VJJQE,35,Two year,DSL,55.25,3.1,🟢 Low risk
4452-ROHMO,15,Two year,No,19.6,3.1,🟢 Low risk
9570-KYEUA,64,Two year,Fiber optic,99.25,3.1,🟢 Low risk
7109-CQYUZ,52,Two year,DSL,89.25,3.1,🟢 Low risk
2650-GYRYL,33,One year,No,19.45,3.1,🟢 Low risk
9224-VTYID,47,Two year,DSL,90.5,3.1,🟢 Low risk
7026-YMSBE,30,One year,No,19.7,3.1,🟢 Low risk
2933-XEUJM,46,Two year,DSL,79.2,3.1,🟢 Low risk
7622-FWGEW,56,Two year,DSL,85.65,3.1,🟢 Low risk
7277-KAMWT,13,Two year,No,20.0,3.1,🟢 Low risk
8007-YYPWD,15,Two year,No,25.05,3.1,🟢 Low risk
4530-NDRKU,42,One year,No,19.05,3.1,🟢 Low risk
2789-CZANW,64,Two year,Fiber optic,110.3,3.1,🟢 Low risk
2550-AEVRU,57,One year,DSL,53.45,3.1,🟢 Low risk
0486-LGCCH,11,Two year,No,19.65,3.1,🟢 Low risk
9777-IQHWP,64,Two year,Fiber optic,93.4,3.1,🟢 Low risk
6463-HHXJR,71,Two year,Fiber optic,100.5,3.1,🟢 Low risk
6188-UXBBR,38,One year,No,20.25,3.1,🟢 Low risk
7247-XOZPB,53,One year,DSL,77.4,3.1,🟢 Low risk
4890-VMUAV,63,One year,DSL,71.5,3.1,🟢 Low risk
5386-THSLQ,66,One year,DSL,45.55,3.1,🟢 Low risk
0835-DUUIQ,24,One year,No,21.05,3.1,🟢 Low risk
6121-TNHBO,63,One year,DSL,83.0,3.0,🟢 Low risk
5232-NXPAY,47,Two year,DSL,74.45,3.0,🟢 Low risk
9108-EQPNQ,10,Two year,No,26.1,3.0,🟢 Low risk
9297-FVVDH,57,Two year,DSL,84.5,3.0,🟢 Low risk
1265-HVPZB,59,One year,DSL,66.4,3.0,🟢 Low risk
6823-SIDFQ,28,One year,No,18.25,3.0,🟢 Low risk
6447-EGDIV,31,One year,No,20.95,3.0,🟢 Low risk
5917-RYRMG,32,One year,No,19.8,3.0,🟢 Low risk
1022-RKXDR,41,One year,No,24.85,3.0,🟢 Low risk
0853-TWRVK,72,Two year,Fiber optic,105.6,3.0,🟢 Low risk
9227-UAQFT,16,Two year,No,19.75,3.0,🟢 Low risk
3458-IDMFK,25,Two year,No,20.75,3.0,🟢 Low risk
2088-IEBAU,68,Two year,DSL,88.15,3.0,🟢 Low risk
2167-FQSTQ,72,Two year,DSL,92.4,3.0,🟢 Low risk
1498-NHTLT,59,Two year,DSL,86.75,3.0,🟢 Low risk
1776-SPBWV,34,One year,No,20.1,3.0,🟢 Low risk
0164-XAIRP,24,Two year,No,19.55,3.0,🟢 Low risk
7945-HLKEA,60,One year,DSL,64.75,3.0,🟢 Low risk
1960-UOTYM,52,Two year,DSL,79.2,3.0,🟢 Low risk
9251-WNSOD,67,One year,DSL,75.1,3.0,🟢 Low risk
3655-SNQYZ,69,Two year,Fiber optic,113.25,3.0,🟢 Low risk
6242-FEGFD,66,Two year,Fiber optic,96.6,3.0,🟢 Low risk
8221-HVAYI,35,Two year,DSL,69.15,2.9,🟢 Low risk
4615-PIVVU,42,Two year,DSL,66.5,2.9,🟢 Low risk
7670-ZBPOQ,58,One year,DSL,61.05,2.9,🟢 Low risk
1023-BQXZE,57,Two year,DSL,74.35,2.9,🟢 Low risk
2878-DHMIN,35,One year,No,19.9,2.9,🟢 Low risk
9236-NDUCW,21,Two year,DSL,35.1,2.9,🟢 Low risk
4178-EGMON,70,Two year,Fiber optic,88.0,2.9,🟢 Low risk
6339-RZCBJ,48,Two year,DSL,78.9,2.9,🟢 Low risk
7244-QWYHG,50,One year,DSL,44.45,2.9,🟢 Low risk
5914-GXMDA,32,One year,No,19.3,2.9,🟢 Low risk
9258-CNWAC,71,Two year,Fiber optic,113.65,2.9,🟢 Low risk
2773-MADBQ,36,Two year,DSL,53.1,2.9,🟢 Low risk
8207-DMRVL,72,Two year,Fiber optic,114.55,2.9,🟢 Low risk
7305-ZWMAJ,30,One year,No,20.7,2.9,🟢 Low risk
5442-PPTJY,12,Two year,No,19.7,2.9,🟢 Low risk
8999-YPYBV,45,Two year,DSL,84.35,2.9,🟢 Low risk
8106-GWQOK,38,Two year,DSL,60.0,2.9,🟢 Low risk
3525-DVKFN,17,Two year,No,19.4,2.9,🟢 Low risk
5322-TEUJK,71,Two year,Fiber optic,114.6,2.9,🟢 Low risk
0219-QAERP,30,One year,No,19.8,2.9,🟢 Low risk
3133-PZNSR,72,Two year,Fiber optic,97.75,2.8,🟢 Low risk
8292-FRFZQ,39,One year,DSL,41.15,2.8,🟢 Low risk
2430-RRYUW,66,One year,DSL,54.8,2.8,🟢 Low risk
4393-GEADV,70,Two year,Fiber optic,114.75,2.8,🟢 Low risk
0756-MPZRL,46,One year,DSL,33.7,2.8,🟢 Low risk
3721-WKIIL,27,Two year,No,19.6,2.8,🟢 Low risk
0854-UYHZD,13,Two year,No,19.55,2.8,🟢 Low risk
8311-UEUAB,67,Two year,DSL,75.5,2.8,🟢 Low risk
2516-XSJKX,41,Two year,DSL,78.45,2.8,🟢 Low risk
9470-YFUYI,71,One year,DSL,71.0,2.8,🟢 Low risk
7173-TETGO,72,Two year,Fiber optic,78.5,2.8,🟢 Low risk
3266-FTKHB,17,Two year,No,19.15,2.8,🟢 Low risk
3489-VSFRD,56,One year,DSL,60.25,2.8,🟢 Low risk
6828-HMKWP,12,Two year,No,21.05,2.8,🟢 Low risk
2632-IVXVF,68,Two year,Fiber optic,111.75,2.8,🟢 Low risk
9906-NHHVC,65,Two year,DSL,53.5,2.8,🟢 Low risk
6223-DHJGV,42,One year,No,20.65,2.8,🟢 Low risk
6437-UDQJM,72,Two year,DSL,84.1,2.8,🟢 Low risk
3720-DBRWL,51,Two year,DSL,83.85,2.8,🟢 Low risk
2040-XBAVJ,72,Two year,Fiber optic,114.45,2.8,🟢 Low risk
8510-BBWMU,41,One year,No,19.75,2.8,🟢 Low risk
5394-MEITZ,60,Two year,DSL,80.6,2.8,🟢 Low risk
9548-ZMVTX,72,Two year,Fiber optic,90.45,2.8,🟢 Low risk
6161-ERDGD,71,One year,DSL,85.45,2.8,🟢 Low risk
9309-BZGNT,69,One year,DSL,29.8,2.8,🟢 Low risk
0064-SUDOG,12,Two year,No,20.3,2.8,🟢 Low risk
4114-QMKVN,56,One year,DSL,68.75,2.8,🟢 Low risk
2091-GPPIQ,72,Two year,DSL,78.95,2.8,🟢 Low risk
2541-YGPKE,42,One year,DSL,63.7,2.8,🟢 Low risk
1843-TLSGD,13,Two year,No,20.85,2.8,🟢 Low risk
0810-DHDBD,52,One year,DSL,74.0,2.8,🟢 Low risk
2819-GWENI,28,One year,No,19.9,2.8,🟢 Low risk
5158-RIVOP,11,Two year,No,20.9,2.8,🟢 Low risk
5871-DGTXZ,32,One year,No,19.8,2.8,🟢 Low risk
0078-XZMHT,72,Two year,DSL,85.15,2.8,🟢 Low risk
1328-EUZHC,18,Two year,No,20.1,2.8,🟢 Low risk
5197-YPYBZ,12,Two year,No,25.25,2.8,🟢 Low risk
1839-UMACK,42,One year,No,25.05,2.8,🟢 Low risk
4750-UKWJK,37,One year,No,19.6,2.8,🟢 Low risk
4568-KNYWR,52,Two year,DSL,63.25,2.7,🟢 Low risk
5696-JVVQY,48,Two year,DSL,70.1,2.7,🟢 Low risk
4573-JKNAE,12,Two year,No,19.35,2.7,🟢 Low risk
2277-AXSDC,32,One year,No,19.75,2.7,🟢 Low risk
8717-VCTXJ,42,One year,No,19.55,2.7,🟢 Low risk
8932-CZHRQ,68,One year,DSL,76.75,2.7,🟢 Low risk
7469-LKBCI,16,Two year,No,18.95,2.7,🟢 Low risk
7973-DZRKH,66,Two year,Fiber optic,90.95,2.7,🟢 Low risk
2126-GSEGL,70,Two year,DSL,84.8,2.7,🟢 Low risk
7025-WCBNE,47,Two year,DSL,59.6,2.7,🟢 Low risk
9867-XOBQA,21,Two year,DSL,53.15,2.7,🟢 Low risk
1897-RCFUM,39,One year,No,24.2,2.7,🟢 Low risk
8143-ETQTI,23,Two year,No,19.65,2.7,🟢 Low risk
5318-YKDPV,43,Two year,DSL,79.15,2.7,🟢 Low risk
2612-PHGOX,64,Two year,DSL,76.1,2.7,🟢 Low risk
5918-VUKWP,32,One year,No,20.55,2.7,🟢 Low risk
3230-IUALN,45,Two year,DSL,81.0,2.7,🟢 Low risk
8398-TBIYD,72,Two year,Fiber optic,84.7,2.7,🟢 Low risk
9150-HEPMB,56,One year,DSL,52.7,2.7,🟢 Low risk
8782-NUUOL,60,One year,DSL,79.0,2.7,🟢 Low risk
2521-NPUZR,70,Two year,Fiber optic,101.0,2.7,🟢 Low risk
2193-SFWQW,72,Two year,Fiber optic,111.95,2.7,🟢 Low risk
7054-DMVAS,54,Two year,DSL,65.3,2.7,🟢 Low risk
7473-ZBDSN,14,Two year,No,18.8,2.7,🟢 Low risk
4032-RMHCI,41,One year,DSL,35.4,2.7,🟢 Low risk
4115-UMJFQ,69,One year,DSL,35.75,2.7,🟢 Low risk
5627-TVBPP,35,One year,No,20.1,2.7,🟢 Low risk
6418-HNFED,51,Two year,DSL,83.25,2.7,🟢 Low risk
9919-FZDED,72,Two year,DSL,84.1,2.7,🟢 Low risk
9359-UGBTK,67,One year,DSL,72.35,2.7,🟢 Low risk
3865-ZFZIB,19,Two year,No,19.65,2.6,🟢 Low risk
5055-BRMNE,67,Two year,Fiber optic,106.7,2.6,🟢 Low risk
1982-FEBTD,23,Two year,No,25.6,2.6,🟢 Low risk
3649-JPUGY,72,Two year,DSL,88.6,2.6,🟢 Low risk
0945-TSONX,47,Two year,DSL,85.3,2.6,🟢 Low risk
9178-JHUVJ,24,Two year,No,24.1,2.6,🟢 Low risk
3740-RLMVT,67,One year,DSL,60.95,2.6,🟢 Low risk
6013-BHCAW,61,Two year,DSL,81.0,2.6,🟢 Low risk
7596-IIWYC,27,Two year,No,20.25,2.6,🟢 Low risk
5849-ASHZJ,27,One year,No,20.05,2.6,🟢 Low risk
1051-EQPZR,44,Month-to-month,No,19.6,2.6,🟢 Low risk
3506-OVLKD,35,One year,No,26.2,2.6,🟢 Low risk
1089-XZWHH,24,Two year,No,19.7,2.6,🟢 Low risk
5788-YPOEG,34,Two year,DSL,84.75,2.6,🟢 Low risk
1936-CZAKF,49,Two year,DSL,49.65,2.6,🟢 Low risk
2890-WFBHU,59,One year,DSL,79.85,2.6,🟢 Low risk
5696-EXCYS,17,Two year,No,19.45,2.6,🟢 Low risk
8512-WIWYV,32,One year,No,20.35,2.6,🟢 Low risk
6631-HMANX,72,Two year,DSL,85.45,2.6,🟢 Low risk
5387-ASZNZ,66,One year,DSL,63.85,2.6,🟢 Low risk
2599-CIPQE,71,Two year,Fiber optic,109.3,2.6,🟢 Low risk
6901-GOGZG,60,Two year,DSL,84.95,2.6,🟢 Low risk
5127-BZENZ,56,One year,DSL,65.2,2.6,🟢 Low risk
0559-CKHUS,29,Two year,No,19.55,2.6,🟢 Low risk
5684-FJVYR,72,Two year,Fiber optic,90.35,2.6,🟢 Low risk
9253-VIFJQ,65,One year,DSL,67.05,2.5,🟢 Low risk
1293-HHSHJ,35,One year,No,21.1,2.5,🟢 Low risk
5148-HKFIR,20,Two year,No,19.7,2.5,🟢 Low risk
8466-PZBLH,67,Two year,Fiber optic,104.6,2.5,🟢 Low risk
1122-YJBCS,69,One year,DSL,53.65,2.5,🟢 Low risk
5762-TJXGK,52,Two year,DSL,58.75,2.5,🟢 Low risk
6754-WKSHP,30,One year,No,25.35,2.5,🟢 Low risk
0707-HOVVN,70,Two year,DSL,75.5,2.5,🟢 Low risk
9509-MPYOD,35,One year,No,20.75,2.5,🟢 Low risk
0121-SNYRK,50,One year,DSL,35.4,2.5,🟢 Low risk
0604-THJFP,59,Two year,DSL,75.95,2.5,🟢 Low risk
2845-KDHVX,64,Two year,DSL,68.3,2.5,🟢 Low risk
4962-CHQPW,29,One year,No,19.85,2.5,🟢 Low risk
0916-KNFAJ,61,Two year,DSL,69.9,2.5,🟢 Low risk
9926-PJHDQ,72,Two year,DSL,76.8,2.5,🟢 Low risk
4950-HKQTE,22,Two year,No,26.25,2.5,🟢 Low risk
3181-VTHOE,70,One year,DSL,51.05,2.5,🟢 Low risk
5197-LQXXH,71,Two year,DSL,83.3,2.5,🟢 Low risk
2333-KWEWW,18,Two year,No,20.05,2.5,🟢 Low risk
1813-JYWTO,72,Two year,Fiber optic,80.45,2.5,🟢 Low risk
7639-LIAYI,52,Two year,DSL,79.75,2.5,🟢 Low risk
6094-ZIVKX,68,One year,DSL,54.45,2.5,🟢 Low risk
4751-ERMAN,72,Two year,DSL,75.4,2.5,🟢 Low risk
0023-UYUPN,50,One year,No,25.2,2.5,🟢 Low risk
4056-QHXHZ,72,Two year,Fiber optic,107.45,2.5,🟢 Low risk
2266-FUBDZ,15,Two year,No,19.35,2.5,🟢 Low risk
2351-BKRZW,43,Two year,DSL,75.2,2.5,🟢 Low risk
6681-ZSEXG,56,Two year,DSL,59.5,2.5,🟢 Low risk
2580-ASVVY,37,Two year,DSL,45.4,2.5,🟢 Low risk
6872-HXFNF,64,One year,DSL,58.35,2.4,🟢 Low risk
3812-LRZIR,27,Two year,No,24.5,2.4,🟢 Low risk
5245-VDBUR,52,One year,DSL,35.45,2.4,🟢 Low risk
2498-XLDZR,32,Two year,DSL,73.6,2.4,🟢 Low risk
0513-RBGPE,37,Two year,DSL,62.8,2.4,🟢 Low risk
5702-KVQRD,71,Two year,DSL,82.55,2.4,🟢 Low risk
4703-MQYKT,21,Two year,No,19.6,2.4,🟢 Low risk
0412-UCCNP,55,Two year,DSL,59.2,2.4,🟢 Low risk
1090-ESELR,72,Two year,Fiber optic,105.5,2.4,🟢 Low risk
4163-NCJAK,46,One year,No,24.45,2.4,🟢 Low risk
3474-BAFSJ,57,Two year,DSL,57.5,2.4,🟢 Low risk
6898-RBTLU,49,Two year,DSL,79.3,2.4,🟢 Low risk
7633-MVPUY,57,Two year,DSL,59.75,2.4,🟢 Low risk
2040-LDIWQ,65,Two year,DSL,84.2,2.4,🟢 Low risk
6696-YDAYZ,16,Two year,No,20.5,2.4,🟢 Low risk
9479-HYNYL,71,Two year,DSL,80.7,2.4,🟢 Low risk
9945-PSVIP,25,Two year,No,18.7,2.4,🟢 Low risk
2000-DHJUY,70,Two year,DSL,92.2,2.4,🟢 Low risk
6518-KZXCB,22,Two year,No,25.25,2.4,🟢 Low risk
1699-TLDLZ,16,Two year,No,19.7,2.4,🟢 Low risk
1534-OULXE,61,One year,DSL,49.7,2.4,🟢 Low risk
7153-CHRBV,57,One year,DSL,59.3,2.4,🟢 Low risk
8821-KVZKQ,70,One year,DSL,58.4,2.4,🟢 Low risk
6023-GSSXW,69,Two year,DSL,61.45,2.4,🟢 Low risk
7061-OVMIM,30,One year,No,19.55,2.4,🟢 Low risk
8067-NIOYM,24,Two year,No,21.1,2.4,🟢 Low risk
7138-GIRSH,50,Two year,DSL,69.5,2.4,🟢 Low risk
9194-GFVOI,42,Two year,DSL,84.35,2.4,🟢 Low risk
3161-ONRWK,60,One year,DSL,65.85,2.4,🟢 Low risk
9824-QCJPK,36,One year,No,20.0,2.4,🟢 Low risk
0654-PQKDW,62,One year,DSL,70.75,2.4,🟢 Low risk
3547-LQRIK,47,One year,No,26.9,2.4,🟢 Low risk
8571-ZCMCX,47,Two year,DSL,60.0,2.4,🟢 Low risk
8884-FEEWR,35,One year,No,20.6,2.4,🟢 Low risk
8144-DGHXP,54,Two year,DSL,80.6,2.4,🟢 Low risk
1265-BCFEO,71,Two year,DSL,80.45,2.4,🟢 Low risk
8265-HKSOW,72,Two year,Fiber optic,107.45,2.4,🟢 Low risk
2753-JMMCV,65,Two year,DSL,74.2,2.4,🟢 Low risk
0234-TEVTT,48,One year,DSL,45.0,2.4,🟢 Low risk
5199-FPUSP,33,One year,DSL,34.05,2.4,🟢 Low risk
7779-ORAEL,45,Two year,DSL,75.15,2.4,🟢 Low risk
4664-NJCMS,33,Two year,DSL,59.55,2.4,🟢 Low risk
1929-ZCBHE,47,One year,DSL,40.3,2.4,🟢 Low risk
5129-HHMZC,43,Two year,DSL,86.45,2.4,🟢 Low risk
7781-EWARA,70,One year,DSL,60.35,2.4,🟢 Low risk
2683-JXWQQ,61,Month-to-month,DSL,33.6,2.4,🟢 Low risk
3654-ARMGP,61,Two year,DSL,88.65,2.4,🟢 Low risk
7711-YIJWC,61,One year,DSL,84.9,2.3,🟢 Low risk
7501-IWUNG,61,Two year,DSL,73.8,2.3,🟢 Low risk
2725-IWWBA,46,One year,DSL,56.9,2.3,🟢 Low risk
4547-FZJWE,55,One year,DSL,59.45,2.3,🟢 Low risk
6504-VBLFL,55,Two year,DSL,58.6,2.3,🟢 Low risk
2123-VSCOT,59,Two year,DSL,72.1,2.3,🟢 Low risk
3638-WEABW,58,Two year,DSL,59.9,2.3,🟢 Low risk
6048-NJXHX,41,Two year,No,19.75,2.3,🟢 Low risk
2252-NKNSI,52,Two year,DSL,85.15,2.3,🟢 Low risk
2302-OUZXB,72,Two year,DSL,82.15,2.3,🟢 Low risk
7338-ERIVA,39,One year,DSL,45.05,2.3,🟢 Low risk
5130-YPIRV,62,Two year,DSL,72.0,2.3,🟢 Low risk
8766-PAFNE,71,Two year,DSL,79.1,2.3,🟢 Low risk
7503-MIOGA,72,Two year,DSL,89.85,2.3,🟢 Low risk
1525-LNLOJ,66,Two year,DSL,63.3,2.3,🟢 Low risk
3486-NPGST,36,One year,No,19.55,2.3,🟢 Low risk
1088-CNNKB,63,One year,DSL,80.0,2.3,🟢 Low risk
3401-URHDA,51,One year,DSL,59.9,2.3,🟢 Low risk
3891-NLXJB,37,Two year,DSL,40.55,2.3,🟢 Low risk
1092-WPIVQ,18,Two year,No,25.1,2.3,🟢 Low risk
4381-MHQDC,47,Two year,DSL,65.0,2.3,🟢 Low risk
6772-WFQRD,40,One year,No,20.4,2.3,🟢 Low risk
5668-MEISB,72,Two year,Fiber optic,106.1,2.3,🟢 Low risk
8672-OAUPW,51,One year,DSL,47.85,2.3,🟢 Low risk
3129-AAQOU,19,Two year,No,25.6,2.3,🟢 Low risk
5862-BRIXZ,46,Two year,DSL,60.75,2.3,🟢 Low risk
4980-URKXC,36,One year,No,20.85,2.3,🟢 Low risk
2863-IMQDR,61,Two year,DSL,89.65,2.3,🟢 Low risk
4342-HFXWS,48,One year,DSL,69.7,2.3,🟢 Low risk
1403-LKLIK,33,One year,No,20.1,2.2,🟢 Low risk
0757-WCUUZ,54,Two year,DSL,63.35,2.2,🟢 Low risk
4111-BNXIF,67,Two year,DSL,59.55,2.2,🟢 Low risk
6120-RJKLU,62,Two year,DSL,79.95,2.2,🟢 Low risk
4293-ETKAP,65,Two year,DSL,79.4,2.2,🟢 Low risk
8277-RVRSV,33,One year,No,24.15,2.2,🟢 Low risk
5498-IBWPI,66,One year,DSL,49.4,2.2,🟢 Low risk
9385-NXKDA,72,Two year,DSL,82.65,2.2,🟢 Low risk
2892-GESUL,18,Two year,No,19.35,2.2,🟢 Low risk
8050-DVOJX,49,Two year,DSL,81.35,2.2,🟢 Low risk
8060-HIWJJ,64,Two year,DSL,86.55,2.2,🟢 Low risk
5321-NTRKC,66,Two year,DSL,79.85,2.2,🟢 Low risk
9958-MEKUC,72,Two year,Fiber optic,103.95,2.2,🟢 Low risk
0902-RFHOF,38,One year,No,20.1,2.2,🟢 Low risk
2335-GSODA,23,Two year,DSL,40.1,2.2,🟢 Low risk
6229-UOLQL,56,One year,DSL,52.0,2.2,🟢 Low risk
5859-HZYLF,26,Two year,No,19.15,2.2,🟢 Low risk
8390-FESFV,62,Two year,DSL,84.5,2.2,🟢 Low risk
8999-EXMNO,19,Two year,No,20.15,2.2,🟢 Low risk
6963-EZQEE,70,Two year,DSL,88.55,2.2,🟢 Low risk
1930-QPBVZ,68,Two year,Fiber optic,95.1,2.2,🟢 Low risk
7190-XHTWJ,38,One year,No,19.3,2.2,🟢 Low risk
9717-IOAAF,27,Two year,No,25.85,2.2,🟢 Low risk
6563-VRERX,33,One year,No,20.6,2.2,🟢 Low risk
8174-TBVCF,70,Two year,DSL,94.8,2.2,🟢 Low risk
9548-LERKT,24,Two year,No,19.75,2.2,🟢 Low risk
4804-NCPET,19,Two year,No,20.2,2.2,🟢 Low risk
0731-EBJQB,52,One year,No,20.4,2.1,🟢 Low risk
7795-CFOCW,45,One year,DSL,42.3,2.1,🟢 Low risk
9028-LIHRP,71,Two year,Fiber optic,100.2,2.1,🟢 Low risk
1755-FZQEC,39,One year,No,19.9,2.1,🟢 Low risk
5256-SKJGO,64,Two year,DSL,54.6,2.1,🟢 Low risk
4549-ZDQYY,52,One year,DSL,57.95,2.1,🟢 Low risk
5924-SNGKP,41,One year,No,20.25,2.1,🟢 Low risk
1395-WSWXR,24,Two year,No,20.75,2.1,🟢 Low risk
7349-ALMUX,37,Two year,DSL,65.6,2.1,🟢 Low risk
4560-WQAQW,59,One year,DSL,68.7,2.1,🟢 Low risk
6516-NKQBO,38,Two year,DSL,81.0,2.1,🟢 Low risk
6258-PVZWJ,68,Two year,DSL,90.8,2.1,🟢 Low risk
0771-CHWSK,66,Two year,DSL,74.6,2.1,🟢 Low risk
9548-LIGTA,61,Two year,DSL,81.05,2.1,🟢 Low risk
6609-MXJHJ,30,Two year,No,25.1,2.1,🟢 Low risk
6732-VAILE,70,Two year,DSL,85.95,2.1,🟢 Low risk
9885-MFVSU,35,Two year,DSL,46.35,2.1,🟢 Low risk
7328-OWMOM,31,One year,No,20.1,2.1,🟢 Low risk
0254-WWRKD,67,One year,DSL,50.55,2.1,🟢 Low risk
9746-YKGXB,52,One year,DSL,44.25,2.1,🟢 Low risk
3653-NCRDJ,43,One year,No,19.2,2.1,🟢 Low risk
1635-HDGFT,19,Two year,No,20.5,2.1,🟢 Low risk
5792-JALQC,52,Two year,DSL,59.85,2.1,🟢 Low risk
3249-VHRIP,62,Two year,DSL,43.6,2.1,🟢 Low risk
8606-OEGQZ,18,Two year,No,25.3,2.1,🟢 Low risk
9541-ZPSEA,68,Two year,Fiber optic,80.35,2.1,🟢 Low risk
1699-UOTXU,60,Two year,DSL,61.4,2.1,🟢 Low risk
3298-QEICA,23,Two year,DSL,34.6,2.1,🟢 Low risk
0301-KOBTQ,32,Two year,No,20.05,2.1,🟢 Low risk
8327-WKMIE,37,One year,No,20.15,2.1,🟢 Low risk
2606-PKWJB,40,One year,DSL,40.25,2.1,🟢 Low risk
5380-XPJNZ,38,One year,No,20.05,2.1,🟢 Low risk
3378-AJRAO,44,One year,No,24.85,2.1,🟢 Low risk
1830-GGFNM,65,Two year,Fiber optic,94.55,2.1,🟢 Low risk
2404-JIBFC,55,Two year,DSL,85.1,2.1,🟢 Low risk
0440-EKDCF,62,Two year,DSL,60.15,2.1,🟢 Low risk
8645-KOMJQ,69,Two year,DSL,81.95,2.1,🟢 Low risk
8345-MVDYC,45,Two year,DSL,81.65,2.1,🟢 Low risk
1223-UNPKS,20,Two year,No,20.05,2.1,🟢 Low risk
2990-OGYTD,67,Two year,DSL,86.15,2.1,🟢 Low risk
0804-YGEQV,43,One year,No,24.45,2.1,🟢 Low risk
6234-RAAPL,72,Two year,Fiber optic,99.9,2.1,🟢 Low risk
9795-NREXC,64,Two year,DSL,85.0,2.0,🟢 Low risk
0909-SELIE,61,Two year,DSL,80.8,2.0,🟢 Low risk
8008-OTEZX,35,One year,No,19.65,2.0,🟢 Low risk
0602-DDUML,57,Two year,DSL,69.75,2.0,🟢 Low risk
7771-CFQRQ,47,Two year,DSL,63.8,2.0,🟢 Low risk
4006-HKYHO,63,Two year,DSL,86.7,2.0,🟢 Low risk
8414-OOEEL,66,Two year,DSL,79.5,2.0,🟢 Low risk
9830-ECLEN,58,One year,DSL,50.0,2.0,🟢 Low risk
1934-MKPXS,33,One year,No,20.1,2.0,🟢 Low risk
5816-JMLGY,70,Two year,DSL,80.4,2.0,🟢 Low risk
5170-PTRKA,49,One year,DSL,35.8,2.0,🟢 Low risk
7284-ZZLOH,45,Two year,DSL,53.3,2.0,🟢 Low risk
3887-PBQAO,45,One year,No,25.9,2.0,🟢 Low risk
9560-BBZXK,36,Two year,DSL,31.05,2.0,🟢 Low risk
2192-OZITF,45,Two year,DSL,73.55,2.0,🟢 Low risk
1265-ZFOSD,64,Two year,DSL,81.3,2.0,🟢 Low risk
6332-FBZRI,67,One year,DSL,69.35,2.0,🟢 Low risk
8232-CTLKO,66,Two year,DSL,59.75,2.0,🟢 Low risk
3908-MKIMJ,68,Two year,DSL,41.95,2.0,🟢 Low risk
5512-IDZEI,46,One year,No,24.9,2.0,🟢 Low risk
1757-TCATG,35,One year,No,20.05,2.0,🟢 Low risk
1177-XZBJL,53,One year,DSL,64.15,2.0,🟢 Low risk
4737-HOBAX,63,Two year,DSL,79.8,2.0,🟢 Low risk
1535-VTJOQ,24,Two year,No,25.15,2.0,🟢 Low risk
9950-MTGYX,28,Two year,No,20.3,2.0,🟢 Low risk
2977-CEBSX,66,Two year,DSL,90.05,2.0,🟢 Low risk
6122-EFVKN,24,Two year,DSL,35.75,2.0,🟢 Low risk
4584-LBNMK,45,One year,No,24.7,2.0,🟢 Low risk
3978-YNKDD,19,Two year,No,20.85,2.0,🟢 Low risk
1897-OKVMW,64,Two year,DSL,90.6,1.9,🟢 Low risk
7815-PDTHL,35,Two year,No,20.2,1.9,🟢 Low risk
8745-PVESG,57,One year,DSL,41.1,1.9,🟢 Low risk
4295-YURET,56,Two year,DSL,72.6,1.9,🟢 Low risk
3280-NMUVX,34,One year,No,19.6,1.9,🟢 Low risk
7977-HXJKU,21,Two year,No,19.6,1.9,🟢 Low risk
0420-TXVSG,66,Two year,DSL,66.1,1.9,🟢 Low risk
7508-DQAKK,64,Two year,DSL,86.4,1.9,🟢 Low risk
2812-REYAT,49,One year,No,20.05,1.9,🟢 Low risk
4188-PCPIG,57,Two year,DSL,70.35,1.9,🟢 Low risk
0129-QMPDR,44,One year,No,20.5,1.9,🟢 Low risk
7876-AEHIG,51,One year,DSL,60.15,1.9,🟢 Low risk
6916-HIJSE,65,Two year,DSL,84.85,1.9,🟢 Low risk
9871-ELEYA,34,Two year,DSL,67.65,1.9,🟢 Low risk
6169-PGNCD,57,Two year,DSL,74.3,1.9,🟢 Low risk
0436-TWFFZ,67,Two year,DSL,85.25,1.9,🟢 Low risk
0455-ENTCR,66,Two year,DSL,85.25,1.9,🟢 Low risk
5485-ITNPC,66,Two year,DSL,85.9,1.9,🟢 Low risk
3557-HTYWR,47,Two year,DSL,74.05,1.9,🟢 Low risk
8165-CBKXO,66,Two year,DSL,56.75,1.9,🟢 Low risk
1414-YADCW,70,Two year,Fiber optic,84.6,1.9,🟢 Low risk
0556-FJEGU,58,Two year,DSL,70.1,1.9,🟢 Low risk
3308-JSGML,59,Two year,DSL,64.05,1.9,🟢 Low risk
8469-SNFFH,70,One year,DSL,79.4,1.9,🟢 Low risk
1227-UDMZR,72,Two year,DSL,91.15,1.9,🟢 Low risk
7564-GHCVB,72,Two year,Fiber optic,79.05,1.9,🟢 Low risk
2808-CHTDM,23,Two year,No,25.1,1.9,🟢 Low risk
0016-QLJIS,65,Two year,DSL,90.45,1.9,🟢 Low risk
9778-OGKQZ,72,Two year,DSL,92.0,1.9,🟢 Low risk
6685-GBWJZ,63,One year,DSL,70.8,1.9,🟢 Low risk
7018-FPXHH,56,Two year,DSL,59.8,1.9,🟢 Low risk
9102-OXKFY,59,Two year,DSL,54.15,1.9,🟢 Low risk
3389-KTRXV,23,Two year,No,23.85,1.9,🟢 Low risk
9135-MGVPY,69,Two year,DSL,84.7,1.9,🟢 Low risk
4893-GYUJU,50,One year,No,19.35,1.9,🟢 Low risk
9297-EONCV,72,Two year,DSL,91.35,1.9,🟢 Low risk
1335-MXCSE,55,Two year,DSL,55.25,1.9,🟢 Low risk
4782-OSFXZ,71,Two year,DSL,82.7,1.9,🟢 Low risk
2400-XIWIO,71,Two year,DSL,90.1,1.9,🟢 Low risk
5313-FPXWG,51,One year,No,24.6,1.9,🟢 Low risk
0191-EQUUH,25,Two year,DSL,35.05,1.8,🟢 Low risk
1972-XMUWV,65,Two year,DSL,59.8,1.8,🟢 Low risk
9565-FLVCG,65,Two year,DSL,69.55,1.8,🟢 Low risk
4891-NLUBA,61,Two year,DSL,61.45,1.8,🟢 Low risk
4883-KCPZJ,22,Two year,No,25.25,1.8,🟢 Low risk
9968-FFVVH,63,One year,DSL,68.8,1.8,🟢 Low risk
3108-PCCGG,72,Two year,DSL,84.45,1.8,🟢 Low risk
1187-WILMM,63,Two year,DSL,89.4,1.8,🟢 Low risk
5751-USDBL,46,Two year,DSL,81.0,1.8,🟢 Low risk
9675-ICXCT,72,Two year,DSL,80.8,1.8,🟢 Low risk
2580-ATZSQ,65,One year,DSL,61.35,1.8,🟢 Low risk
3460-TJBWI,24,Two year,No,24.2,1.8,🟢 Low risk
4632-XJMEX,53,One year,DSL,62.85,1.8,🟢 Low risk
6923-AQONU,23,Two year,No,20.9,1.8,🟢 Low risk
1971-DTCZB,72,Two year,DSL,90.95,1.8,🟢 Low risk
0263-FJTQO,50,Two year,DSL,70.5,1.8,🟢 Low risk
6810-VCAEX,47,One year,DSL,39.65,1.8,🟢 Low risk
7552-KEYGT,27,Two year,No,19.55,1.8,🟢 Low risk
7609-YBPXG,54,Two year,DSL,87.1,1.8,🟢 Low risk
5707-ZMDJP,53,Two year,DSL,69.7,1.8,🟢 Low risk
3896-ZVNET,24,Two year,No,24.7,1.8,🟢 Low risk
2805-AUFQN,25,Two year,No,19.8,1.8,🟢 Low risk
9339-FIIJL,72,Two year,DSL,85.95,1.8,🟢 Low risk
6741-QRLUP,63,Two year,DSL,80.3,1.8,🟢 Low risk
5181-OABFK,56,Two year,DSL,61.3,1.8,🟢 Low risk
6177-PEVRA,48,Two year,DSL,55.5,1.8,🟢 Low risk
9880-TDQAC,72,Two year,DSL,60.0,1.8,🟢 Low risk
5110-CHOPY,60,Two year,DSL,53.6,1.8,🟢 Low risk
8590-OHDIW,38,One year,No,20.3,1.8,🟢 Low risk
6374-AFWOX,46,Two year,DSL,65.65,1.8,🟢 Low risk
9447-YPTBX,50,One year,No,19.85,1.8,🟢 Low risk
4163-HFTUK,51,One year,No,19.1,1.8,🟢 Low risk
6388-TABGU,62,One year,DSL,56.15,1.8,🟢 Low risk
7301-ABVAD,72,Two year,DSL,86.6,1.8,🟢 Low risk
5248-RPYWW,72,Two year,DSL,90.15,1.8,🟢 Low risk
2256-YLYLP,68,Two year,DSL,72.95,1.8,🟢 Low risk
3544-FBCAS,72,Two year,DSL,83.6,1.8,🟢 Low risk
4335-UPJSI,24,Two year,No,19.75,1.7,🟢 Low risk
9805-FILKB,46,One year,No,20.2,1.7,🟢 Low risk
5795-BKOYE,69,One year,DSL,59.1,1.7,🟢 Low risk
4671-VJLCL,63,Two year,DSL,79.85,1.7,🟢 Low risk
5993-JSUWV,66,Two year,DSL,61.15,1.7,🟢 Low risk
1568-LJSZU,68,Two year,DSL,92.2,1.7,🟢 Low risk
3950-VPYJB,57,One year,DSL,59.6,1.7,🟢 Low risk
1627-AFWVJ,29,Two year,No,19.4,1.7,🟢 Low risk
2987-BJXIK,70,Two year,DSL,84.7,1.7,🟢 Low risk
5997-OPVFA,72,Two year,DSL,89.05,1.7,🟢 Low risk
9073-ZZIAY,62,Two year,DSL,86.1,1.7,🟢 Low risk
7267-FRMJW,25,Two year,No,20.1,1.7,🟢 Low risk
0057-QBUQH,43,Two year,No,25.1,1.7,🟢 Low risk
5171-EPLKN,27,Two year,No,19.85,1.7,🟢 Low risk
3796-ENZGF,63,Two year,DSL,67.25,1.7,🟢 Low risk
4526-EXKKN,40,Two year,No,24.6,1.7,🟢 Low risk
9435-JMLSX,71,Two year,DSL,86.1,1.7,🟢 Low risk
8295-KMENE,59,Two year,DSL,76.45,1.7,🟢 Low risk
5583-EJXRD,44,Two year,DSL,54.05,1.7,🟢 Low risk
8200-LGKSR,71,Two year,DSL,83.2,1.7,🟢 Low risk
6701-YVNQG,72,Two year,DSL,88.7,1.7,🟢 Low risk
1686-STUHN,42,One year,No,19.8,1.7,🟢 Low risk
0969-RGKCU,37,One year,No,19.8,1.7,🟢 Low risk
5248-YGIJN,72,Two year,DSL,90.25,1.7,🟢 Low risk
2405-LBMUW,61,One year,DSL,50.7,1.7,🟢 Low risk
7579-KKLOE,71,Two year,DSL,91.25,1.7,🟢 Low risk
5996-EBTKM,67,Two year,DSL,69.9,1.7,🟢 Low risk
7233-PAHHL,66,Two year,DSL,84.0,1.7,🟢 Low risk
8173-RXAYP,24,Two year,No,19.7,1.7,🟢 Low risk
9477-LGWQI,70,Two year,DSL,80.15,1.7,🟢 Low risk
4859-ZSRDZ,58,Two year,DSL,55.5,1.7,🟢 Low risk
9798-OPFEM,46,Two year,No,21.1,1.7,🟢 Low risk
5148-ORICT,64,Two year,DSL,74.35,1.7,🟢 Low risk
3398-GCPMU,72,Two year,DSL,89.55,1.7,🟢 Low risk
1088-AUUZZ,56,Two year,DSL,75.85,1.7,🟢 Low risk
3070-FNFZQ,23,Two year,No,20.4,1.7,🟢 Low risk
5177-RVZNU,37,One year,No,20.3,1.7,🟢 Low risk
7110-BDTWG,71,Two year,DSL,47.05,1.7,🟢 Low risk
8050-XGRVL,62,One year,DSL,54.75,1.7,🟢 Low risk
6522-OIQSX,69,Two year,DSL,54.95,1.7,🟢 Low risk
2346-CZYIL,27,Two year,No,20.35,1.7,🟢 Low risk
5003-XZWWO,71,Two year,DSL,84.2,1.7,🟢 Low risk
9140-CZQZZ,68,Two year,DSL,79.6,1.7,🟢 Low risk
2581-VKIRT,59,One year,DSL,65.5,1.7,🟢 Low risk
5980-BDHPY,72,Two year,DSL,87.1,1.7,🟢 Low risk
7452-FOLON,39,One year,No,25.45,1.7,🟢 Low risk
4774-HHGGS,30,Two year,No,19.05,1.7,🟢 Low risk
3957-HHLMR,70,One year,DSL,65.2,1.7,🟢 Low risk
1172-VIYBP,53,Two year,DSL,69.7,1.7,🟢 Low risk
0383-CLDDA,69,Two year,DSL,85.35,1.7,🟢 Low risk
7297-DVYGA,51,One year,No,19.85,1.7,🟢 Low risk
0827-ITJPH,36,Two year,No,18.55,1.7,🟢 Low risk
4973-MGTON,71,Two year,DSL,84.4,1.6,🟢 Low risk
6369-MCAKO,68,Two year,DSL,89.05,1.6,🟢 Low risk
4487-ZYJZK,38,One year,No,19.6,1.6,🟢 Low risk
9385-EHGDO,35,Two year,No,19.85,1.6,🟢 Low risk
5338-YHWYT,37,Two year,DSL,61.45,1.6,🟢 Low risk
5986-WWXDV,39,One year,No,19.35,1.6,🟢 Low risk
0071-NDAFP,25,Two year,No,25.5,1.6,🟢 Low risk
5329-KRDTM,72,Two year,DSL,77.35,1.6,🟢 Low risk
6546-OPBBH,51,One year,No,23.95,1.6,🟢 Low risk
5622-UEJFI,35,Two year,No,25.4,1.6,🟢 Low risk
8218-FFJDS,72,Two year,DSL,86.4,1.6,🟢 Low risk
0354-VXMJC,23,Two year,No,19.6,1.6,🟢 Low risk
0788-DXBFY,58,One year,No,19.55,1.6,🟢 Low risk
4884-LEVMQ,39,Two year,No,20.45,1.6,🟢 Low risk
2661-GKBTK,60,Two year,DSL,76.95,1.6,🟢 Low risk
4849-PYRLQ,56,Two year,DSL,73.25,1.6,🟢 Low risk
2192-CKRLV,72,Two year,DSL,49.2,1.6,🟢 Low risk
1084-MNSMJ,51,Two year,DSL,85.5,1.6,🟢 Low risk
4702-HDRKD,67,One year,DSL,49.35,1.6,🟢 Low risk
0459-SPZHJ,63,Two year,DSL,83.5,1.6,🟢 Low risk
8184-WMOFI,62,One year,DSL,71.4,1.6,🟢 Low risk
8125-QPFJD,72,Two year,DSL,84.9,1.6,🟢 Low risk
7029-IJEJK,54,One year,DSL,44.1,1.6,🟢 Low risk
7401-JIXNM,54,Two year,DSL,91.3,1.6,🟢 Low risk
8098-TDCBU,42,Two year,No,25.25,1.6,🟢 Low risk
5676-CFLYY,71,Two year,DSL,73.35,1.6,🟢 Low risk
5680-LQOGP,68,Two year,DSL,82.45,1.6,🟢 Low risk
8100-PNJMH,68,Two year,DSL,88.85,1.6,🟢 Low risk
6166-YIPFO,72,Two year,DSL,64.7,1.6,🟢 Low risk
4291-TPNFG,72,Two year,DSL,82.3,1.6,🟢 Low risk
0795-LAFGP,71,Two year,DSL,90.4,1.6,🟢 Low risk
8661-BOYNW,72,Two year,DSL,84.4,1.6,🟢 Low risk
5124-EOGYE,31,Two year,No,20.45,1.6,🟢 Low risk
9803-FTJCG,71,One year,DSL,66.85,1.6,🟢 Low risk
3146-MSEGF,72,Two year,DSL,88.05,1.6,🟢 Low risk
8468-FZTOE,72,Two year,DSL,74.35,1.5,🟢 Low risk
5231-FIQPA,41,Two year,No,19.85,1.5,🟢 Low risk
8197-BFWVU,72,Two year,DSL,93.25,1.5,🟢 Low risk
7205-BAIAD,40,Two year,No,20.6,1.5,🟢 Low risk
0839-QNXME,30,Two year,No,19.4,1.5,🟢 Low risk
6953-PBDIN,70,Two year,DSL,72.95,1.5,🟢 Low risk
2211-RMNHO,68,Two year,DSL,85.3,1.5,🟢 Low risk
6122-LJADA,70,Two year,DSL,90.15,1.5,🟢 Low risk
4609-KNNWG,27,Two year,No,19.9,1.5,🟢 Low risk
3572-UUHRS,45,One year,No,18.85,1.5,🟢 Low risk
1506-YJTYT,45,Two year,DSL,73.85,1.5,🟢 Low risk
2428-HYUNX,44,Two year,No,19.35,1.5,🟢 Low risk
2122-SZZZD,44,One year,No,19.5,1.5,🟢 Low risk
8958-JPTRR,56,One year,No,24.3,1.5,🟢 Low risk
4012-YCFAI,60,Two year,DSL,61.35,1.5,🟢 Low risk
9415-ZNBSX,70,Two year,DSL,89.0,1.5,🟢 Low risk
5614-DNZCE,58,Two year,DSL,64.9,1.5,🟢 Low risk
7216-KAOID,41,One year,No,19.5,1.5,🟢 Low risk
9755-JHNMN,49,Two year,DSL,67.4,1.5,🟢 Low risk
1552-CZCLL,55,Month-to-month,No,20.0,1.5,🟢 Low risk
4518-FZBSX,42,One year,No,20.25,1.5,🟢 Low risk
6870-ZWMNX,70,Two year,DSL,76.1,1.5,🟢 Low risk
1492-KGETH,70,One year,DSL,78.35,1.5,🟢 Low risk
2176-LVPNX,71,Two year,DSL,89.85,1.5,🟢 Low risk
3935-TBRZZ,44,One year,No,25.7,1.5,🟢 Low risk
6549-BTYPG,60,Two year,DSL,60.8,1.5,🟢 Low risk
2160-GPFXD,54,Two year,DSL,65.65,1.5,🟢 Low risk
5930-GBIWP,69,Two year,DSL,81.5,1.5,🟢 Low risk
6265-FRMTQ,31,Two year,No,20.4,1.5,🟢 Low risk
0674-GCDXG,63,Two year,DSL,71.9,1.5,🟢 Low risk
6199-IPCAO,29,Two year,No,26.1,1.5,🟢 Low risk
3911-RSNHI,71,Two year,DSL,61.4,1.5,🟢 Low risk
9995-HOTOH,63,Two year,DSL,59.0,1.5,🟢 Low risk
1194-BHJYC,61,Two year,DSL,62.15,1.5,🟢 Low risk
6408-WHTEF,72,Two year,DSL,89.4,1.5,🟢 Low risk
7975-JMZNT,66,Two year,DSL,91.7,1.5,🟢 Low risk
7649-SIJJF,71,Two year,DSL,80.1,1.5,🟢 Low risk
9392-XBGTD,27,Two year,No,20.6,1.5,🟢 Low risk
6814-ZPWFQ,51,One year,No,25.0,1.5,🟢 Low risk
1568-BEKZM,70,Two year,DSL,90.05,1.5,🟢 Low risk
5248-KWLAR,71,Two year,DSL,90.35,1.5,🟢 Low risk
5774-QPLTF,50,One year,No,20.35,1.5,🟢 Low risk
4718-WXBGI,72,Two year,DSL,91.95,1.5,🟢 Low risk
9110-HSGTV,69,Two year,DSL,82.45,1.5,🟢 Low risk
6974-DAFLI,55,One year,No,19.7,1.5,🟢 Low risk
2451-YMUXS,67,Two year,DSL,64.55,1.4,🟢 Low risk
9055-MOJJJ,64,One year,DSL,65.8,1.4,🟢 Low risk
9066-QRSDU,69,One year,No,26.3,1.4,🟢 Low risk
8413-YNHNV,69,Two year,DSL,90.65,1.4,🟢 Low risk
6418-PIQSP,62,Two year,DSL,81.0,1.4,🟢 Low risk
8819-WFGGJ,68,Two year,DSL,54.1,1.4,🟢 Low risk
3638-VBZTA,68,Two year,DSL,86.5,1.4,🟢 Low risk
0298-XACET,52,Two year,DSL,50.2,1.4,🟢 Low risk
3933-DQPWX,50,Two year,DSL,39.7,1.4,🟢 Low risk
4538-WNTMJ,46,One year,No,24.95,1.4,🟢 Low risk
4955-VCWBI,43,One year,No,20.0,1.4,🟢 Low risk
9227-YBAXE,65,Two year,DSL,82.5,1.4,🟢 Low risk
8859-AXJZP,39,Two year,No,23.8,1.4,🟢 Low risk
6586-MYGKD,70,Two year,DSL,76.95,1.4,🟢 Low risk
2324-AALNO,48,One year,No,24.55,1.4,🟢 Low risk
5727-MYATE,72,Two year,DSL,90.8,1.4,🟢 Low risk
1951-IEYXM,72,Two year,DSL,90.6,1.4,🟢 Low risk
7850-THJMU,26,Two year,No,19.65,1.4,🟢 Low risk
7799-LGRDP,43,Two year,No,25.7,1.4,🟢 Low risk
9489-DEDVP,70,Two year,DSL,69.2,1.4,🟢 Low risk
8174-LNWMW,31,Two year,No,20.9,1.4,🟢 Low risk
1139-WUOAH,57,Two year,DSL,53.35,1.4,🟢 Low risk
3079-BCHLN,47,One year,No,19.9,1.4,🟢 Low risk
2824-DXNKN,72,Two year,DSL,71.45,1.4,🟢 Low risk
1333-PBMXB,54,One year,No,24.75,1.4,🟢 Low risk
8577-QSOCG,38,Two year,No,20.2,1.4,🟢 Low risk
4654-ULTTN,70,Two year,DSL,74.8,1.4,🟢 Low risk
8859-DZTGQ,33,Two year,No,20.35,1.4,🟢 Low risk
4077-HWUYD,72,Two year,DSL,87.55,1.4,🟢 Low risk
1221-GHZEP,62,Two year,DSL,65.1,1.4,🟢 Low risk
2332-TODQS,48,One year,No,25.05,1.4,🟢 Low risk
0123-CRBRT,61,Two year,DSL,88.1,1.4,🟢 Low risk
8450-LUGUK,37,Two year,No,24.1,1.4,🟢 Low risk
1371-OJCEK,48,One year,No,24.35,1.4,🟢 Low risk
0979-MOZQI,62,Two year,DSL,39.0,1.4,🟢 Low risk
3219-JQRSL,72,Two year,DSL,89.1,1.4,🟢 Low risk
6463-MVYRY,57,Two year,DSL,69.85,1.4,🟢 Low risk
2296-DKZFP,65,Two year,DSL,71.0,1.4,🟢 Low risk
4213-HKBJO,33,Two year,No,25.7,1.4,🟢 Low risk
0625-AFOHS,29,Two year,No,20.2,1.4,🟢 Low risk
5249-QYHEX,40,Two year,No,24.8,1.4,🟢 Low risk
4825-FUREZ,42,Two year,No,20.25,1.4,🟢 Low risk
2234-EOFPT,72,Two year,DSL,79.35,1.4,🟢 Low risk
3373-DIUUN,30,Two year,No,21.25,1.4,🟢 Low risk
3521-HTQTV,34,Two year,No,26.1,1.4,🟢 Low risk
9418-RUKPH,38,Two year,No,19.95,1.4,🟢 Low risk
3166-PNEOF,61,Two year,DSL,86.45,1.4,🟢 Low risk
7164-BPTUT,57,Two year,DSL,89.55,1.4,🟢 Low risk
3508-VLHCZ,71,Two year,DSL,90.55,1.4,🟢 Low risk
9581-GVBXT,59,One year,DSL,34.8,1.4,🟢 Low risk
1866-DIOQZ,71,One year,DSL,66.8,1.4,🟢 Low risk
3566-CAAYU,64,Two year,DSL,49.85,1.3,🟢 Low risk
3967-KXAPS,72,Two year,DSL,92.3,1.3,🟢 Low risk
6439-PKTRR,70,Two year,DSL,80.7,1.3,🟢 Low risk
7197-VOJMM,67,Two year,DSL,69.2,1.3,🟢 Low risk
9631-RXVJM,35,Two year,No,19.25,1.3,🟢 Low risk
5480-XTFFL,31,Two year,No,21.0,1.3,🟢 Low risk
2595-KIWPV,27,Two year,No,19.7,1.3,🟢 Low risk
6551-VLJMV,34,Two year,No,20.05,1.3,🟢 Low risk
5542-NKVRU,42,Two year,No,20.75,1.3,🟢 Low risk
4827-DPADN,72,Two year,DSL,83.3,1.3,🟢 Low risk
1269-FOYWN,44,One year,No,20.0,1.3,🟢 Low risk
8859-YSTWS,48,One year,No,19.95,1.3,🟢 Low risk
5322-ZSMZY,31,Two year,No,25.75,1.3,🟢 Low risk
4676-WLUHT,54,Two year,DSL,46.2,1.3,🟢 Low risk
1270-XKUCC,30,Two year,No,19.7,1.3,🟢 Low risk
6897-RWMUB,61,Two year,DSL,68.05,1.3,🟢 Low risk
7639-OPLNG,70,Two year,DSL,79.25,1.3,🟢 Low risk
2226-ICFDO,72,Two year,DSL,85.9,1.3,🟢 Low risk
6152-ONASV,68,One year,DSL,58.25,1.3,🟢 Low risk
2969-VAPYH,67,One year,DSL,60.5,1.3,🟢 Low risk
3487-EARAT,70,One year,DSL,74.1,1.3,🟢 Low risk
4102-HLENU,67,Two year,DSL,65.65,1.3,🟢 Low risk
0048-PIHNL,49,One year,No,20.45,1.3,🟢 Low risk
8430-TWCBX,49,One year,No,20.7,1.3,🟢 Low risk
5642-MHDQT,53,One year,No,19.85,1.3,🟢 Low risk
7398-HPYZQ,71,Two year,DSL,90.55,1.3,🟢 Low risk
0973-KYVNF,72,Two year,DSL,70.65,1.3,🟢 Low risk
1839-FBNFR,39,Two year,No,19.85,1.3,🟢 Low risk
1970-KKFWL,35,Two year,No,23.3,1.3,🟢 Low risk
2378-YIZKA,68,Two year,DSL,85.0,1.3,🟢 Low risk
4254-QPEDE,52,Two year,DSL,66.25,1.3,🟢 Low risk
4641-FROLU,30,Two year,No,19.3,1.3,🟢 Low risk
5125-CNDSP,63,One year,DSL,40.6,1.3,🟢 Low risk
7101-HRBLJ,72,Two year,DSL,83.7,1.3,🟢 Low risk
9067-SQTNS,44,One year,No,20.6,1.3,🟢 Low risk
1985-MBRYP,43,Two year,No,19.65,1.3,🟢 Low risk
3779-OSWCF,71,Two year,DSL,93.2,1.3,🟢 Low risk
3533-UVMOM,68,Two year,DSL,70.95,1.3,🟢 Low risk
7665-NKLAV,36,Two year,DSL,40.65,1.3,🟢 Low risk
5494-WOZRZ,71,Two year,DSL,82.0,1.3,🟢 Low risk
0379-DJQHR,67,Two year,DSL,81.35,1.3,🟢 Low risk
5266-PFRQK,52,One year,No,20.85,1.3,🟢 Low risk
5451-MHQOF,56,One year,No,24.45,1.3,🟢 Low risk
9348-ROUAI,59,Two year,DSL,90.3,1.3,🟢 Low risk
5176-OLSKT,66,Two year,DSL,66.9,1.3,🟢 Low risk
2384-OVPSA,38,Two year,No,20.2,1.3,🟢 Low risk
7103-ZGVNT,69,One year,DSL,73.7,1.3,🟢 Low risk
3067-SVMTC,68,One year,DSL,55.9,1.3,🟢 Low risk
2990-IAJSV,72,Two year,DSL,92.0,1.2,🟢 Low risk
2882-WDTBA,69,Two year,DSL,75.75,1.2,🟢 Low risk
2194-IIQOF,71,Two year,DSL,89.3,1.2,🟢 Low risk
5879-HMFFH,72,Two year,DSL,88.05,1.2,🟢 Low risk
8191-XWSZG,52,One year,No,20.65,1.2,🟢 Low risk
7306-YDSOI,69,Two year,DSL,59.75,1.2,🟢 Low risk
9602-WCXPI,50,One year,No,20.15,1.2,🟢 Low risk
9281-CEDRU,68,Two year,DSL,64.1,1.2,🟢 Low risk
8902-ZEOVF,47,One year,No,20.05,1.2,🟢 Low risk
0230-UBYPQ,63,One year,DSL,36.1,1.2,🟢 Low risk
5135-RDDQL,63,Two year,DSL,50.65,1.2,🟢 Low risk
1676-MQAOA,72,Two year,DSL,75.1,1.2,🟢 Low risk
9732-OUYRN,49,One year,No,19.0,1.2,🟢 Low risk
4825-XJGDM,61,One year,DSL,43.7,1.2,🟢 Low risk
9624-EGDEQ,37,Two year,No,19.8,1.2,🟢 Low risk
7945-PRBVF,35,Two year,No,21.45,1.2,🟢 Low risk
7596-ZYWBB,65,Two year,DSL,59.6,1.2,🟢 Low risk
3227-WLKLI,65,Two year,DSL,91.55,1.2,🟢 Low risk
2589-AYCRP,50,One year,No,19.75,1.2,🟢 Low risk
6656-GULJQ,72,Two year,DSL,83.55,1.2,🟢 Low risk
2725-TTRIQ,72,Two year,DSL,84.2,1.2,🟢 Low risk
3769-MHZNV,33,Two year,No,20.1,1.2,🟢 Low risk
6248-TKCQV,70,Two year,DSL,80.6,1.2,🟢 Low risk
3084-DOWLE,72,Two year,DSL,92.0,1.2,🟢 Low risk
4999-IEZLT,66,One year,DSL,29.45,1.2,🟢 Low risk
6922-NCEDI,56,One year,No,21.2,1.2,🟢 Low risk
9585-KKMFD,41,Two year,No,20.0,1.2,🟢 Low risk
8404-VIOMB,66,Two year,DSL,62.5,1.2,🟢 Low risk
6625-IUTTT,67,Two year,DSL,65.55,1.2,🟢 Low risk
4701-LKOZD,70,Two year,DSL,89.75,1.2,🟢 Low risk
5456-ITGIC,72,Two year,DSL,64.45,1.2,🟢 Low risk
6384-VMJHP,72,Two year,DSL,73.0,1.2,🟢 Low risk
5736-YEJAX,69,Two year,DSL,79.45,1.2,🟢 Low risk
3050-RLLXC,56,Two year,DSL,81.25,1.2,🟢 Low risk
1027-LKKQQ,72,Two year,DSL,80.45,1.2,🟢 Low risk
5196-WPYOW,67,One year,DSL,60.05,1.2,🟢 Low risk
5067-WJEUN,67,Two year,DSL,54.2,1.2,🟢 Low risk
9453-PATOS,72,Two year,DSL,85.1,1.2,🟢 Low risk
8990-YOZLV,69,Two year,DSL,66.9,1.2,🟢 Low risk
6203-HBZPA,52,Two year,DSL,63.9,1.2,🟢 Low risk
4635-EJYPD,32,Two year,No,18.95,1.2,🟢 Low risk
4334-HOWRP,72,Two year,DSL,64.95,1.2,🟢 Low risk
2137-DQMEV,68,One year,DSL,44.8,1.2,🟢 Low risk
8917-FAEMR,37,Two year,No,19.85,1.2,🟢 Low risk
1716-LSAMB,45,Two year,DSL,54.65,1.2,🟢 Low risk
9068-VPWQQ,61,Two year,DSL,75.35,1.2,🟢 Low risk
6461-SZMCV,71,Two year,DSL,87.95,1.2,🟢 Low risk
5317-FLPJF,66,Two year,DSL,61.35,1.2,🟢 Low risk
7321-KKSDU,32,Two year,No,20.5,1.2,🟢 Low risk
8148-NLEGT,42,Two year,No,22.95,1.2,🟢 Low risk
2274-XUATA,72,Two year,DSL,63.1,1.2,🟢 Low risk
3957-SQXML,34,Two year,No,24.95,1.1,🟢 Low risk
9710-NJERN,39,Two year,No,20.15,1.1,🟢 Low risk
7139-JZFVG,60,Two year,DSL,60.5,1.1,🟢 Low risk
5845-BZZIB,35,Two year,No,20.1,1.1,🟢 Low risk
2511-ALLCS,35,Two year,No,24.3,1.1,🟢 Low risk
9620-QJREV,47,One year,No,20.55,1.1,🟢 Low risk
3712-PKXZA,61,One year,No,20.55,1.1,🟢 Low risk
5320-BRKGK,58,Two year,DSL,75.8,1.1,🟢 Low risk
5915-ANOEI,70,Two year,DSL,79.15,1.1,🟢 Low risk
4723-BEGSG,72,Two year,DSL,86.65,1.1,🟢 Low risk
6288-CHQJB,54,Two year,DSL,69.95,1.1,🟢 Low risk
5656-MJEFC,42,Two year,DSL,48.15,1.1,🟢 Low risk
5126-RCXYW,54,Two year,DSL,46.0,1.1,🟢 Low risk
4896-CPRPF,35,Two year,No,25.45,1.1,🟢 Low risk
0839-JTCUD,66,Two year,DSL,89.9,1.1,🟢 Low risk
5766-FTRTS,72,Two year,DSL,84.45,1.1,🟢 Low risk
8597-CTXVJ,70,One year,DSL,64.95,1.1,🟢 Low risk
6695-AMZUF,70,Two year,DSL,86.45,1.1,🟢 Low risk
7873-CVMAW,72,Two year,DSL,88.55,1.1,🟢 Low risk
2300-RQGOI,38,Two year,No,20.05,1.1,🟢 Low risk
0582-AVCLN,38,Two year,No,20.3,1.1,🟢 Low risk
5803-NQJZO,72,Two year,DSL,67.8,1.1,🟢 Low risk
9361-YNQWJ,64,One year,No,24.4,1.1,🟢 Low risk
9823-EALYC,72,Two year,DSL,80.85,1.1,🟢 Low risk
6283-GITPX,71,Two year,DSL,76.9,1.1,🟢 Low risk
8169-SAEJD,69,Two year,DSL,56.55,1.1,🟢 Low risk
5095-ETBRJ,55,Two year,DSL,56.8,1.1,🟢 Low risk
8146-QQKZH,71,Two year,DSL,81.85,1.1,🟢 Low risk
4933-BSAIP,40,Two year,No,19.1,1.1,🟢 Low risk
5310-NOOVA,46,Two year,No,19.95,1.1,🟢 Low risk
7601-GNDYK,35,Two year,No,19.6,1.1,🟢 Low risk
8722-PRFDV,71,Two year,DSL,77.55,1.1,🟢 Low risk
2649-HWLYB,65,Two year,DSL,76.15,1.1,🟢 Low risk
4121-AGSIN,58,One year,No,24.5,1.1,🟢 Low risk
0784-GTUUK,62,One year,No,23.75,1.1,🟢 Low risk
8336-TAVKX,72,Two year,DSL,78.45,1.1,🟢 Low risk
7560-QRBXH,48,One year,No,19.95,1.1,🟢 Low risk
0442-TDYUO,48,Two year,No,20.05,1.1,🟢 Low risk
0230-WEQUW,66,Two year,DSL,56.6,1.1,🟢 Low risk
0744-BIKKF,72,Two year,DSL,86.65,1.1,🟢 Low risk
3500-NSDOA,68,Two year,DSL,70.8,1.1,🟢 Low risk
6119-SPUDB,46,Two year,DSL,38.25,1.1,🟢 Low risk
4837-PZTIC,47,Two year,DSL,41.9,1.1,🟢 Low risk
1087-GRUYI,38,Two year,No,20.4,1.1,🟢 Low risk
3251-YMVWZ,53,One year,No,24.05,1.1,🟢 Low risk
5176-LMJXE,47,Two year,No,20.55,1.1,🟢 Low risk
9488-FVZCC,72,Two year,DSL,79.5,1.1,🟢 Low risk
6885-PKOAM,71,Two year,DSL,85.75,1.1,🟢 Low risk
9674-EHPPG,46,Two year,DSL,40.4,1.1,🟢 Low risk
2729-VNVAP,33,Two year,No,19.8,1.1,🟢 Low risk
7073-QETQY,66,One year,No,20.35,1.1,🟢 Low risk
8374-UULRV,72,Two year,DSL,86.05,1.1,🟢 Low risk
0608-JDVEC,50,Two year,No,19.8,1.0,🟢 Low risk
8204-YJCLA,72,Two year,DSL,64.8,1.0,🟢 Low risk
4079-WWQQQ,72,Two year,DSL,65.55,1.0,🟢 Low risk
2996-XAUVF,70,Two year,DSL,40.05,1.0,🟢 Low risk
1775-KWJKQ,72,Two year,DSL,89.85,1.0,🟢 Low risk
7898-PDWQE,71,Two year,DSL,80.4,1.0,🟢 Low risk
8205-VSLRB,70,Two year,DSL,77.3,1.0,🟢 Low risk
8908-NMQTX,72,Two year,DSL,65.6,1.0,🟢 Low risk
8292-ITGYJ,45,Two year,No,24.65,1.0,🟢 Low risk
0114-IGABW,71,Two year,DSL,58.25,1.0,🟢 Low risk
9065-ZCPQX,72,Two year,DSL,78.85,1.0,🟢 Low risk
9451-WLYRI,53,One year,No,19.05,1.0,🟢 Low risk
8402-OOOHJ,41,Two year,No,20.65,1.0,🟢 Low risk
2885-HIJDH,69,Two year,DSL,86.9,1.0,🟢 Low risk
2796-NNUFI,46,Two year,No,19.95,1.0,🟢 Low risk
7998-WNZEM,71,Two year,DSL,80.6,1.0,🟢 Low risk
0936-NQLJU,41,Two year,No,20.65,1.0,🟢 Low risk
2821-WARNZ,49,One year,No,19.45,1.0,🟢 Low risk
3569-JFODW,72,Two year,DSL,90.95,1.0,🟢 Low risk
0244-LGNFY,72,Two year,DSL,92.65,1.0,🟢 Low risk
0206-OYVOC,46,Two year,No,19.25,1.0,🟢 Low risk
3097-FQTVJ,41,Two year,No,20.0,1.0,🟢 Low risk
5377-NDTOU,71,Two year,DSL,91.05,1.0,🟢 Low risk
0506-YLVKJ,46,Two year,No,20.2,1.0,🟢 Low risk
0318-ZOPWS,49,Two year,No,20.15,1.0,🟢 Low risk
0214-JHPFW,70,Two year,DSL,57.8,1.0,🟢 Low risk
3889-VWBID,68,Two year,DSL,82.85,1.0,🟢 Low risk
8966-KZXXA,36,Two year,No,25.1,1.0,🟢 Low risk
5006-MXVRN,39,Two year,No,20.7,1.0,🟢 Low risk
3451-VAWLI,35,Two year,No,19.7,1.0,🟢 Low risk
3913-FCUUW,72,Two year,DSL,70.45,1.0,🟢 Low risk
0336-PIKEI,72,Two year,DSL,74.4,1.0,🟢 Low risk
1837-YQUCE,70,Two year,DSL,58.35,1.0,🟢 Low risk
6169-PPETC,35,Two year,No,20.5,1.0,🟢 Low risk
4674-HGNUA,71,Two year,DSL,89.9,1.0,🟢 Low risk
5117-ZSMHQ,71,Two year,DSL,89.9,1.0,🟢 Low risk
8626-PTQGE,69,Two year,DSL,60.05,1.0,🟢 Low risk
8690-ZVLCL,68,Two year,DSL,88.0,1.0,🟢 Low risk
5296-BFCYD,46,Two year,No,20.1,1.0,🟢 Low risk
7162-WPHPM,58,Two year,DSL,71.6,1.0,🟢 Low risk
9489-JMTTN,72,Two year,DSL,89.75,1.0,🟢 Low risk
6701-DHKWQ,61,Two year,DSL,51.35,1.0,🟢 Low risk
2208-MPXIO,45,Two year,No,20.0,1.0,🟢 Low risk
8874-EJNSR,39,Two year,No,25.2,1.0,🟢 Low risk
8249-THVEC,51,One year,No,19.4,1.0,🟢 Low risk
3719-TDVQB,54,Two year,No,18.95,1.0,🟢 Low risk
9888-ZCUMM,64,Two year,DSL,60.05,1.0,🟢 Low risk
7560-QJAVJ,70,Two year,DSL,79.6,1.0,🟢 Low risk
2642-MAWLJ,36,Two year,No,20.25,1.0,🟢 Low risk
6000-UKLWI,41,Two year,No,20.15,1.0,🟢 Low risk
6813-GZQCG,45,Two year,No,24.65,1.0,🟢 Low risk
3938-YFPXD,72,Two year,DSL,84.3,1.0,🟢 Low risk
0885-HMGPY,62,Two year,DSL,69.4,1.0,🟢 Low risk
7524-VRLPL,69,Two year,DSL,74.1,1.0,🟢 Low risk
9588-YRFHY,49,Two year,No,19.9,1.0,🟢 Low risk
4735-BJKOU,40,Two year,No,20.15,1.0,🟢 Low risk
0362-RAOQO,40,Two year,No,19.65,1.0,🟢 Low risk
4475-NVTLU,45,Two year,No,19.2,1.0,🟢 Low risk
3902-MIVLE,63,Two year,DSL,75.7,1.0,🟢 Low risk
3399-BMLVW,51,Two year,DSL,60.5,1.0,🟢 Low risk
0343-QLUZP,60,Two year,DSL,39.6,0.9,🟢 Low risk
2077-DDHJK,68,Two year,DSL,70.9,0.9,🟢 Low risk
0052-YNYOT,67,One year,No,20.55,0.9,🟢 Low risk
6479-VDGRK,72,Two year,DSL,85.3,0.9,🟢 Low risk
3948-KXDUF,66,Two year,DSL,68.75,0.9,🟢 Low risk
6479-SZPLM,36,Two year,No,19.45,0.9,🟢 Low risk
7274-CGTOD,62,Two year,DSL,43.7,0.9,🟢 Low risk
1116-FRYVH,48,Two year,DSL,39.4,0.9,🟢 Low risk
3284-SVCRO,45,Two year,No,25.5,0.9,🟢 Low risk
3745-HRPHI,66,Two year,DSL,54.65,0.9,🟢 Low risk
8219-VYBVI,39,Two year,No,25.0,0.9,🟢 Low risk
5846-NEQVZ,71,Two year,DSL,70.85,0.9,🟢 Low risk
6729-FZWSY,67,One year,No,19.45,0.9,🟢 Low risk
0363-SVHYR,71,Two year,DSL,86.85,0.9,🟢 Low risk
7860-UXCRM,63,Two year,DSL,74.5,0.9,🟢 Low risk
4194-FJARJ,54,Two year,DSL,60.0,0.9,🟢 Low risk
8181-YHCMF,68,Two year,DSL,60.3,0.9,🟢 Low risk
2888-ADFAO,47,Two year,No,21.3,0.9,🟢 Low risk
7921-BEPCI,72,Two year,DSL,59.75,0.9,🟢 Low risk
5781-RFZRP,71,Two year,DSL,73.5,0.9,🟢 Low risk
1074-WVEVG,59,One year,No,20.35,0.9,🟢 Low risk
8234-GSZYK,43,Two year,No,26.45,0.9,🟢 Low risk
9170-ARBTB,52,One year,No,19.6,0.9,🟢 Low risk
2251-PYLPB,72,Two year,DSL,79.55,0.9,🟢 Low risk
7696-CFTAT,37,Two year,No,19.8,0.9,🟢 Low risk
6695-FRVEC,67,Two year,DSL,60.4,0.9,🟢 Low risk
6725-TPKJO,44,Two year,No,20.05,0.9,🟢 Low risk
3429-IFLEM,71,Two year,DSL,77.35,0.9,🟢 Low risk
0730-BGQGF,71,Two year,DSL,90.3,0.9,🟢 Low risk
1047-RNXZV,43,Two year,No,19.55,0.9,🟢 Low risk
2925-VDZHY,72,Two year,DSL,88.7,0.9,🟢 Low risk
9769-TSBZE,70,Two year,DSL,66.0,0.9,🟢 Low risk
6997-UVGOX,71,Two year,DSL,85.45,0.9,🟢 Low risk
0336-KXKFK,72,Two year,DSL,61.2,0.9,🟢 Low risk
9650-VBUOG,38,Two year,No,25.05,0.9,🟢 Low risk
3813-DHBBB,67,Two year,DSL,50.95,0.9,🟢 Low risk
8780-YRMTT,66,Two year,DSL,47.4,0.9,🟢 Low risk
6762-QVYJO,58,Two year,DSL,59.75,0.9,🟢 Low risk
1106-HRLKZ,40,Two year,No,19.6,0.9,🟢 Low risk
3200-MNQTF,67,Two year,DSL,70.9,0.9,🟢 Low risk
7408-OFWXJ,72,Two year,DSL,89.8,0.9,🟢 Low risk
6980-CDGFC,67,One year,No,20.85,0.9,🟢 Low risk
4915-BFSXL,70,Two year,DSL,68.95,0.9,🟢 Low risk
7872-BAAZR,53,One year,No,19.55,0.9,🟢 Low risk
6365-HITVU,71,Two year,DSL,87.25,0.9,🟢 Low risk
0621-TSSMU,56,One year,No,19.95,0.9,🟢 Low risk
2235-EZAIK,72,Two year,DSL,79.2,0.9,🟢 Low risk
3795-GWTRD,63,Two year,DSL,75.55,0.9,🟢 Low risk
0238-WHBIQ,72,Two year,DSL,89.7,0.9,🟢 Low risk
7471-WNSUF,60,One year,No,24.15,0.9,🟢 Low risk
5804-JMYIO,39,Two year,No,19.75,0.9,🟢 Low risk
0739-UUAJR,72,Two year,DSL,53.8,0.9,🟢 Low risk
7963-SHNDT,52,Two year,DSL,39.1,0.9,🟢 Low risk
9372-TXXPS,60,Two year,DSL,59.85,0.9,🟢 Low risk
8587-XYZSF,67,Two year,DSL,50.55,0.9,🟢 Low risk
4967-WPNCF,72,Two year,DSL,63.7,0.9,🟢 Low risk
3262-EIDHV,72,Two year,DSL,84.7,0.8,🟢 Low risk
3662-FXJFO,54,Two year,No,20.5,0.8,🟢 Low risk
5016-LIPDW,57,One year,No,19.4,0.8,🟢 Low risk
1722-LDZJS,53,One year,No,20.2,0.8,🟢 Low risk
5465-BUBFA,41,Two year,No,19.3,0.8,🟢 Low risk
2263-SFSQZ,51,Two year,No,24.95,0.8,🟢 Low risk
3486-HOOGQ,70,Two year,DSL,79.7,0.8,🟢 Low risk
8046-DNVTL,62,Two year,DSL,38.6,0.8,🟢 Low risk
7781-HVGMK,72,Two year,DSL,65.2,0.8,🟢 Low risk
5275-PMFUT,72,Two year,DSL,64.8,0.8,🟢 Low risk
5208-FVQKB,70,Two year,DSL,67.95,0.8,🟢 Low risk
8039-ACLPL,72,Two year,DSL,68.75,0.8,🟢 Low risk
4625-LAMOB,44,Two year,No,20.4,0.8,🟢 Low risk
9795-SHUHB,66,Two year,DSL,58.2,0.8,🟢 Low risk
9443-JUBUO,72,Two year,DSL,65.25,0.8,🟢 Low risk
0732-OCQOC,52,Two year,No,25.05,0.8,🟢 Low risk
8592-PLTMQ,64,One year,No,24.7,0.8,🟢 Low risk
2954-PIBKO,69,Two year,DSL,64.15,0.8,🟢 Low risk
0017-DINOC,54,Two year,DSL,45.2,0.8,🟢 Low risk
2208-NKVVH,43,Two year,No,24.25,0.8,🟢 Low risk
6723-CEGQI,65,Two year,DSL,45.25,0.8,🟢 Low risk
9503-XJUME,52,One year,No,19.65,0.8,🟢 Low risk
0567-XRHCU,69,Two year,DSL,43.95,0.8,🟢 Low risk
7860-KSUGX,72,Two year,DSL,64.45,0.8,🟢 Low risk
8922-NPKBJ,42,Two year,No,19.35,0.8,🟢 Low risk
8215-NGSPE,42,Two year,No,20.0,0.8,🟢 Low risk
1209-VFFOC,68,Two year,DSL,56.4,0.8,🟢 Low risk
5360-XGYAZ,72,Two year,DSL,65.65,0.8,🟢 Low risk
4900-MSOMT,72,Two year,DSL,80.2,0.8,🟢 Low risk
9068-FHQHD,40,Two year,No,20.15,0.8,🟢 Low risk
0988-AADSA,72,Two year,DSL,80.85,0.8,🟢 Low risk
9242-TKFSV,72,Two year,DSL,65.1,0.8,🟢 Low risk
9091-WTUUY,64,Two year,DSL,69.25,0.8,🟢 Low risk
0277-ORXQS,66,Two year,DSL,50.55,0.8,🟢 Low risk
6087-YPWHO,72,Two year,DSL,68.15,0.8,🟢 Low risk
9938-PRCVK,41,Two year,No,19.7,0.8,🟢 Low risk
0361-HJRDX,68,Two year,DSL,64.35,0.8,🟢 Low risk
8338-QIUNR,72,Two year,DSL,66.5,0.8,🟢 Low risk
5457-COLHT,69,Two year,DSL,80.65,0.8,🟢 Low risk
0301-FIDRB,72,Two year,DSL,63.8,0.8,🟢 Low risk
5529-GIBVH,47,Two year,No,20.15,0.8,🟢 Low risk
3472-QPRCH,40,Two year,No,25.25,0.8,🟢 Low risk
5324-KTGCG,71,One year,No,20.85,0.8,🟢 Low risk
8241-JUIQO,61,One year,No,19.45,0.8,🟢 Low risk
3071-MVJCD,72,Two year,DSL,82.3,0.8,🟢 Low risk
9610-WCESF,67,Two year,DSL,43.9,0.8,🟢 Low risk
4521-WFJAI,56,Two year,No,25.95,0.8,🟢 Low risk
9646-NMHXE,47,Two year,No,19.65,0.8,🟢 Low risk
9786-YWNHU,63,Two year,DSL,63.55,0.8,🟢 Low risk
3727-OVPRY,66,One year,No,25.7,0.8,🟢 Low risk
0019-GFNTW,56,Two year,DSL,45.05,0.8,🟢 Low risk
4312-GVYNH,70,Two year,DSL,49.85,0.8,🟢 Low risk
4878-BUNFV,42,Two year,No,20.7,0.8,🟢 Low risk
4644-OBGFZ,55,One year,No,19.5,0.8,🟢 Low risk
2176-OSJUV,71,Two year,DSL,65.15,0.7,🟢 Low risk
5044-XDPYX,51,Two year,No,25.5,0.7,🟢 Low risk
2662-NNTDK,65,One year,No,24.8,0.7,🟢 Low risk
4872-JCVCA,71,Two year,DSL,47.6,0.7,🟢 Low risk
0932-YIXYU,47,Two year,No,20.25,0.7,🟢 Low risk
9661-JALZV,58,Two year,No,24.7,0.7,🟢 Low risk
5242-UOWHD,45,Two year,No,20.35,0.7,🟢 Low risk
2162-FRZAA,63,Two year,DSL,39.35,0.7,🟢 Low risk
8316-BBQAY,65,Two year,DSL,59.95,0.7,🟢 Low risk
9499-XPZXM,72,Two year,DSL,64.75,0.7,🟢 Low risk
9114-DPSIA,72,Two year,DSL,81.0,0.7,🟢 Low risk
0531-XBKMM,66,Two year,DSL,65.7,0.7,🟢 Low risk
8590-YFFQO,70,Two year,DSL,64.95,0.7,🟢 Low risk
7113-HIPFI,66,Two year,DSL,65.85,0.7,🟢 Low risk
5397-NSKQG,67,Two year,DSL,50.9,0.7,🟢 Low risk
6051-PTVNS,55,One year,No,19.15,0.7,🟢 Low risk
3470-OBUET,67,Two year,DSL,74.0,0.7,🟢 Low risk
6348-SNFUS,72,Two year,DSL,55.45,0.7,🟢 Low risk
8039-EQPIM,69,Two year,DSL,60.25,0.7,🟢 Low risk
7601-DHFWZ,48,Two year,No,24.0,0.7,🟢 Low risk
6253-GNHWH,71,Two year,DSL,71.1,0.7,🟢 Low risk
6080-LNESI,51,Two year,No,24.75,0.7,🟢 Low risk
4299-OPXEJ,56,Two year,No,19.55,0.7,🟢 Low risk
6619-RPLQZ,45,Two year,No,20.85,0.7,🟢 Low risk
8896-RAZCR,44,Two year,No,19.9,0.7,🟢 Low risk
9668-PUGNU,71,Two year,No,24.5,0.7,🟢 Low risk
2535-PBCGC,70,Two year,DSL,64.55,0.7,🟢 Low risk
5995-LFTLE,58,Two year,No,25.3,0.7,🟢 Low risk
2068-WWXQZ,46,Two year,No,20.05,0.7,🟢 Low risk
8626-XHBIE,56,Two year,No,24.8,0.7,🟢 Low risk
0562-FGDCR,72,Two year,DSL,74.55,0.7,🟢 Low risk
6925-BAYGL,53,Two year,No,25.1,0.7,🟢 Low risk
5968-HYJRZ,47,Two year,No,24.55,0.7,🟢 Low risk
6115-ZTBFQ,72,Two year,DSL,65.5,0.7,🟢 Low risk
8042-RNLKO,66,One year,No,25.45,0.7,🟢 Low risk
7009-PCARS,55,One year,No,19.1,0.7,🟢 Low risk
0562-KBDVM,70,Two year,DSL,44.6,0.7,🟢 Low risk
1215-EXRMO,50,Two year,No,20.55,0.7,🟢 Low risk
7416-CKTEP,57,Two year,No,19.6,0.7,🟢 Low risk
9993-LHIEB,67,Two year,DSL,67.85,0.7,🟢 Low risk
0229-LFJAF,72,Two year,DSL,69.65,0.7,🟢 Low risk
6425-JWTDV,48,Two year,No,19.25,0.7,🟢 Low risk
7131-ZQZNK,60,Two year,DSL,59.85,0.7,🟢 Low risk
1599-EAHXY,60,One year,No,23.95,0.7,🟢 Low risk
5093-FEGLU,47,Two year,No,19.65,0.7,🟢 Low risk
9359-JANWS,65,Two year,DSL,58.9,0.7,🟢 Low risk
5356-KZCKT,58,Two year,No,24.45,0.7,🟢 Low risk
0386-CWRGM,46,Two year,No,19.4,0.7,🟢 Low risk
9593-CVZKR,56,Two year,No,24.45,0.7,🟢 Low risk
6961-MJKBO,47,Two year,No,20.45,0.7,🟢 Low risk
3764-MNMOI,46,Two year,No,19.2,0.7,🟢 Low risk
6292-TOSSS,50,Two year,No,24.9,0.7,🟢 Low risk
4652-ODEVH,45,Two year,No,24.45,0.7,🟢 Low risk
4698-KVLLG,51,Two year,No,19.6,0.7,🟢 Low risk
4361-FEBGN,48,Two year,No,20.15,0.7,🟢 Low risk
9916-AYHTC,48,Two year,No,19.85,0.7,🟢 Low risk
9639-BUJXT,63,One year,No,20.5,0.7,🟢 Low risk
3120-FAZKD,54,Two year,No,24.05,0.7,🟢 Low risk
5075-JSDKI,59,Two year,No,24.45,0.7,🟢 Low risk
8807-OPMBM,55,Two year,No,25.65,0.7,🟢 Low risk
6407-GSJNL,51,Two year,No,24.95,0.7,🟢 Low risk
9481-WHGWY,70,Two year,DSL,75.35,0.7,🟢 Low risk
6518-PPLMZ,53,Two year,No,19.4,0.7,🟢 Low risk
1709-EJDOX,47,Two year,No,19.75,0.6,🟢 Low risk
4737-AQCPU,72,Two year,DSL,72.1,0.6,🟢 Low risk
3359-DSRKA,58,Two year,No,19.85,0.6,🟢 Low risk
7033-CLAMM,48,Two year,No,20.2,0.6,🟢 Low risk
4940-KHCWD,60,Two year,DSL,37.7,0.6,🟢 Low risk
6139-ZZRBQ,64,Two year,No,20.05,0.6,🟢 Low risk
1241-FPMOF,52,Two year,No,19.65,0.6,🟢 Low risk
5549-ZGHFB,50,Two year,No,24.95,0.6,🟢 Low risk
3154-HMWUU,60,Two year,No,20.5,0.6,🟢 Low risk
2230-XTUWL,48,Two year,No,19.55,0.6,🟢 Low risk
7242-EDTYC,44,Two year,No,19.55,0.6,🟢 Low risk
6096-EGVTU,64,One year,No,24.9,0.6,🟢 Low risk
6217-KDYWC,57,Two year,No,19.6,0.6,🟢 Low risk
3212-KXOCR,52,Two year,No,21.0,0.6,🟢 Low risk
5227-JSCFE,71,Two year,DSL,46.35,0.6,🟢 Low risk
8242-PDSGJ,70,Two year,DSL,39.15,0.6,🟢 Low risk
5201-CBWYG,62,One year,No,24.8,0.6,🟢 Low risk
9975-GPKZU,46,Two year,No,19.75,0.6,🟢 Low risk
2418-TPEUN,56,Two year,No,19.8,0.6,🟢 Low risk
8838-GPHZP,63,Two year,No,20.6,0.6,🟢 Low risk
4807-IZYOZ,51,Two year,No,20.65,0.6,🟢 Low risk
4335-BSMJS,62,Two year,No,25.8,0.6,🟢 Low risk
7169-YWAMK,72,Two year,DSL,68.4,0.6,🟢 Low risk
2908-WGAXL,56,Two year,No,24.95,0.6,🟢 Low risk
9067-YGSCA,70,One year,No,26.05,0.6,🟢 Low risk
4779-ZGICK,48,Two year,No,23.55,0.6,🟢 Low risk
8701-DGLVH,51,Two year,No,20.45,0.6,🟢 Low risk
8532-UEFWH,52,Two year,No,25.75,0.6,🟢 Low risk
1073-XXCZD,55,Two year,No,25.7,0.6,🟢 Low risk
3785-KTYSH,53,Two year,No,24.6,0.6,🟢 Low risk
5970-GHJAW,46,Two year,No,19.95,0.6,🟢 Low risk
4636-TVXVG,62,One year,No,19.95,0.6,🟢 Low risk
4992-LTJNE,72,Two year,DSL,55.3,0.6,🟢 Low risk
1266-NZYUI,72,Two year,DSL,66.85,0.6,🟢 Low risk
6762-NSODU,46,Two year,No,19.4,0.6,🟢 Low risk
1955-IBMMB,59,Two year,No,20.2,0.6,🟢 Low risk
2817-LVCPP,50,Two year,No,19.4,0.6,🟢 Low risk
7647-GYYKX,54,Two year,No,20.35,0.6,🟢 Low risk
0270-THENM,72,Two year,DSL,69.85,0.6,🟢 Low risk
3190-ITQXP,46,Two year,No,20.25,0.6,🟢 Low risk
1697-LYYYX,61,One year,No,19.1,0.6,🟢 Low risk
4302-ZYFEL,69,One year,No,20.55,0.6,🟢 Low risk
3704-IEAXF,72,Two year,DSL,53.65,0.6,🟢 Low risk
3563-SVYLG,68,Two year,DSL,62.65,0.6,🟢 Low risk
9081-WWXKP,47,Two year,No,20.25,0.6,🟢 Low risk
6770-UAYGJ,49,Two year,No,25.25,0.6,🟢 Low risk
2560-QTSBS,72,One year,No,23.3,0.6,🟢 Low risk
9251-AWQGT,48,Two year,No,20.0,0.6,🟢 Low risk
6248-BSHKG,61,One year,No,20.4,0.6,🟢 Low risk
1085-LDWAM,69,One year,No,20.35,0.6,🟢 Low risk
0621-CXBKL,53,Two year,No,18.7,0.6,🟢 Low risk
7634-HLQJR,47,Two year,No,20.05,0.6,🟢 Low risk
9507-HSMMZ,54,Two year,No,20.0,0.6,🟢 Low risk
4018-PPNDW,61,Two year,No,24.1,0.6,🟢 Low risk
5939-SXWHM,48,Two year,No,26.3,0.6,🟢 Low risk
1657-DYMBM,53,Two year,No,19.9,0.6,🟢 Low risk
0508-SQWPL,57,Two year,No,20.1,0.6,🟢 Low risk
2228-BZDEE,54,Two year,No,20.1,0.6,🟢 Low risk
7340-KEFQE,51,Two year,DSL,34.2,0.6,🟢 Low risk
1231-YNDEK,58,Two year,No,19.15,0.6,🟢 Low risk
4742-TXUEX,47,Two year,No,19.3,0.6,🟢 Low risk
0526-SXDJP,72,Two year,DSL,42.1,0.6,🟢 Low risk
9504-YAZWB,53,Two year,No,20.25,0.6,🟢 Low risk
1862-QRWPE,48,Two year,No,20.65,0.6,🟢 Low risk
3620-EHIMZ,52,Two year,No,19.35,0.5,🟢 Low risk
3170-NMYVV,50,Two year,No,20.15,0.5,🟢 Low risk
5115-GZDEL,72,Two year,DSL,67.2,0.5,🟢 Low risk
5821-MMEIL,57,Two year,No,19.9,0.5,🟢 Low risk
1080-BWSYE,64,Two year,No,25.65,0.5,🟢 Low risk
8028-PNXHQ,62,Two year,No,24.25,0.5,🟢 Low risk
8540-ZQGEA,54,Two year,No,20.05,0.5,🟢 Low risk
1240-HCBOH,67,Two year,No,26.1,0.5,🟢 Low risk
1459-QNFQT,70,Two year,DSL,59.5,0.5,🟢 Low risk
2900-PHPLN,70,Two year,No,19.55,0.5,🟢 Low risk
5699-BNCAS,71,Two year,No,24.65,0.5,🟢 Low risk
7688-AWMDX,71,Two year,DSL,54.5,0.5,🟢 Low risk
5334-AFQJB,72,Two year,No,25.1,0.5,🟢 Low risk
8619-IJNDK,71,Two year,DSL,64.05,0.5,🟢 Low risk
9371-BITHB,52,Two year,No,19.85,0.5,🟢 Low risk
5472-CVMDX,68,Two year,DSL,38.9,0.5,🟢 Low risk
9087-EYCPR,60,Two year,No,25.0,0.5,🟢 Low risk
7996-MHXLW,66,Two year,No,25.15,0.5,🟢 Low risk
8957-THMOA,50,Two year,No,20.15,0.5,🟢 Low risk
9173-IVZVP,53,Two year,No,20.9,0.5,🟢 Low risk
6164-HAQTX,71,Two year,DSL,53.95,0.5,🟢 Low risk
6685-XSHHU,60,Two year,No,20.95,0.5,🟢 Low risk
5010-IPEAQ,67,Two year,DSL,54.2,0.5,🟢 Low risk
3884-UEBXB,67,Two year,DSL,36.15,0.5,🟢 Low risk
2675-IJRGJ,53,Two year,No,19.65,0.5,🟢 Low risk
0780-XNZFN,57,Two year,No,20.65,0.5,🟢 Low risk
9814-AOUDH,53,Two year,No,19.5,0.5,🟢 Low risk
7608-RGIRO,62,Two year,No,24.4,0.5,🟢 Low risk
6349-JDHQP,53,Two year,No,19.85,0.5,🟢 Low risk
8207-VVMYB,70,Two year,No,26.0,0.5,🟢 Low risk
8441-SHIPE,67,Two year,No,25.6,0.5,🟢 Low risk
1248-DYXUB,52,Two year,No,24.8,0.5,🟢 Low risk
5605-XNWEN,72,Two year,No,25.0,0.5,🟢 Low risk
6614-YOLAC,71,Two year,DSL,58.65,0.5,🟢 Low risk
2481-SBOYW,61,Two year,No,25.0,0.5,🟢 Low risk
2143-LJULT,67,Two year,No,25.25,0.5,🟢 Low risk
1619-YWUBB,68,Two year,No,24.95,0.5,🟢 Low risk
8361-LBRDI,58,Two year,No,24.35,0.5,🟢 Low risk
0463-TXOAK,52,Two year,No,25.6,0.5,🟢 Low risk
4139-DETXS,72,Two year,DSL,64.45,0.5,🟢 Low risk
1852-QSWCD,64,Two year,No,24.8,0.5,🟢 Low risk
9257-AZMTZ,52,Two year,No,20.1,0.5,🟢 Low risk
5666-MBJPT,65,Two year,No,25.1,0.5,🟢 Low risk
1207-BLKSA,52,Two year,No,23.05,0.5,🟢 Low risk
0374-FIUCA,65,Two year,No,20.4,0.5,🟢 Low risk
7427-AUFPY,54,Two year,No,19.65,0.5,🟢 Low risk
9565-AXSMR,52,Two year,No,19.2,0.5,🟢 Low risk
1306-RPWXZ,49,Two year,No,20.45,0.5,🟢 Low risk
2452-MRMZF,72,Two year,No,25.7,0.5,🟢 Low risk
6625-FLENO,58,Two year,No,20.75,0.5,🟢 Low risk
7706-YLMQA,70,One year,No,19.7,0.5,🟢 Low risk
6582-PLFUU,51,Two year,No,19.55,0.5,🟢 Low risk
1167-OYZJF,67,Two year,No,20.05,0.5,🟢 Low risk
7503-EPSZW,64,Two year,No,24.05,0.5,🟢 Low risk
4785-FCIFB,61,Two year,No,24.4,0.5,🟢 Low risk
1574-DYCWE,51,Two year,No,19.95,0.5,🟢 Low risk
7722-VJRQD,72,Two year,DSL,60.95,0.5,🟢 Low risk
1813-JLKWR,64,One year,No,19.8,0.5,🟢 Low risk
3580-GICBM,61,Two year,No,24.2,0.5,🟢 Low risk
7167-PCEYD,67,Two year,No,19.8,0.5,🟢 Low risk
6340-DACFT,50,Two year,No,20.55,0.5,🟢 Low risk
2207-RYYRL,52,Two year,No,24.55,0.5,🟢 Low risk
0848-SOMKO,70,Two year,DSL,48.4,0.5,🟢 Low risk
3970-XGJDU,62,Two year,No,19.2,0.5,🟢 Low risk
2799-TSLAG,65,Two year,No,25.3,0.5,🟢 Low risk
3646-ITDGM,56,Two year,No,19.7,0.5,🟢 Low risk
8395-ETZKQ,68,One year,No,19.5,0.5,🟢 Low risk
3148-AOIQT,69,Two year,No,24.95,0.5,🟢 Low risk
7941-RCJOW,65,Two year,No,19.55,0.5,🟢 Low risk
6614-YWYSC,61,Two year,No,25.0,0.5,🟢 Low risk
4990-ALDGW,57,Two year,No,20.75,0.5,🟢 Low risk
0769-MURVM,72,Two year,DSL,65.7,0.5,🟢 Low risk
7293-LSCDV,60,Two year,No,19.25,0.5,🟢 Low risk
0281-CNTZX,63,Two year,No,19.95,0.5,🟢 Low risk
9220-CXRSC,69,Two year,DSL,61.4,0.5,🟢 Low risk
9084-OAYKL,58,Two year,No,20.8,0.5,🟢 Low risk
7493-GVFIO,57,Two year,No,20.55,0.5,🟢 Low risk
1468-DEFNC,64,Two year,No,24.4,0.5,🟢 Low risk
7599-NTMDP,62,Two year,DSL,48.7,0.5,🟢 Low risk
4458-KVRBJ,59,Two year,No,25.0,0.5,🟢 Low risk
3088-FVYWK,53,Two year,No,25.55,0.5,🟢 Low risk
0774-RMNUW,71,Two year,DSL,59.7,0.5,🟢 Low risk
7399-QHBJS,72,Two year,DSL,66.75,0.5,🟢 Low risk
3635-QQRQD,62,Two year,No,20.05,0.5,🟢 Low risk
3454-JFUBC,68,Two year,No,20.0,0.5,🟢 Low risk
2314-TNDJQ,72,Two year,DSL,55.65,0.4,🟢 Low risk
0626-QXNGV,72,Two year,No,24.15,0.4,🟢 Low risk
8129-GMVGI,56,Two year,No,20.05,0.4,🟢 Low risk
6734-JDTTV,65,Two year,No,19.85,0.4,🟢 Low risk
8857-CUPFQ,63,Two year,No,19.25,0.4,🟢 Low risk
9337-SRRNI,66,Two year,No,25.3,0.4,🟢 Low risk
2253-KPMNB,69,Two year,DSL,46.25,0.4,🟢 Low risk
2346-LOCWC,58,Two year,No,20.5,0.4,🟢 Low risk
3913-RDSJZ,64,Two year,No,25.55,0.4,🟢 Low risk
8380-MQINP,55,Two year,No,20.3,0.4,🟢 Low risk
2075-PUEPR,55,Two year,No,19.35,0.4,🟢 Low risk
1241-EZFMJ,61,Two year,No,25.45,0.4,🟢 Low risk
1399-OUPJN,57,Two year,No,19.75,0.4,🟢 Low risk
8727-JQFHV,57,Two year,No,20.75,0.4,🟢 Low risk
1705-GUHPV,63,Two year,No,24.2,0.4,🟢 Low risk
1460-UZPRJ,60,Two year,No,19.95,0.4,🟢 Low risk
7643-RCHXS,63,Two year,No,19.35,0.4,🟢 Low risk
1926-QUZNN,72,Two year,No,25.25,0.4,🟢 Low risk
3967-VQOGC,67,Two year,No,24.9,0.4,🟢 Low risk
8544-JNBOX,72,Two year,No,20.8,0.4,🟢 Low risk
8882-TLVRW,69,Two year,DSL,39.1,0.4,🟢 Low risk
3612-YVGSJ,71,Two year,No,24.45,0.4,🟢 Low risk
3498-LZGQZ,63,Two year,No,19.15,0.4,🟢 Low risk
7729-XBTWX,66,Two year,No,19.75,0.4,🟢 Low risk
8711-LOBKY,59,Two year,No,19.85,0.4,🟢 Low risk
4176-RELJR,67,Two year,No,25.1,0.4,🟢 Low risk
8514-VZHEB,59,Two year,No,19.5,0.4,🟢 Low risk
9500-WBGRP,69,Two year,No,19.1,0.4,🟢 Low risk
7558-IMLMT,67,Two year,No,20.8,0.4,🟢 Low risk
6370-ZVHDV,61,Two year,No,25.3,0.4,🟢 Low risk
5793-YOLJN,55,Two year,No,21.0,0.4,🟢 Low risk
5406-KGRMX,71,Two year,No,24.55,0.4,🟢 Low risk
3836-FZSDJ,71,Two year,No,24.85,0.4,🟢 Low risk
1814-WFGVS,72,Two year,DSL,48.9,0.4,🟢 Low risk
2961-VNFKL,71,Two year,No,25.95,0.4,🟢 Low risk
6892-BOGQE,71,Two year,No,20.9,0.4,🟢 Low risk
9964-WBQDJ,71,Two year,No,24.4,0.4,🟢 Low risk
6134-KWTBV,62,Two year,No,23.4,0.4,🟢 Low risk
6917-FIJHC,72,Two year,No,26.0,0.4,🟢 Low risk
9764-REAFF,59,Two year,No,18.4,0.4,🟢 Low risk
3973-SKMLN,71,Two year,No,19.9,0.4,🟢 Low risk
8164-OCKUJ,59,Two year,No,20.6,0.4,🟢 Low risk
7114-AEOZE,60,Two year,No,19.85,0.4,🟢 Low risk
2560-WBWXF,68,Two year,No,24.15,0.4,🟢 Low risk
7480-SPLEF,69,Two year,No,26.0,0.4,🟢 Low risk
1767-CJKBA,66,Two year,No,25.1,0.4,🟢 Low risk
3027-YNWZU,64,Two year,No,25.0,0.4,🟢 Low risk
1098-KFQEC,55,Two year,No,19.4,0.4,🟢 Low risk
5220-AGAAX,68,Two year,No,24.0,0.4,🟢 Low risk
2097-YVPKN,65,Two year,No,25.75,0.4,🟢 Low risk
0603-TPMIB,59,Two year,No,25.45,0.4,🟢 Low risk
5115-SQAAU,69,Two year,No,25.6,0.4,🟢 Low risk
2525-GVKQU,60,Two year,No,20.6,0.4,🟢 Low risk
3511-BFTJW,72,Two year,DSL,38.5,0.4,🟢 Low risk
4565-NLZBV,71,Two year,No,24.65,0.4,🟢 Low risk
9953-ZMKSM,63,Two year,No,25.25,0.4,🟢 Low risk
0704-VCUMB,61,Two year,No,20.25,0.4,🟢 Low risk
7008-LZVOZ,66,Two year,No,25.3,0.4,🟢 Low risk
3308-DGHKL,69,Two year,No,19.3,0.4,🟢 Low risk
5656-JAMLX,62,Two year,No,19.85,0.4,🟢 Low risk
5982-XMDEX,65,Two year,No,26.5,0.4,🟢 Low risk
4534-WGCIR,58,Two year,No,25.15,0.4,🟢 Low risk
8755-OGKNA,57,Two year,No,19.5,0.4,🟢 Low risk
2569-WGERO,72,Two year,No,21.15,0.4,🟢 Low risk
0040-HALCW,54,Two year,No,20.4,0.4,🟢 Low risk
5567-GZKQY,58,Two year,No,20.3,0.4,🟢 Low risk
2632-TACXW,62,Two year,No,23.65,0.4,🟢 Low risk
7014-ZZXAW,71,Two year,No,24.25,0.4,🟢 Low risk
9972-EWRJS,67,Two year,No,19.25,0.4,🟢 Low risk
8464-EETCQ,57,Two year,No,18.8,0.4,🟢 Low risk
2400-FEQME,55,Two year,No,20.5,0.4,🟢 Low risk
9135-HSWOC,64,Two year,No,19.7,0.4,🟢 Low risk
6734-PSBAW,72,Two year,No,23.55,0.4,🟢 Low risk
5296-PSYVW,72,Two year,No,24.55,0.4,🟢 Low risk
4979-HPRFL,56,Two year,No,24.15,0.4,🟢 Low risk
3777-XROBG,58,Two year,No,19.55,0.3,🟢 Low risk
2169-RRLFW,71,Two year,No,25.6,0.3,🟢 Low risk
7717-BICXI,60,Two year,No,20.55,0.3,🟢 Low risk
8735-SDUFN,72,Two year,No,24.3,0.3,🟢 Low risk
2696-RZVZW,68,Two year,No,25.05,0.3,🟢 Low risk
2718-YSKCS,71,Two year,No,19.6,0.3,🟢 Low risk
5743-KHMNA,71,Two year,No,25.55,0.3,🟢 Low risk
1302-TPUBN,66,Two year,No,19.35,0.3,🟢 Low risk
8946-BFWSG,63,Two year,No,25.25,0.3,🟢 Low risk
2509-TFPJU,72,Two year,No,25.75,0.3,🟢 Low risk
6651-RLGGM,67,Two year,No,26.3,0.3,🟢 Low risk
2072-ZVJJX,68,Two year,No,25.25,0.3,🟢 Low risk
2626-VEEWG,67,Two year,No,19.4,0.3,🟢 Low risk
1830-IPXVJ,61,Two year,No,19.75,0.3,🟢 Low risk
7096-ZNBZI,72,Two year,No,26.45,0.3,🟢 Low risk
7606-BPHHN,72,Two year,No,19.8,0.3,🟢 Low risk
6060-QBMGV,70,Two year,No,19.85,0.3,🟢 Low risk
3507-GASNP,60,Two year,No,19.95,0.3,🟢 Low risk
6857-TKDJV,67,Two year,No,24.65,0.3,🟢 Low risk
4312-KFRXN,72,Two year,No,25.4,0.3,🟢 Low risk
7268-WNTCP,62,Two year,No,20.45,0.3,🟢 Low risk
2236-HILPA,62,Two year,No,20.65,0.3,🟢 Low risk
8043-PNYSD,63,Two year,No,19.55,0.3,🟢 Low risk
2804-ETQDK,66,Two year,No,20.55,0.3,🟢 Low risk
4656-CAURT,69,Two year,No,23.95,0.3,🟢 Low risk
7515-LODFU,69,Two year,No,20.3,0.3,🟢 Low risk
6484-LATFU,68,Two year,No,24.55,0.3,🟢 Low risk
0613-WUXUM,70,Two year,No,19.2,0.3,🟢 Low risk
9625-RZFUK,63,Two year,No,19.7,0.3,🟢 Low risk
6585-WCEWR,72,Two year,No,20.35,0.3,🟢 Low risk
0505-SPOOW,70,Two year,No,19.8,0.3,🟢 Low risk
0795-XCCTE,72,Two year,No,25.4,0.3,🟢 Low risk
6485-QXWWE,62,Two year,No,26.0,0.3,🟢 Low risk
8092-NLTGF,72,Two year,No,24.75,0.3,🟢 Low risk
1293-BSEUN,72,Two year,No,20.7,0.3,🟢 Low risk
4589-IUAJB,70,Two year,No,24.25,0.3,🟢 Low risk
7969-FFOWG,65,Two year,No,19.9,0.3,🟢 Low risk
6855-VLGOS,72,Two year,No,20.55,0.3,🟢 Low risk
3774-VBNXY,64,Two year,No,20.2,0.3,🟢 Low risk
5730-DBDSI,66,Two year,No,19.7,0.3,🟢 Low risk
3696-DFHHB,68,Two year,No,25.5,0.3,🟢 Low risk
6621-NRZAK,63,Two year,No,20.0,0.3,🟢 Low risk
8774-GSBUN,72,Two year,No,25.4,0.3,🟢 Low risk
5854-KSRBJ,70,Two year,No,25.4,0.3,🟢 Low risk
1131-QQZEB,71,Two year,No,23.95,0.3,🟢 Low risk
8747-UDCOI,65,Two year,No,19.35,0.3,🟢 Low risk
3768-VHXQO,67,Two year,No,24.85,0.3,🟢 Low risk
8749-TZYEC,72,Two year,No,24.8,0.3,🟢 Low risk
2146-EGVDT,59,Two year,No,19.3,0.3,🟢 Low risk
8237-ULIXL,72,Two year,No,24.85,0.3,🟢 Low risk
7602-DBTOU,71,Two year,No,19.6,0.3,🟢 Low risk
9574-BOSMD,68,Two year,No,25.4,0.3,🟢 Low risk
6010-DDPPW,70,Two year,No,25.15,0.3,🟢 Low risk
0485-ZBSLN,65,Two year,No,24.75,0.3,🟢 Low risk
5799-JRCZO,63,Two year,No,19.5,0.3,🟢 Low risk
6345-FZOQH,69,Two year,No,19.9,0.3,🟢 Low risk
8347-GDTMP,64,Two year,No,19.45,0.3,🟢 Low risk
0971-QIFJK,69,Two year,No,24.25,0.3,🟢 Low risk
9286-BHDQG,72,Two year,DSL,45.25,0.3,🟢 Low risk
8285-ABVLB,70,Two year,No,19.85,0.3,🟢 Low risk
4707-MAXGU,72,Two year,No,25.85,0.3,🟢 Low risk
5146-YYFRZ,67,Two year,No,19.95,0.3,🟢 Low risk
7157-SMCFK,61,Two year,No,19.75,0.3,🟢 Low risk
6848-HJTXY,64,Two year,No,19.45,0.3,🟢 Low risk
7115-IRDHS,72,Two year,No,24.65,0.3,🟢 Low risk
4821-WQOYN,72,Two year,No,20.1,0.3,🟢 Low risk
1820-DJFPH,72,Two year,No,24.05,0.3,🟢 Low risk
9397-TZSHA,69,Two year,No,24.6,0.3,🟢 Low risk
3274-NSDWE,68,Two year,No,19.6,0.3,🟢 Low risk
4625-XMOYM,72,Two year,No,26.25,0.3,🟢 Low risk
5848-FHRFC,68,Two year,No,20.05,0.3,🟢 Low risk
7064-JHXCE,62,Two year,No,20.05,0.3,🟢 Low risk
8069-RHUXK,67,Two year,DSL,35.7,0.3,🟢 Low risk
4836-WNFNO,72,Two year,No,25.0,0.3,🟢 Low risk
0397-ZXWQF,67,Two year,No,20.5,0.3,🟢 Low risk
5598-IKHQQ,72,Two year,No,25.45,0.3,🟢 Low risk
6024-RUGGH,72,Two year,No,25.2,0.3,🟢 Low risk
7695-PKLCZ,68,Two year,No,20.5,0.3,🟢 Low risk
3457-PQBYH,58,Two year,No,20.3,0.3,🟢 Low risk
9153-BTBVV,71,Two year,No,25.0,0.3,🟢 Low risk
8232-UTFOZ,69,Two year,No,19.95,0.3,🟢 Low risk
2050-ONYDQ,65,Two year,No,26.0,0.3,🟢 Low risk
3118-UHVVQ,68,Two year,No,25.8,0.3,🟢 Low risk
1635-NZATJ,71,Two year,No,25.45,0.3,🟢 Low risk
1945-XISKS,67,Two year,No,19.65,0.3,🟢 Low risk
7225-IILWY,68,Two year,No,25.75,0.3,🟢 Low risk
2616-FLVQC,64,Two year,No,19.55,0.3,🟢 Low risk
8917-SZTTJ,60,Two year,No,19.65,0.3,🟢 Low risk
2007-QVGAW,68,Two year,No,19.35,0.3,🟢 Low risk
3873-WOSBC,67,Two year,No,25.6,0.3,🟢 Low risk
2607-DHDAK,72,Two year,No,19.8,0.3,🟢 Low risk
2181-TIDSV,68,Two year,No,19.95,0.3,🟢 Low risk
0847-HGRML,62,Two year,No,20.0,0.3,🟢 Low risk
4443-EMBNA,71,Two year,No,24.75,0.3,🟢 Low risk
5846-ABOBJ,71,Two year,No,24.45,0.3,🟢 Low risk
1987-AUELQ,71,Two year,No,25.05,0.3,🟢 Low risk
4231-LZUYM,72,Two year,No,25.65,0.3,🟢 Low risk
0962-CQPWQ,62,Two year,No,20.3,0.3,🟢 Low risk
8434-VGEQQ,61,Two year,No,20.55,0.3,🟢 Low risk
8780-IHCRN,63,Two year,No,24.65,0.3,🟢 Low risk
7328-ZJAJO,59,Two year,No,19.5,0.3,🟢 Low risk
5893-KCLGT,72,Two year,No,19.75,0.3,🟢 Low risk
8966-SNIZF,70,Two year,No,19.45,0.3,🟢 Low risk
9430-NKQLY,72,Two year,No,25.1,0.3,🟢 Low risk
7161-DFHUF,71,Two year,No,23.85,0.3,🟢 Low risk
5902-WBLSE,70,Two year,No,20.15,0.3,🟢 Low risk
8229-BUJHX,71,Two year,No,20.5,0.2,🟢 Low risk
7684-XSZIY,72,Two year,No,24.3,0.2,🟢 Low risk
1927-QEWMY,72,Two year,No,20.5,0.2,🟢 Low risk
1166-PQLGG,72,Two year,No,19.55,0.2,🟢 Low risk
6963-KQYQB,70,Two year,No,24.05,0.2,🟢 Low risk
5787-KXGIY,72,Two year,No,19.3,0.2,🟢 Low risk
3261-CQXOL,71,Two year,No,25.45,0.2,🟢 Low risk
3910-MRQOY,72,Two year,No,19.4,0.2,🟢 Low risk
0402-OAMEN,72,Two year,No,24.45,0.2,🟢 Low risk
4817-KEQSP,71,Two year,No,19.85,0.2,🟢 Low risk
0784-ZQJZX,72,Two year,No,19.9,0.2,🟢 Low risk
3996-ZNWYK,71,Two year,No,19.8,0.2,🟢 Low risk
8224-KDLKN,72,Two year,No,25.0,0.2,🟢 Low risk
3642-BYHDO,71,Two year,No,19.9,0.2,🟢 Low risk
0562-HKHML,71,Two year,No,23.9,0.2,🟢 Low risk
1052-QJIBV,71,Two year,No,19.9,0.2,🟢 Low risk
6285-FTQBF,72,Two year,No,25.55,0.2,🟢 Low risk
1764-VUUMT,66,Two year,No,19.95,0.2,🟢 Low risk
0264-CNITK,71,Two year,No,20.1,0.2,🟢 Low risk
1403-GYAFU,70,Two year,No,20.05,0.2,🟢 Low risk
4086-WITJG,71,Two year,No,19.7,0.2,🟢 Low risk
0480-KYJVA,72,Two year,No,24.25,0.2,🟢 Low risk
9537-JALFH,69,Two year,No,19.9,0.2,🟢 Low risk
7673-BQGKU,69,Two year,No,20.15,0.2,🟢 Low risk
2848-YXSMW,72,Two year,No,19.4,0.2,🟢 Low risk
0825-CPPQH,71,Two year,No,19.1,0.2,🟢 Low risk
0394-YONDK,70,Two year,No,25.15,0.2,🟢 Low risk
4195-PNGZS,69,Two year,No,24.45,0.2,🟢 Low risk
6181-AXXYF,72,Two year,No,24.75,0.2,🟢 Low risk
0902-XKXPN,69,Two year,No,20.2,0.2,🟢 Low risk
9800-OUIGR,66,Two year,No,20.0,0.2,🟢 Low risk
7010-BRBUU,72,Two year,No,24.1,0.2,🟢 Low risk
0794-YVSGE,72,Two year,No,20.3,0.2,🟢 Low risk
3279-DYZQM,71,Two year,No,19.45,0.2,🟢 Low risk
2545-LXYVJ,72,Two year,No,20.7,0.2,🟢 Low risk
0404-AHASP,72,Two year,No,19.7,0.2,🟢 Low risk
9365-CSLBQ,71,Two year,No,24.35,0.2,🟢 Low risk
5884-FBCTL,72,Two year,No,25.1,0.2,🟢 Low risk
7876-DNYAP,69,Two year,No,19.8,0.2,🟢 Low risk
3810-PJUHR,70,Two year,No,25.35,0.2,🟢 Low risk
2429-AYKKO,72,Two year,No,19.85,0.2,🟢 Low risk
0640-YJTPY,72,Two year,No,21.0,0.2,🟢 Low risk
0042-RLHYP,69,Two year,No,19.7,0.2,🟢 Low risk
3678-MNGZX,68,Two year,No,19.95,0.2,🟢 Low risk
8165-ZJRNM,72,Two year,No,23.75,0.2,🟢 Low risk
7980-MHFLQ,72,Two year,No,24.9,0.2,🟢 Low risk
5346-BZCHP,69,Two year,No,19.4,0.2,🟢 Low risk
7463-IFMQU,72,Two year,No,20.05,0.2,🟢 Low risk
7083-MIOPC,72,Two year,No,20.25,0.2,🟢 Low risk
6980-IMXXE,69,Two year,No,20.2,0.2,🟢 Low risk
1299-AURJA,70,Two year,No,24.7,0.2,🟢 Low risk
4277-BWBML,72,Two year,No,19.95,0.2,🟢 Low risk
3976-HXHCE,72,Two year,No,19.3,0.2,🟢 Low risk
7711-GQBZC,71,Two year,No,24.7,0.2,🟢 Low risk
3173-WSSUE,71,Two year,No,19.7,0.2,🟢 Low risk
4193-IBKSW,72,Two year,No,24.75,0.2,🟢 Low risk
1555-HAPSU,71,Two year,No,23.9,0.2,🟢 Low risk
4957-SREEC,70,Two year,No,20.35,0.2,🟢 Low risk
0464-WJTKO,72,Two year,No,20.1,0.2,🟢 Low risk
6976-BWGLQ,72,Two year,No,25.2,0.2,🟢 Low risk
0174-QRVVY,71,Two year,No,25.35,0.2,🟢 Low risk
1591-XWLGB,71,Two year,No,19.85,0.2,🟢 Low risk
2984-RGEYA,69,Two year,No,19.75,0.2,🟢 Low risk
8750-QWZAJ,70,Two year,No,19.8,0.2,🟢 Low risk
9838-BFCQT,72,Two year,No,26.1,0.2,🟢 Low risk
0831-JNISG,71,Two year,No,19.8,0.2,🟢 Low risk
6928-ONTRW,72,Two year,No,19.7,0.2,🟢 Low risk
